filename,Social Media Logo,Logo Detection Confidence,Social Media Logo Type,Social Media Post Screenshot,Screenshot Detection Confidence,Social Media Screenshot Type
CNNW_20210110_050000_CNN_Newsroom_Live.frames1fps/000000.jpg,No,.95,N/A,No,.95,N/A
CNNW_20210110_050000_CNN_Newsroom_Live.frames1fps/000001.jpg,No,.95,N/A,No,.95,N/A
CNNW_20210110_050000_CNN_Newsroom_Live.frames1fps/000002.jpg,No,.95,N/A,No,.95,N/A
CNNW_20210110_050000_CNN_Newsroom_Live.frames1fps/000003.jpg,No,.95,N/A,No,.95,N/A
CNNW_20210110_050000_CNN_Newsroom_Live.frames1fps/000004.jpg,No,.95,N/A,No,.95,N/A
CNNW_20210110_050000_CNN_Newsroom_Live.frames1fps/000005.jpg,No,.95,N/A,No,.95,N/A
CNNW_20210110_050000_CNN_Newsroom_Live.frames1fps/000006.jpg,No,.95,N/A,No,.95,N/A
CNNW_20210110_050000_CNN_Newsroom_Live.frames1fps/000007.jpg,No,.95,N/A,No,.95,N/A
CNNW_20210110_050000_CNN_Newsroom_Live.frames1fps/000008.jpg,No,1,N/A,No,1,N/A
CNNW_20210110_050000_CNN_Newsroom_Live.frames1fps/000009.jpg,No,1,N/A,No,1,N/A
CNNW_20210110_050000_CNN_Newsroom_Live.frames1fps/000010.jpg,No,.95,N/A,No,.95,N/A
CNNW_20210110_050000_CNN_Newsroom_Live.frames1fps/000011.jpg,No,.95,N/A,No,.95,N/A
CNNW_20210110_050000_CNN_Newsroom_Live.frames1fps/000012.jpg,No,.95,N/A,No,.95,N/A
CNNW_20210110_050000_CNN_Newsroom_Live.frames1fps/000013.jpg,No,.95,N/A,No,.95,N/A
CNNW_20210110_050000_CNN_Newsroom_Live.frames1fps/000014.jpg,No,.95,N/A,No,.95,N/A
CNNW_20210110_050000_CNN_Newsroom_Live.frames1fps/000015.jpg,No,.95,N/A,No,.95,N/A
CNNW_20210110_050000_CNN_Newsroom_Live.frames1fps/000016.jpg,No,.95,N/A,No,.95,N/A
CNNW_20210110_050000_CNN_Newsroom_Live.frames1fps/000017.jpg,No,.95,N/A,No,.95,N/A
CNNW_20210110_050000_CNN_Newsroom_Live.frames1fps/000018.jpg,No,.98,N/A,No,.98,N/A
CNNW_20210110_050000_CNN_Newsroom_Live.frames1fps/000019.jpg,No,.98,N/A,No,.98,N/A
CNNW_20210110_050000_CNN_Newsroom_Live.frames1fps/000020.jpg,No,.95,N/A,No,.95,N/A
CNNW_20210110_050000_CNN_Newsroom_Live.frames1fps/000021.jpg,No,.95,N/A,No,.95,N/A
CNNW_20210110_050000_CNN_Newsroom_Live.frames1fps/000022.jpg,No,.95,N/A,No,.95,N/A
CNNW_20210110_050000_CNN_Newsroom_Live.frames1fps/000023.jpg,No,.95,N/A,No,.95,N/A
CNNW_20210110_050000_CNN_Newsroom_Live.frames1fps/000024.jpg,No,.95,N/A,No,.95,N/A
CNNW_20210110_050000_CNN_Newsroom_Live.frames1fps/000025.jpg,No,.95,N/A,No,.95,N/A
CNNW_20210110_050000_CNN_Newsroom_Live.frames1fps/000026.jpg,No,.98,N/A,No,.98,N/A
CNNW_20210110_050000_CNN_Newsroom_Live.frames1fps/000027.jpg,No,1,N/A,No,1,N/A
CNNW_20210110_050000_CNN_Newsroom_Live.frames1fps/000028.jpg,No,.95,N/A,No,.95,N/A
CNNW_20210110_050000_CNN_Newsroom_Live.frames1fps/000029.jpg,No,.95,N/A,No,.95,N/A
CNNW_20210110_050000_CNN_Newsroom_Live.frames1fps/000030.jpg,No,.95,N/A,No,.95,N/A
CNNW_20210110_050000_CNN_Newsroom_Live.frames1fps/000031.jpg,No,.95,N/A,No,.95,N/A
CNNW_20210110_050000_CNN_Newsroom_Live.frames1fps/000032.jpg,No,.95,N/A,No,.95,N/A
CNNW_20210110_050000_CNN_Newsroom_Live.frames1fps/000033.jpg,No,.95,N/A,No,.95,N/A
CNNW_20210110_050000_CNN_Newsroom_Live.frames1fps/000034.jpg,No,.95,N/A,No,.95,N/A
CNNW_20210110_050000_CNN_Newsroom_Live.frames1fps/000035.jpg,No,.95,N/A,No,.95,N/A
CNNW_20210110_050000_CNN_Newsroom_Live.frames1fps/000036.jpg,No,.95,N/A,No,.95,N/A
CNNW_20210110_050000_CNN_Newsroom_Live.frames1fps/000037.jpg,No,.95,N/A,No,.95,N/A
CNNW_20210110_050000_CNN_Newsroom_Live.frames1fps/000038.jpg,No,.95,N/A,No,.95,N/A
CNNW_20210110_050000_CNN_Newsroom_Live.frames1fps/000039.jpg,No,.95,N/A,No,.95,N/A
CNNW_20210110_050000_CNN_Newsroom_Live.frames1fps/000040.jpg,No,.95,N/A,No,.95,N/A
CNNW_20210110_050000_CNN_Newsroom_Live.frames1fps/000041.jpg,No,.95,N/A,No,.95,N/A
CNNW_20210110_050000_CNN_Newsroom_Live.frames1fps/000042.jpg,No,.95,N/A,No,.95,N/A
CNNW_20210110_050000_CNN_Newsroom_Live.frames1fps/000043.jpg,No,.98,N/A,No,.98,N/A
CNNW_20210110_050000_CNN_Newsroom_Live.frames1fps/000044.jpg,No,.95,N/A,No,.95,N/A
CNNW_20210110_050000_CNN_Newsroom_Live.frames1fps/000045.jpg,No,.95,N/A,No,.95,N/A
CNNW_20210110_050000_CNN_Newsroom_Live.frames1fps/000046.jpg,No,.95,N/A,No,.95,N/A
CNNW_20210110_050000_CNN_Newsroom_Live.frames1fps/000047.jpg,No,.95,N/A,No,.95,N/A
CNNW_20210110_050000_CNN_Newsroom_Live.frames1fps/000048.jpg,No,.98,N/A,No,.98,N/A
CNNW_20210110_050000_CNN_Newsroom_Live.frames1fps/000049.jpg,No,.95,N/A,No,.95,N/A
CNNW_20210110_050000_CNN_Newsroom_Live.frames1fps/000050.jpg,No,.95,N/A,No,.95,N/A
CNNW_20210110_050000_CNN_Newsroom_Live.frames1fps/000051.jpg,No,.95,N/A,No,.95,N/A
CNNW_20210110_050000_CNN_Newsroom_Live.frames1fps/000052.jpg,No,.95,N/A,No,.95,N/A
CNNW_20210110_050000_CNN_Newsroom_Live.frames1fps/000053.jpg,No,.95,N/A,No,.95,N/A
CNNW_20210110_050000_CNN_Newsroom_Live.frames1fps/000054.jpg,No,.95,N/A,No,.95,N/A
CNNW_20210110_050000_CNN_Newsroom_Live.frames1fps/000055.jpg,No,.95,N/A,No,.95,N/A
CNNW_20210110_050000_CNN_Newsroom_Live.frames1fps/000056.jpg,No,.95,N/A,No,.95,N/A
CNNW_20210110_050000_CNN_Newsroom_Live.frames1fps/000057.jpg,No,.95,N/A,No,.95,N/A
CNNW_20210110_050000_CNN_Newsroom_Live.frames1fps/000058.jpg,No,.95,N/A,No,.95,N/A
CNNW_20210110_050000_CNN_Newsroom_Live.frames1fps/000059.jpg,No,.95,N/A,No,.95,N/A
CNNW_20210110_050000_CNN_Newsroom_Live.frames1fps/000060.jpg,No,.95,N/A,No,.95,N/A
CNNW_20210110_050000_CNN_Newsroom_Live.frames1fps/000061.jpg,No,.95,N/A,No,.95,N/A
CNNW_20210110_050000_CNN_Newsroom_Live.frames1fps/000062.jpg,No,.95,N/A,No,.95,N/A
CNNW_20210110_050000_CNN_Newsroom_Live.frames1fps/000063.jpg,No,.95,N/A,No,.95,N/A
CNNW_20210110_050000_CNN_Newsroom_Live.frames1fps/000064.jpg,No,.95,N/A,No,.95,N/A
CNNW_20210110_050000_CNN_Newsroom_Live.frames1fps/000065.jpg,No,.95,N/A,No,.95,N/A
CNNW_20210110_050000_CNN_Newsroom_Live.frames1fps/000066.jpg,No,1,N/A,No,1,N/A
CNNW_20210110_050000_CNN_Newsroom_Live.frames1fps/000067.jpg,No,.95,N/A,No,.95,N/A
CNNW_20210110_050000_CNN_Newsroom_Live.frames1fps/000068.jpg,No,.95,N/A,No,.95,N/A
CNNW_20210110_050000_CNN_Newsroom_Live.frames1fps/000069.jpg,No,.95,N/A,No,.95,N/A
CNNW_20210110_050000_CNN_Newsroom_Live.frames1fps/000070.jpg,No,.95,N/A,No,.95,N/A
CNNW_20210110_050000_CNN_Newsroom_Live.frames1fps/000071.jpg,No,.95,N/A,No,.95,N/A
CNNW_20210110_050000_CNN_Newsroom_Live.frames1fps/000072.jpg,No,.95,N/A,No,.95,N/A
CNNW_20210110_050000_CNN_Newsroom_Live.frames1fps/000073.jpg,No,1,N/A,No,1,N/A
CNNW_20210110_050000_CNN_Newsroom_Live.frames1fps/000074.jpg,No,.95,N/A,No,.95,N/A
CNNW_20210110_050000_CNN_Newsroom_Live.frames1fps/000075.jpg,No,.95,N/A,No,.95,N/A
CNNW_20210110_050000_CNN_Newsroom_Live.frames1fps/000076.jpg,No,.95,N/A,No,.95,N/A
CNNW_20210110_050000_CNN_Newsroom_Live.frames1fps/000077.jpg,No,.95,N/A,No,.95,N/A
CNNW_20210110_050000_CNN_Newsroom_Live.frames1fps/000078.jpg,No,.95,N/A,No,.95,N/A
CNNW_20210110_050000_CNN_Newsroom_Live.frames1fps/000079.jpg,No,.95,N/A,No,.95,N/A
CNNW_20210110_050000_CNN_Newsroom_Live.frames1fps/000080.jpg,No,.98,N/A,No,.98,N/A
CNNW_20210110_050000_CNN_Newsroom_Live.frames1fps/000081.jpg,No,.95,N/A,No,.95,N/A
CNNW_20210110_050000_CNN_Newsroom_Live.frames1fps/000082.jpg,No,.98,N/A,No,.98,N/A
CNNW_20210110_050000_CNN_Newsroom_Live.frames1fps/000083.jpg,No,.95,N/A,No,.95,N/A
CNNW_20210110_050000_CNN_Newsroom_Live.frames1fps/000084.jpg,No,.98,N/A,No,.98,N/A
CNNW_20210110_050000_CNN_Newsroom_Live.frames1fps/000085.jpg,No,.98,N/A,No,.98,N/A
CNNW_20210110_050000_CNN_Newsroom_Live.frames1fps/000086.jpg,No,.98,N/A,No,.98,N/A
CNNW_20210110_050000_CNN_Newsroom_Live.frames1fps/000087.jpg,No,.98,N/A,No,.98,N/A
CNNW_20210110_050000_CNN_Newsroom_Live.frames1fps/000088.jpg,No,.95,N/A,No,.95,N/A
CNNW_20210110_050000_CNN_Newsroom_Live.frames1fps/000089.jpg,No,.95,N/A,No,.95,N/A
CNNW_20210110_050000_CNN_Newsroom_Live.frames1fps/000090.jpg,No,.95,N/A,No,.95,N/A
CNNW_20210110_050000_CNN_Newsroom_Live.frames1fps/000091.jpg,No,.95,N/A,No,.95,N/A
CNNW_20210110_050000_CNN_Newsroom_Live.frames1fps/000092.jpg,No,.95,N/A,No,.95,N/A
CNNW_20210110_050000_CNN_Newsroom_Live.frames1fps/000093.jpg,No,.98,N/A,No,.98,N/A
CNNW_20210110_050000_CNN_Newsroom_Live.frames1fps/000094.jpg,No,.98,N/A,No,.98,N/A
CNNW_20210110_050000_CNN_Newsroom_Live.frames1fps/000095.jpg,No,.95,N/A,No,.95,N/A
CNNW_20210110_050000_CNN_Newsroom_Live.frames1fps/000096.jpg,No,.95,N/A,No,.95,N/A
CNNW_20210110_050000_CNN_Newsroom_Live.frames1fps/000097.jpg,No,.95,N/A,No,.95,N/A
CNNW_20210110_050000_CNN_Newsroom_Live.frames1fps/000098.jpg,No,.95,N/A,No,.95,N/A
CNNW_20210110_050000_CNN_Newsroom_Live.frames1fps/000099.jpg,No,.95,N/A,No,.95,N/A
CNNW_20210110_050000_CNN_Newsroom_Live.frames1fps/000100.jpg,No,.98,N/A,No,.98,N/A
CNNW_20210110_050000_CNN_Newsroom_Live.frames1fps/000101.jpg,No,.98,N/A,No,.98,N/A
CNNW_20210110_050000_CNN_Newsroom_Live.frames1fps/000102.jpg,No,.95,N/A,No,.95,N/A
CNNW_20210110_050000_CNN_Newsroom_Live.frames1fps/000103.jpg,No,.95,N/A,No,.95,N/A
CNNW_20210110_050000_CNN_Newsroom_Live.frames1fps/000104.jpg,No,.95,N/A,No,.95,N/A
CNNW_20210110_050000_CNN_Newsroom_Live.frames1fps/000105.jpg,No,.95,N/A,No,.95,N/A
CNNW_20210110_050000_CNN_Newsroom_Live.frames1fps/000106.jpg,No,.95,N/A,No,.95,N/A
CNNW_20210110_050000_CNN_Newsroom_Live.frames1fps/000107.jpg,No,.95,N/A,No,.95,N/A
CNNW_20210110_050000_CNN_Newsroom_Live.frames1fps/000108.jpg,No,.95,N/A,No,.95,N/A
CNNW_20210110_050000_CNN_Newsroom_Live.frames1fps/000109.jpg,No,.95,N/A,No,.95,N/A
CNNW_20210110_050000_CNN_Newsroom_Live.frames1fps/000110.jpg,No,.95,N/A,No,.95,N/A
CNNW_20210110_050000_CNN_Newsroom_Live.frames1fps/000111.jpg,No,.95,N/A,No,.95,N/A
CNNW_20210110_050000_CNN_Newsroom_Live.frames1fps/000112.jpg,No,.98,N/A,No,.98,N/A
CNNW_20210110_050000_CNN_Newsroom_Live.frames1fps/000113.jpg,No,1,N/A,No,1,N/A
CNNW_20210110_050000_CNN_Newsroom_Live.frames1fps/000114.jpg,No,.95,N/A,No,.95,N/A
CNNW_20210110_050000_CNN_Newsroom_Live.frames1fps/000115.jpg,No,.95,N/A,No,.95,N/A
CNNW_20210110_050000_CNN_Newsroom_Live.frames1fps/000116.jpg,No,.95,N/A,No,.95,N/A
CNNW_20210110_050000_CNN_Newsroom_Live.frames1fps/000117.jpg,No,.95,N/A,No,.95,N/A
CNNW_20210110_050000_CNN_Newsroom_Live.frames1fps/000118.jpg,No,1,N/A,No,1,N/A
CNNW_20210110_050000_CNN_Newsroom_Live.frames1fps/000119.jpg,No,.98,N/A,No,.98,N/A
CNNW_20210110_050000_CNN_Newsroom_Live.frames1fps/000120.jpg,No,.95,N/A,No,.95,N/A
CNNW_20210110_050000_CNN_Newsroom_Live.frames1fps/000121.jpg,No,.95,N/A,No,.95,N/A
CNNW_20210110_050000_CNN_Newsroom_Live.frames1fps/000122.jpg,No,.95,N/A,No,.95,N/A
CNNW_20210110_050000_CNN_Newsroom_Live.frames1fps/000123.jpg,No,.95,N/A,No,.95,N/A
CNNW_20210110_050000_CNN_Newsroom_Live.frames1fps/000124.jpg,No,.95,N/A,No,.95,N/A
CNNW_20210110_050000_CNN_Newsroom_Live.frames1fps/000125.jpg,No,.95,N/A,No,.95,N/A
CNNW_20210110_050000_CNN_Newsroom_Live.frames1fps/000126.jpg,No,.95,N/A,No,.95,N/A
CNNW_20210110_050000_CNN_Newsroom_Live.frames1fps/000127.jpg,No,.95,N/A,No,.95,N/A
CNNW_20210110_050000_CNN_Newsroom_Live.frames1fps/000128.jpg,No,.95,N/A,No,.95,N/A
CNNW_20210110_050000_CNN_Newsroom_Live.frames1fps/000129.jpg,No,.95,N/A,No,.95,N/A
CNNW_20210110_050000_CNN_Newsroom_Live.frames1fps/000130.jpg,No,.95,N/A,No,.95,N/A
CNNW_20210110_050000_CNN_Newsroom_Live.frames1fps/000131.jpg,No,.95,N/A,No,.95,N/A
CNNW_20210110_050000_CNN_Newsroom_Live.frames1fps/000132.jpg,No,.95,N/A,No,.95,N/A
CNNW_20210110_050000_CNN_Newsroom_Live.frames1fps/000133.jpg,No,.95,N/A,No,.95,N/A
CNNW_20210110_050000_CNN_Newsroom_Live.frames1fps/000134.jpg,No,.95,N/A,No,.95,N/A
CNNW_20210110_050000_CNN_Newsroom_Live.frames1fps/000135.jpg,No,.95,N/A,No,.95,N/A
CNNW_20210110_050000_CNN_Newsroom_Live.frames1fps/000136.jpg,No,.95,N/A,No,.95,N/A
CNNW_20210110_050000_CNN_Newsroom_Live.frames1fps/000137.jpg,No,.95,N/A,No,.95,N/A
CNNW_20210110_050000_CNN_Newsroom_Live.frames1fps/000138.jpg,No,.95,N/A,No,.95,N/A
CNNW_20210110_050000_CNN_Newsroom_Live.frames1fps/000139.jpg,No,.95,N/A,No,.95,N/A
CNNW_20210110_050000_CNN_Newsroom_Live.frames1fps/000140.jpg,No,.95,N/A,No,.95,N/A
CNNW_20210110_050000_CNN_Newsroom_Live.frames1fps/000141.jpg,No,.95,N/A,No,.95,N/A
CNNW_20210110_050000_CNN_Newsroom_Live.frames1fps/000142.jpg,No,.95,N/A,No,.95,N/A
CNNW_20210110_050000_CNN_Newsroom_Live.frames1fps/000143.jpg,No,.95,N/A,No,.95,N/A
CNNW_20210110_050000_CNN_Newsroom_Live.frames1fps/000144.jpg,No,.95,N/A,No,.95,N/A
CNNW_20210110_050000_CNN_Newsroom_Live.frames1fps/000145.jpg,No,.95,N/A,No,.95,N/A
CNNW_20210110_050000_CNN_Newsroom_Live.frames1fps/000146.jpg,No,.95,N/A,No,.95,N/A
CNNW_20210110_050000_CNN_Newsroom_Live.frames1fps/000147.jpg,No,.95,N/A,No,.95,N/A
CNNW_20210110_050000_CNN_Newsroom_Live.frames1fps/000148.jpg,No,.95,N/A,No,.95,N/A
CNNW_20210110_050000_CNN_Newsroom_Live.frames1fps/000149.jpg,No,.95,N/A,No,.95,N/A
CNNW_20210110_050000_CNN_Newsroom_Live.frames1fps/000150.jpg,No,.95,N/A,No,.95,N/A
CNNW_20210110_050000_CNN_Newsroom_Live.frames1fps/000151.jpg,No,.95,N/A,No,.95,N/A
CNNW_20210110_050000_CNN_Newsroom_Live.frames1fps/000152.jpg,No,.95,N/A,No,.95,N/A
CNNW_20210110_050000_CNN_Newsroom_Live.frames1fps/000153.jpg,No,.95,N/A,No,.95,N/A
CNNW_20210110_050000_CNN_Newsroom_Live.frames1fps/000154.jpg,No,.95,N/A,No,.95,N/A
CNNW_20210110_050000_CNN_Newsroom_Live.frames1fps/000155.jpg,No,.95,N/A,No,.95,N/A
CNNW_20210110_050000_CNN_Newsroom_Live.frames1fps/000156.jpg,No,.95,N/A,No,.95,N/A
CNNW_20210110_050000_CNN_Newsroom_Live.frames1fps/000157.jpg,No,.95,N/A,No,.95,N/A
CNNW_20210110_050000_CNN_Newsroom_Live.frames1fps/000158.jpg,No,.95,N/A,No,.95,N/A
CNNW_20210110_050000_CNN_Newsroom_Live.frames1fps/000159.jpg,No,.95,N/A,No,.95,N/A
CNNW_20210110_050000_CNN_Newsroom_Live.frames1fps/000160.jpg,No,.95,N/A,No,.95,N/A
CNNW_20210110_050000_CNN_Newsroom_Live.frames1fps/000161.jpg,No,.95,N/A,No,.95,N/A
CNNW_20210110_050000_CNN_Newsroom_Live.frames1fps/000162.jpg,No,.95,N/A,No,.95,N/A
CNNW_20210110_050000_CNN_Newsroom_Live.frames1fps/000163.jpg,No,.95,N/A,No,.95,N/A
CNNW_20210110_050000_CNN_Newsroom_Live.frames1fps/000164.jpg,No,.95,N/A,No,.95,N/A
CNNW_20210110_050000_CNN_Newsroom_Live.frames1fps/000165.jpg,No,.95,N/A,No,.95,N/A
CNNW_20210110_050000_CNN_Newsroom_Live.frames1fps/000166.jpg,No,.95,N/A,No,.95,N/A
CNNW_20210110_050000_CNN_Newsroom_Live.frames1fps/000167.jpg,No,.95,N/A,No,.95,N/A
CNNW_20210110_050000_CNN_Newsroom_Live.frames1fps/000168.jpg,No,.95,N/A,No,.95,N/A
CNNW_20210110_050000_CNN_Newsroom_Live.frames1fps/000169.jpg,No,.95,N/A,No,.95,N/A
CNNW_20210110_050000_CNN_Newsroom_Live.frames1fps/000170.jpg,No,.95,N/A,No,.95,N/A
CNNW_20210110_050000_CNN_Newsroom_Live.frames1fps/000171.jpg,No,.95,N/A,No,.95,N/A
CNNW_20210110_050000_CNN_Newsroom_Live.frames1fps/000172.jpg,No,.95,N/A,No,.95,N/A
CNNW_20210110_050000_CNN_Newsroom_Live.frames1fps/000173.jpg,No,.95,N/A,No,.95,N/A
CNNW_20210110_050000_CNN_Newsroom_Live.frames1fps/000174.jpg,No,.95,N/A,No,.95,N/A
CNNW_20210110_050000_CNN_Newsroom_Live.frames1fps/000175.jpg,No,.95,N/A,No,.95,N/A
CNNW_20210110_050000_CNN_Newsroom_Live.frames1fps/000176.jpg,No,.95,N/A,No,.95,N/A
CNNW_20210110_050000_CNN_Newsroom_Live.frames1fps/000177.jpg,No,.95,N/A,No,.95,N/A
CNNW_20210110_050000_CNN_Newsroom_Live.frames1fps/000178.jpg,No,.95,N/A,No,.95,N/A
CNNW_20210110_050000_CNN_Newsroom_Live.frames1fps/000179.jpg,No,.95,N/A,No,.95,N/A
CNNW_20210110_050000_CNN_Newsroom_Live.frames1fps/000180.jpg,No,.95,N/A,No,.95,N/A
CNNW_20210110_050000_CNN_Newsroom_Live.frames1fps/000181.jpg,No,.95,N/A,No,.95,N/A
CNNW_20210110_050000_CNN_Newsroom_Live.frames1fps/000182.jpg,No,.95,N/A,No,.95,N/A
CNNW_20210110_050000_CNN_Newsroom_Live.frames1fps/000183.jpg,No,.95,N/A,No,.95,N/A
CNNW_20210110_050000_CNN_Newsroom_Live.frames1fps/000184.jpg,No,.95,N/A,No,.95,N/A
CNNW_20210110_050000_CNN_Newsroom_Live.frames1fps/000185.jpg,No,.95,N/A,No,.95,N/A
CNNW_20210110_050000_CNN_Newsroom_Live.frames1fps/000186.jpg,No,.95,N/A,No,.95,N/A
CNNW_20210110_050000_CNN_Newsroom_Live.frames1fps/000187.jpg,No,.95,N/A,No,.95,N/A
CNNW_20210110_050000_CNN_Newsroom_Live.frames1fps/000188.jpg,No,.95,N/A,No,.95,N/A
CNNW_20210110_050000_CNN_Newsroom_Live.frames1fps/000189.jpg,No,.95,N/A,No,.95,N/A
CNNW_20210110_050000_CNN_Newsroom_Live.frames1fps/000190.jpg,No,.95,N/A,No,.95,N/A
CNNW_20210110_050000_CNN_Newsroom_Live.frames1fps/000191.jpg,No,.95,N/A,No,.95,N/A
CNNW_20210110_050000_CNN_Newsroom_Live.frames1fps/000192.jpg,No,.95,N/A,No,.95,N/A
CNNW_20210110_050000_CNN_Newsroom_Live.frames1fps/000193.jpg,No,.95,N/A,No,.95,N/A
CNNW_20210110_050000_CNN_Newsroom_Live.frames1fps/000194.jpg,No,.95,N/A,No,.95,N/A
CNNW_20210110_050000_CNN_Newsroom_Live.frames1fps/000195.jpg,No,.95,N/A,No,.95,N/A
CNNW_20210110_050000_CNN_Newsroom_Live.frames1fps/000196.jpg,No,.95,N/A,No,.95,N/A
CNNW_20210110_050000_CNN_Newsroom_Live.frames1fps/000197.jpg,No,.95,N/A,No,.95,N/A
CNNW_20210110_050000_CNN_Newsroom_Live.frames1fps/000198.jpg,No,.95,N/A,No,.95,N/A
CNNW_20210110_050000_CNN_Newsroom_Live.frames1fps/000199.jpg,No,.95,N/A,No,.95,N/A
CNNW_20210110_050000_CNN_Newsroom_Live.frames1fps/000200.jpg,No,.95,N/A,No,.95,N/A
CNNW_20210110_050000_CNN_Newsroom_Live.frames1fps/000201.jpg,No,.95,N/A,No,.95,N/A
CNNW_20210110_050000_CNN_Newsroom_Live.frames1fps/000202.jpg,No,.95,N/A,No,.95,N/A
CNNW_20210110_050000_CNN_Newsroom_Live.frames1fps/000203.jpg,No,.95,N/A,No,.95,N/A
CNNW_20210110_050000_CNN_Newsroom_Live.frames1fps/000204.jpg,No,.95,N/A,No,.95,N/A
CNNW_20210110_050000_CNN_Newsroom_Live.frames1fps/000205.jpg,No,.95,N/A,No,.95,N/A
CNNW_20210110_050000_CNN_Newsroom_Live.frames1fps/000206.jpg,No,.95,N/A,No,.95,N/A
CNNW_20210110_050000_CNN_Newsroom_Live.frames1fps/000207.jpg,No,.95,N/A,No,.95,N/A
CNNW_20210110_050000_CNN_Newsroom_Live.frames1fps/000208.jpg,No,.95,N/A,No,.95,N/A
CNNW_20210110_050000_CNN_Newsroom_Live.frames1fps/000209.jpg,No,.95,N/A,No,.95,N/A
CNNW_20210110_050000_CNN_Newsroom_Live.frames1fps/000210.jpg,No,.95,N/A,No,.95,N/A
CNNW_20210110_050000_CNN_Newsroom_Live.frames1fps/000211.jpg,No,.95,N/A,No,.95,N/A
CNNW_20210110_050000_CNN_Newsroom_Live.frames1fps/000212.jpg,No,.95,N/A,No,.95,N/A
CNNW_20210110_050000_CNN_Newsroom_Live.frames1fps/000213.jpg,No,.95,N/A,No,.95,N/A
CNNW_20210110_050000_CNN_Newsroom_Live.frames1fps/000214.jpg,No,.95,N/A,No,.95,N/A
CNNW_20210110_050000_CNN_Newsroom_Live.frames1fps/000215.jpg,No,.95,N/A,No,.95,N/A
CNNW_20210110_050000_CNN_Newsroom_Live.frames1fps/000216.jpg,No,.95,N/A,No,.95,N/A
CNNW_20210110_050000_CNN_Newsroom_Live.frames1fps/000217.jpg,No,.95,N/A,No,.95,N/A
CNNW_20210110_050000_CNN_Newsroom_Live.frames1fps/000218.jpg,No,.95,N/A,No,.95,N/A
CNNW_20210110_050000_CNN_Newsroom_Live.frames1fps/000219.jpg,No,.95,N/A,No,.95,N/A
CNNW_20210110_050000_CNN_Newsroom_Live.frames1fps/000220.jpg,No,.95,N/A,No,.95,N/A
CNNW_20210110_050000_CNN_Newsroom_Live.frames1fps/000221.jpg,No,.95,N/A,No,.95,N/A
CNNW_20210110_050000_CNN_Newsroom_Live.frames1fps/000222.jpg,No,.95,N/A,No,.95,N/A
CNNW_20210110_050000_CNN_Newsroom_Live.frames1fps/000223.jpg,No,.95,N/A,No,.95,N/A
CNNW_20210110_050000_CNN_Newsroom_Live.frames1fps/000224.jpg,No,.95,N/A,No,.95,N/A
CNNW_20210110_050000_CNN_Newsroom_Live.frames1fps/000225.jpg,No,.95,N/A,No,.95,N/A
CNNW_20210110_050000_CNN_Newsroom_Live.frames1fps/000226.jpg,No,.95,N/A,No,.95,N/A
CNNW_20210110_050000_CNN_Newsroom_Live.frames1fps/000227.jpg,No,.95,N/A,No,.95,N/A
CNNW_20210110_050000_CNN_Newsroom_Live.frames1fps/000228.jpg,No,.95,N/A,No,.95,N/A
CNNW_20210110_050000_CNN_Newsroom_Live.frames1fps/000229.jpg,No,.95,N/A,No,.95,N/A
CNNW_20210110_050000_CNN_Newsroom_Live.frames1fps/000230.jpg,No,.95,N/A,No,.95,N/A
CNNW_20210110_050000_CNN_Newsroom_Live.frames1fps/000231.jpg,No,.95,N/A,No,.95,N/A
CNNW_20210110_050000_CNN_Newsroom_Live.frames1fps/000232.jpg,No,.95,N/A,No,.95,N/A
CNNW_20210110_050000_CNN_Newsroom_Live.frames1fps/000233.jpg,No,.95,N/A,No,.95,N/A
CNNW_20210110_050000_CNN_Newsroom_Live.frames1fps/000234.jpg,No,.95,N/A,No,.95,N/A
CNNW_20210110_050000_CNN_Newsroom_Live.frames1fps/000235.jpg,No,.95,N/A,No,.95,N/A
CNNW_20210110_050000_CNN_Newsroom_Live.frames1fps/000236.jpg,No,.95,N/A,No,.95,N/A
CNNW_20210110_050000_CNN_Newsroom_Live.frames1fps/000237.jpg,No,.95,N/A,No,.95,N/A
CNNW_20210110_050000_CNN_Newsroom_Live.frames1fps/000238.jpg,No,.95,N/A,No,.95,N/A
CNNW_20210110_050000_CNN_Newsroom_Live.frames1fps/000239.jpg,No,.95,N/A,No,.95,N/A
CNNW_20210110_050000_CNN_Newsroom_Live.frames1fps/000240.jpg,No,.95,N/A,No,.95,N/A
CNNW_20210110_050000_CNN_Newsroom_Live.frames1fps/000241.jpg,No,.95,N/A,No,.95,N/A
CNNW_20210110_050000_CNN_Newsroom_Live.frames1fps/000242.jpg,No,.95,N/A,No,.95,N/A
CNNW_20210110_050000_CNN_Newsroom_Live.frames1fps/000243.jpg,No,.95,N/A,No,.95,N/A
CNNW_20210110_050000_CNN_Newsroom_Live.frames1fps/000244.jpg,No,.95,N/A,No,.95,N/A
CNNW_20210110_050000_CNN_Newsroom_Live.frames1fps/000245.jpg,No,.95,N/A,No,.95,N/A
CNNW_20210110_050000_CNN_Newsroom_Live.frames1fps/000246.jpg,No,.95,N/A,No,.95,N/A
CNNW_20210110_050000_CNN_Newsroom_Live.frames1fps/000247.jpg,No,.95,N/A,No,.95,N/A
CNNW_20210110_050000_CNN_Newsroom_Live.frames1fps/000248.jpg,No,.95,N/A,No,.95,N/A
CNNW_20210110_050000_CNN_Newsroom_Live.frames1fps/000249.jpg,No,.95,N/A,No,.95,N/A
CNNW_20210110_050000_CNN_Newsroom_Live.frames1fps/000250.jpg,No,.95,N/A,No,.95,N/A
CNNW_20210110_050000_CNN_Newsroom_Live.frames1fps/000251.jpg,No,.95,N/A,No,.95,N/A
CNNW_20210110_050000_CNN_Newsroom_Live.frames1fps/000252.jpg,No,.95,N/A,No,.95,N/A
CNNW_20210110_050000_CNN_Newsroom_Live.frames1fps/000253.jpg,No,.95,N/A,No,.95,N/A
CNNW_20210110_050000_CNN_Newsroom_Live.frames1fps/000254.jpg,No,.95,N/A,No,.95,N/A
CNNW_20210110_050000_CNN_Newsroom_Live.frames1fps/000255.jpg,No,.95,N/A,No,.95,N/A
CNNW_20210110_050000_CNN_Newsroom_Live.frames1fps/000256.jpg,No,.95,N/A,No,.95,N/A
CNNW_20210110_050000_CNN_Newsroom_Live.frames1fps/000257.jpg,No,.95,N/A,No,.95,N/A
CNNW_20210110_050000_CNN_Newsroom_Live.frames1fps/000258.jpg,No,.95,N/A,No,.95,N/A
CNNW_20210110_050000_CNN_Newsroom_Live.frames1fps/000259.jpg,No,.95,N/A,No,.95,N/A
CNNW_20210110_050000_CNN_Newsroom_Live.frames1fps/000260.jpg,No,.95,N/A,No,.95,N/A
CNNW_20210110_050000_CNN_Newsroom_Live.frames1fps/000261.jpg,No,.95,N/A,No,.95,N/A
CNNW_20210110_050000_CNN_Newsroom_Live.frames1fps/000262.jpg,No,.95,N/A,No,.95,N/A
CNNW_20210110_050000_CNN_Newsroom_Live.frames1fps/000263.jpg,No,.95,N/A,No,.95,N/A
CNNW_20210110_050000_CNN_Newsroom_Live.frames1fps/000264.jpg,No,.95,N/A,No,.95,N/A
CNNW_20210110_050000_CNN_Newsroom_Live.frames1fps/000265.jpg,No,.95,N/A,No,.95,N/A
CNNW_20210110_050000_CNN_Newsroom_Live.frames1fps/000266.jpg,No,.95,N/A,No,.95,N/A
CNNW_20210110_050000_CNN_Newsroom_Live.frames1fps/000267.jpg,No,.95,N/A,No,.95,N/A
CNNW_20210110_050000_CNN_Newsroom_Live.frames1fps/000268.jpg,No,.95,N/A,No,.95,N/A
CNNW_20210110_050000_CNN_Newsroom_Live.frames1fps/000269.jpg,No,.95,N/A,No,.95,N/A
CNNW_20210110_050000_CNN_Newsroom_Live.frames1fps/000270.jpg,No,.95,N/A,No,.95,N/A
CNNW_20210110_050000_CNN_Newsroom_Live.frames1fps/000271.jpg,No,.95,N/A,No,.95,N/A
CNNW_20210110_050000_CNN_Newsroom_Live.frames1fps/000272.jpg,No,.95,N/A,No,.95,N/A
CNNW_20210110_050000_CNN_Newsroom_Live.frames1fps/000273.jpg,No,.95,N/A,No,.95,N/A
CNNW_20210110_050000_CNN_Newsroom_Live.frames1fps/000274.jpg,No,.95,N/A,No,.95,N/A
CNNW_20210110_050000_CNN_Newsroom_Live.frames1fps/000275.jpg,No,.95,N/A,No,.95,N/A
CNNW_20210110_050000_CNN_Newsroom_Live.frames1fps/000276.jpg,No,.95,N/A,No,.95,N/A
CNNW_20210110_050000_CNN_Newsroom_Live.frames1fps/000277.jpg,No,.95,N/A,No,.95,N/A
CNNW_20210110_050000_CNN_Newsroom_Live.frames1fps/000278.jpg,No,.95,N/A,No,.95,N/A
CNNW_20210110_050000_CNN_Newsroom_Live.frames1fps/000279.jpg,No,.95,N/A,No,.95,N/A
CNNW_20210110_050000_CNN_Newsroom_Live.frames1fps/000280.jpg,No,.95,N/A,No,.95,N/A
CNNW_20210110_050000_CNN_Newsroom_Live.frames1fps/000281.jpg,No,.95,N/A,No,.95,N/A
CNNW_20210110_050000_CNN_Newsroom_Live.frames1fps/000282.jpg,No,.95,N/A,No,.95,N/A
CNNW_20210110_050000_CNN_Newsroom_Live.frames1fps/000283.jpg,No,.95,N/A,No,.95,N/A
CNNW_20210110_050000_CNN_Newsroom_Live.frames1fps/000284.jpg,No,.95,N/A,No,.95,N/A
CNNW_20210110_050000_CNN_Newsroom_Live.frames1fps/000285.jpg,No,.95,N/A,No,.95,N/A
CNNW_20210110_050000_CNN_Newsroom_Live.frames1fps/000286.jpg,No,.95,N/A,No,.95,N/A
CNNW_20210110_050000_CNN_Newsroom_Live.frames1fps/000287.jpg,No,.95,N/A,No,.95,N/A
CNNW_20210110_050000_CNN_Newsroom_Live.frames1fps/000288.jpg,No,.95,N/A,No,.95,N/A
CNNW_20210110_050000_CNN_Newsroom_Live.frames1fps/000289.jpg,No,.95,N/A,No,.95,N/A
CNNW_20210110_050000_CNN_Newsroom_Live.frames1fps/000290.jpg,No,.95,N/A,No,.95,N/A
CNNW_20210110_050000_CNN_Newsroom_Live.frames1fps/000291.jpg,No,.95,N/A,No,.95,N/A
CNNW_20210110_050000_CNN_Newsroom_Live.frames1fps/000292.jpg,No,.95,N/A,No,.95,N/A
CNNW_20210110_050000_CNN_Newsroom_Live.frames1fps/000293.jpg,No,.95,N/A,No,.95,N/A
CNNW_20210110_050000_CNN_Newsroom_Live.frames1fps/000294.jpg,No,.95,N/A,No,.95,N/A
CNNW_20210110_050000_CNN_Newsroom_Live.frames1fps/000295.jpg,No,.95,N/A,No,.95,N/A
CNNW_20210110_050000_CNN_Newsroom_Live.frames1fps/000296.jpg,No,.95,N/A,No,.95,N/A
CNNW_20210110_050000_CNN_Newsroom_Live.frames1fps/000297.jpg,No,.95,N/A,No,.95,N/A
CNNW_20210110_050000_CNN_Newsroom_Live.frames1fps/000298.jpg,No,.95,N/A,No,.95,N/A
CNNW_20210110_050000_CNN_Newsroom_Live.frames1fps/000299.jpg,No,.95,N/A,No,.95,N/A
CNNW_20210110_050000_CNN_Newsroom_Live.frames1fps/000300.jpg,No,.95,N/A,No,.95,N/A
CNNW_20210110_050000_CNN_Newsroom_Live.frames1fps/000301.jpg,No,.95,N/A,No,.95,N/A
CNNW_20210110_050000_CNN_Newsroom_Live.frames1fps/000302.jpg,No,.95,N/A,No,.95,N/A
CNNW_20210110_050000_CNN_Newsroom_Live.frames1fps/000303.jpg,No,.95,N/A,No,.95,N/A
CNNW_20210110_050000_CNN_Newsroom_Live.frames1fps/000304.jpg,No,.95,N/A,No,.95,N/A
CNNW_20210110_050000_CNN_Newsroom_Live.frames1fps/000305.jpg,No,.95,N/A,No,.95,N/A
CNNW_20210110_050000_CNN_Newsroom_Live.frames1fps/000306.jpg,No,.95,N/A,No,.95,N/A
CNNW_20210110_050000_CNN_Newsroom_Live.frames1fps/000307.jpg,No,.95,N/A,No,.95,N/A
CNNW_20210110_050000_CNN_Newsroom_Live.frames1fps/000308.jpg,No,.95,N/A,No,.95,N/A
CNNW_20210110_050000_CNN_Newsroom_Live.frames1fps/000309.jpg,No,.95,N/A,No,.95,N/A
CNNW_20210110_050000_CNN_Newsroom_Live.frames1fps/000310.jpg,No,.95,N/A,No,.95,N/A
CNNW_20210110_050000_CNN_Newsroom_Live.frames1fps/000311.jpg,No,.95,N/A,No,.95,N/A
CNNW_20210110_050000_CNN_Newsroom_Live.frames1fps/000312.jpg,No,.95,N/A,No,.95,N/A
CNNW_20210110_050000_CNN_Newsroom_Live.frames1fps/000313.jpg,No,.95,N/A,No,.95,N/A
CNNW_20210110_050000_CNN_Newsroom_Live.frames1fps/000314.jpg,No,.95,N/A,No,.95,N/A
CNNW_20210110_050000_CNN_Newsroom_Live.frames1fps/000315.jpg,No,.95,N/A,No,.95,N/A
CNNW_20210110_050000_CNN_Newsroom_Live.frames1fps/000316.jpg,No,.95,N/A,No,.95,N/A
CNNW_20210110_050000_CNN_Newsroom_Live.frames1fps/000317.jpg,No,.95,N/A,No,.95,N/A
CNNW_20210110_050000_CNN_Newsroom_Live.frames1fps/000318.jpg,No,.95,N/A,No,.95,N/A
CNNW_20210110_050000_CNN_Newsroom_Live.frames1fps/000319.jpg,No,.95,N/A,No,.95,N/A
CNNW_20210110_050000_CNN_Newsroom_Live.frames1fps/000320.jpg,No,.95,N/A,No,.95,N/A
CNNW_20210110_050000_CNN_Newsroom_Live.frames1fps/000321.jpg,No,.95,N/A,No,.95,N/A
CNNW_20210110_050000_CNN_Newsroom_Live.frames1fps/000322.jpg,No,.95,N/A,No,.95,N/A
CNNW_20210110_050000_CNN_Newsroom_Live.frames1fps/000323.jpg,No,.95,N/A,No,.95,N/A
CNNW_20210110_050000_CNN_Newsroom_Live.frames1fps/000324.jpg,No,.95,N/A,No,.95,N/A
CNNW_20210110_050000_CNN_Newsroom_Live.frames1fps/000325.jpg,No,.95,N/A,No,.95,N/A
CNNW_20210110_050000_CNN_Newsroom_Live.frames1fps/000326.jpg,No,.95,N/A,No,.95,N/A
CNNW_20210110_050000_CNN_Newsroom_Live.frames1fps/000327.jpg,No,.95,N/A,No,.95,N/A
CNNW_20210110_050000_CNN_Newsroom_Live.frames1fps/000328.jpg,No,.95,N/A,No,.95,N/A
CNNW_20210110_050000_CNN_Newsroom_Live.frames1fps/000329.jpg,No,.95,N/A,No,.95,N/A
CNNW_20210110_050000_CNN_Newsroom_Live.frames1fps/000330.jpg,No,.95,N/A,No,.95,N/A
CNNW_20210110_050000_CNN_Newsroom_Live.frames1fps/000331.jpg,No,.95,N/A,No,.95,N/A
CNNW_20210110_050000_CNN_Newsroom_Live.frames1fps/000332.jpg,No,.95,N/A,No,.95,N/A
CNNW_20210110_050000_CNN_Newsroom_Live.frames1fps/000333.jpg,No,.95,N/A,No,.95,N/A
CNNW_20210110_050000_CNN_Newsroom_Live.frames1fps/000334.jpg,No,.95,N/A,No,.95,N/A
CNNW_20210110_050000_CNN_Newsroom_Live.frames1fps/000335.jpg,No,.95,N/A,No,.95,N/A
CNNW_20210110_050000_CNN_Newsroom_Live.frames1fps/000336.jpg,No,.95,N/A,No,.95,N/A
CNNW_20210110_050000_CNN_Newsroom_Live.frames1fps/000337.jpg,No,.95,N/A,No,.95,N/A
CNNW_20210110_050000_CNN_Newsroom_Live.frames1fps/000338.jpg,No,.95,N/A,No,.95,N/A
CNNW_20210110_050000_CNN_Newsroom_Live.frames1fps/000339.jpg,No,.95,N/A,No,.95,N/A
CNNW_20210110_050000_CNN_Newsroom_Live.frames1fps/000340.jpg,No,.95,N/A,No,.95,N/A
CNNW_20210110_050000_CNN_Newsroom_Live.frames1fps/000341.jpg,No,.95,N/A,No,.95,N/A
CNNW_20210110_050000_CNN_Newsroom_Live.frames1fps/000342.jpg,No,.95,N/A,No,.95,N/A
CNNW_20210110_050000_CNN_Newsroom_Live.frames1fps/000343.jpg,No,.95,N/A,No,.95,N/A
CNNW_20210110_050000_CNN_Newsroom_Live.frames1fps/000344.jpg,No,.95,N/A,No,.95,N/A
CNNW_20210110_050000_CNN_Newsroom_Live.frames1fps/000345.jpg,No,.95,N/A,No,.95,N/A
CNNW_20210110_050000_CNN_Newsroom_Live.frames1fps/000346.jpg,No,.95,N/A,No,.95,N/A
CNNW_20210110_050000_CNN_Newsroom_Live.frames1fps/000347.jpg,No,.95,N/A,No,.95,N/A
CNNW_20210110_050000_CNN_Newsroom_Live.frames1fps/000348.jpg,No,.95,N/A,No,.95,N/A
CNNW_20210110_050000_CNN_Newsroom_Live.frames1fps/000349.jpg,No,.95,N/A,No,.95,N/A
CNNW_20210110_050000_CNN_Newsroom_Live.frames1fps/000350.jpg,No,.95,N/A,No,.95,N/A
CNNW_20210110_050000_CNN_Newsroom_Live.frames1fps/000351.jpg,No,.95,N/A,No,.95,N/A
CNNW_20210110_050000_CNN_Newsroom_Live.frames1fps/000352.jpg,No,.95,N/A,No,.95,N/A
CNNW_20210110_050000_CNN_Newsroom_Live.frames1fps/000353.jpg,No,.95,N/A,No,.95,N/A
CNNW_20210110_050000_CNN_Newsroom_Live.frames1fps/000354.jpg,No,.95,N/A,No,.95,N/A
CNNW_20210110_050000_CNN_Newsroom_Live.frames1fps/000355.jpg,No,.95,N/A,No,.95,N/A
CNNW_20210110_050000_CNN_Newsroom_Live.frames1fps/000356.jpg,No,.95,N/A,No,.95,N/A
CNNW_20210110_050000_CNN_Newsroom_Live.frames1fps/000357.jpg,No,.95,N/A,No,.95,N/A
CNNW_20210110_050000_CNN_Newsroom_Live.frames1fps/000358.jpg,No,.95,N/A,No,.95,N/A
CNNW_20210110_050000_CNN_Newsroom_Live.frames1fps/000359.jpg,No,.95,N/A,No,.95,N/A
CNNW_20210110_050000_CNN_Newsroom_Live.frames1fps/000360.jpg,No,.95,N/A,No,.95,N/A
CNNW_20210110_050000_CNN_Newsroom_Live.frames1fps/000361.jpg,No,.95,N/A,No,.95,N/A
CNNW_20210110_050000_CNN_Newsroom_Live.frames1fps/000362.jpg,No,.95,N/A,No,.95,N/A
CNNW_20210110_050000_CNN_Newsroom_Live.frames1fps/000363.jpg,No,.95,N/A,No,.95,N/A
CNNW_20210110_050000_CNN_Newsroom_Live.frames1fps/000364.jpg,No,.95,N/A,No,.95,N/A
CNNW_20210110_050000_CNN_Newsroom_Live.frames1fps/000365.jpg,No,.95,N/A,No,.95,N/A
CNNW_20210110_050000_CNN_Newsroom_Live.frames1fps/000366.jpg,No,.95,N/A,No,.95,N/A
CNNW_20210110_050000_CNN_Newsroom_Live.frames1fps/000367.jpg,No,.95,N/A,No,.95,N/A
CNNW_20210110_050000_CNN_Newsroom_Live.frames1fps/000368.jpg,No,.95,N/A,No,.95,N/A
CNNW_20210110_050000_CNN_Newsroom_Live.frames1fps/000369.jpg,No,.95,N/A,No,.95,N/A
CNNW_20210110_050000_CNN_Newsroom_Live.frames1fps/000370.jpg,No,.95,N/A,No,.95,N/A
CNNW_20210110_050000_CNN_Newsroom_Live.frames1fps/000371.jpg,No,.95,N/A,No,.95,N/A
CNNW_20210110_050000_CNN_Newsroom_Live.frames1fps/000372.jpg,No,.95,N/A,No,.95,N/A
CNNW_20210110_050000_CNN_Newsroom_Live.frames1fps/000373.jpg,No,.95,N/A,No,.95,N/A
CNNW_20210110_050000_CNN_Newsroom_Live.frames1fps/000374.jpg,No,.95,N/A,No,.95,N/A
CNNW_20210110_050000_CNN_Newsroom_Live.frames1fps/000375.jpg,No,.95,N/A,No,.95,N/A
CNNW_20210110_050000_CNN_Newsroom_Live.frames1fps/000376.jpg,No,.95,N/A,No,.95,N/A
CNNW_20210110_050000_CNN_Newsroom_Live.frames1fps/000377.jpg,No,.95,N/A,No,.95,N/A
CNNW_20210110_050000_CNN_Newsroom_Live.frames1fps/000378.jpg,No,.95,N/A,No,.95,N/A
CNNW_20210110_050000_CNN_Newsroom_Live.frames1fps/000379.jpg,No,.95,N/A,No,.95,N/A
CNNW_20210110_050000_CNN_Newsroom_Live.frames1fps/000380.jpg,No,.95,N/A,No,.95,N/A
CNNW_20210110_050000_CNN_Newsroom_Live.frames1fps/000381.jpg,No,.95,N/A,No,.95,N/A
CNNW_20210110_050000_CNN_Newsroom_Live.frames1fps/000382.jpg,No,.95,N/A,No,.95,N/A
CNNW_20210110_050000_CNN_Newsroom_Live.frames1fps/000383.jpg,No,.95,N/A,No,.95,N/A
CNNW_20210110_050000_CNN_Newsroom_Live.frames1fps/000384.jpg,No,.95,N/A,No,.95,N/A
CNNW_20210110_050000_CNN_Newsroom_Live.frames1fps/000385.jpg,No,.95,N/A,No,.95,N/A
CNNW_20210110_050000_CNN_Newsroom_Live.frames1fps/000386.jpg,No,.95,N/A,No,.95,N/A
CNNW_20210110_050000_CNN_Newsroom_Live.frames1fps/000387.jpg,No,.95,N/A,No,.95,N/A
CNNW_20210110_050000_CNN_Newsroom_Live.frames1fps/000388.jpg,No,.95,N/A,No,.95,N/A
CNNW_20210110_050000_CNN_Newsroom_Live.frames1fps/000389.jpg,No,.95,N/A,No,.95,N/A
CNNW_20210110_050000_CNN_Newsroom_Live.frames1fps/000390.jpg,No,.95,N/A,No,.95,N/A
CNNW_20210110_050000_CNN_Newsroom_Live.frames1fps/000391.jpg,No,.95,N/A,No,.95,N/A
CNNW_20210110_050000_CNN_Newsroom_Live.frames1fps/000392.jpg,No,.95,N/A,No,.95,N/A
CNNW_20210110_050000_CNN_Newsroom_Live.frames1fps/000393.jpg,No,.95,N/A,No,.95,N/A
CNNW_20210110_050000_CNN_Newsroom_Live.frames1fps/000394.jpg,No,.95,N/A,No,.95,N/A
CNNW_20210110_050000_CNN_Newsroom_Live.frames1fps/000395.jpg,No,.95,N/A,No,.95,N/A
CNNW_20210110_050000_CNN_Newsroom_Live.frames1fps/000396.jpg,No,.95,N/A,No,.95,N/A
CNNW_20210110_050000_CNN_Newsroom_Live.frames1fps/000397.jpg,No,.95,N/A,No,.95,N/A
CNNW_20210110_050000_CNN_Newsroom_Live.frames1fps/000398.jpg,No,.95,N/A,No,.95,N/A
CNNW_20210110_050000_CNN_Newsroom_Live.frames1fps/000399.jpg,No,.95,N/A,No,.95,N/A
CNNW_20210110_050000_CNN_Newsroom_Live.frames1fps/000400.jpg,No,.95,N/A,No,.95,N/A
CNNW_20210110_050000_CNN_Newsroom_Live.frames1fps/000401.jpg,No,.95,N/A,No,.95,N/A
CNNW_20210110_050000_CNN_Newsroom_Live.frames1fps/000402.jpg,No,.95,N/A,No,.95,N/A
CNNW_20210110_050000_CNN_Newsroom_Live.frames1fps/000403.jpg,No,.95,N/A,No,.95,N/A
CNNW_20210110_050000_CNN_Newsroom_Live.frames1fps/000404.jpg,No,.95,N/A,No,.95,N/A
CNNW_20210110_050000_CNN_Newsroom_Live.frames1fps/000405.jpg,No,.95,N/A,No,.95,N/A
CNNW_20210110_050000_CNN_Newsroom_Live.frames1fps/000406.jpg,No,.95,N/A,No,.95,N/A
CNNW_20210110_050000_CNN_Newsroom_Live.frames1fps/000407.jpg,No,.95,N/A,No,.95,N/A
CNNW_20210110_050000_CNN_Newsroom_Live.frames1fps/000408.jpg,No,.95,N/A,No,.95,N/A
CNNW_20210110_050000_CNN_Newsroom_Live.frames1fps/000409.jpg,No,.95,N/A,No,.95,N/A
CNNW_20210110_050000_CNN_Newsroom_Live.frames1fps/000410.jpg,No,.95,N/A,No,.95,N/A
CNNW_20210110_050000_CNN_Newsroom_Live.frames1fps/000411.jpg,No,.95,N/A,No,.95,N/A
CNNW_20210110_050000_CNN_Newsroom_Live.frames1fps/000412.jpg,No,.95,N/A,No,.95,N/A
CNNW_20210110_050000_CNN_Newsroom_Live.frames1fps/000413.jpg,No,.95,N/A,No,.95,N/A
CNNW_20210110_050000_CNN_Newsroom_Live.frames1fps/000414.jpg,No,.95,N/A,No,.95,N/A
CNNW_20210110_050000_CNN_Newsroom_Live.frames1fps/000415.jpg,No,.95,N/A,No,.95,N/A
CNNW_20210110_050000_CNN_Newsroom_Live.frames1fps/000416.jpg,No,.95,N/A,No,.95,N/A
CNNW_20210110_050000_CNN_Newsroom_Live.frames1fps/000417.jpg,No,.95,N/A,No,.95,N/A
CNNW_20210110_050000_CNN_Newsroom_Live.frames1fps/000418.jpg,No,.95,N/A,No,.95,N/A
CNNW_20210110_050000_CNN_Newsroom_Live.frames1fps/000419.jpg,No,.95,N/A,No,.95,N/A
CNNW_20210110_050000_CNN_Newsroom_Live.frames1fps/000420.jpg,No,.95,N/A,No,.95,N/A
CNNW_20210110_050000_CNN_Newsroom_Live.frames1fps/000421.jpg,No,.95,N/A,No,.95,N/A
CNNW_20210110_050000_CNN_Newsroom_Live.frames1fps/000422.jpg,No,.95,N/A,No,.95,N/A
CNNW_20210110_050000_CNN_Newsroom_Live.frames1fps/000423.jpg,No,.95,N/A,No,.95,N/A
CNNW_20210110_050000_CNN_Newsroom_Live.frames1fps/000424.jpg,No,.95,N/A,No,.95,N/A
CNNW_20210110_050000_CNN_Newsroom_Live.frames1fps/000425.jpg,No,.95,N/A,No,.95,N/A
CNNW_20210110_050000_CNN_Newsroom_Live.frames1fps/000426.jpg,No,.95,N/A,No,.95,N/A
CNNW_20210110_050000_CNN_Newsroom_Live.frames1fps/000427.jpg,No,.95,N/A,No,.95,N/A
CNNW_20210110_050000_CNN_Newsroom_Live.frames1fps/000428.jpg,No,.95,N/A,No,.95,N/A
CNNW_20210110_050000_CNN_Newsroom_Live.frames1fps/000429.jpg,No,.95,N/A,No,.95,N/A
CNNW_20210110_050000_CNN_Newsroom_Live.frames1fps/000430.jpg,No,.95,N/A,No,.95,N/A
CNNW_20210110_050000_CNN_Newsroom_Live.frames1fps/000431.jpg,No,.95,N/A,No,.95,N/A
CNNW_20210110_050000_CNN_Newsroom_Live.frames1fps/000432.jpg,No,.95,N/A,No,.95,N/A
CNNW_20210110_050000_CNN_Newsroom_Live.frames1fps/000433.jpg,No,.95,N/A,No,.95,N/A
CNNW_20210110_050000_CNN_Newsroom_Live.frames1fps/000434.jpg,No,.95,N/A,No,.95,N/A
CNNW_20210110_050000_CNN_Newsroom_Live.frames1fps/000435.jpg,No,.95,N/A,No,.95,N/A
CNNW_20210110_050000_CNN_Newsroom_Live.frames1fps/000436.jpg,No,.95,N/A,No,.95,N/A
CNNW_20210110_050000_CNN_Newsroom_Live.frames1fps/000437.jpg,No,.95,N/A,No,.95,N/A
CNNW_20210110_050000_CNN_Newsroom_Live.frames1fps/000438.jpg,No,.95,N/A,No,.95,N/A
CNNW_20210110_050000_CNN_Newsroom_Live.frames1fps/000439.jpg,No,.95,N/A,No,.95,N/A
CNNW_20210110_050000_CNN_Newsroom_Live.frames1fps/000440.jpg,No,.95,N/A,No,.95,N/A
CNNW_20210110_050000_CNN_Newsroom_Live.frames1fps/000441.jpg,No,.95,N/A,No,.95,N/A
CNNW_20210110_050000_CNN_Newsroom_Live.frames1fps/000442.jpg,No,.95,N/A,No,.95,N/A
CNNW_20210110_050000_CNN_Newsroom_Live.frames1fps/000443.jpg,No,.95,N/A,No,.95,N/A
CNNW_20210110_050000_CNN_Newsroom_Live.frames1fps/000444.jpg,No,.95,N/A,No,.95,N/A
CNNW_20210110_050000_CNN_Newsroom_Live.frames1fps/000445.jpg,No,.95,N/A,No,.95,N/A
CNNW_20210110_050000_CNN_Newsroom_Live.frames1fps/000446.jpg,No,.95,N/A,No,.95,N/A
CNNW_20210110_050000_CNN_Newsroom_Live.frames1fps/000447.jpg,No,.95,N/A,No,.95,N/A
CNNW_20210110_050000_CNN_Newsroom_Live.frames1fps/000448.jpg,No,.95,N/A,No,.95,N/A
CNNW_20210110_050000_CNN_Newsroom_Live.frames1fps/000449.jpg,No,.95,N/A,No,.95,N/A
CNNW_20210110_050000_CNN_Newsroom_Live.frames1fps/000450.jpg,No,.95,N/A,No,.95,N/A
CNNW_20210110_050000_CNN_Newsroom_Live.frames1fps/000451.jpg,No,.95,N/A,No,.95,N/A
CNNW_20210110_050000_CNN_Newsroom_Live.frames1fps/000452.jpg,No,.95,N/A,No,.95,N/A
CNNW_20210110_050000_CNN_Newsroom_Live.frames1fps/000453.jpg,No,.95,N/A,No,.95,N/A
CNNW_20210110_050000_CNN_Newsroom_Live.frames1fps/000454.jpg,No,.95,N/A,No,.95,N/A
CNNW_20210110_050000_CNN_Newsroom_Live.frames1fps/000455.jpg,No,.95,N/A,No,.95,N/A
CNNW_20210110_050000_CNN_Newsroom_Live.frames1fps/000456.jpg,No,.95,N/A,No,.95,N/A
CNNW_20210110_050000_CNN_Newsroom_Live.frames1fps/000457.jpg,No,.95,N/A,No,.95,N/A
CNNW_20210110_050000_CNN_Newsroom_Live.frames1fps/000458.jpg,No,.95,N/A,No,.95,N/A
CNNW_20210110_050000_CNN_Newsroom_Live.frames1fps/000459.jpg,No,.95,N/A,No,.95,N/A
CNNW_20210110_050000_CNN_Newsroom_Live.frames1fps/000460.jpg,No,.95,N/A,No,.95,N/A
CNNW_20210110_050000_CNN_Newsroom_Live.frames1fps/000461.jpg,No,.95,N/A,No,.95,N/A
CNNW_20210110_050000_CNN_Newsroom_Live.frames1fps/000462.jpg,No,.95,N/A,No,.95,N/A
CNNW_20210110_050000_CNN_Newsroom_Live.frames1fps/000463.jpg,No,.95,N/A,No,.95,N/A
CNNW_20210110_050000_CNN_Newsroom_Live.frames1fps/000464.jpg,No,.95,N/A,No,.95,N/A
CNNW_20210110_050000_CNN_Newsroom_Live.frames1fps/000465.jpg,No,.95,N/A,No,.95,N/A
CNNW_20210110_050000_CNN_Newsroom_Live.frames1fps/000466.jpg,No,.95,N/A,No,.95,N/A
CNNW_20210110_050000_CNN_Newsroom_Live.frames1fps/000467.jpg,No,.95,N/A,No,.95,N/A
CNNW_20210110_050000_CNN_Newsroom_Live.frames1fps/000468.jpg,No,.95,N/A,No,.95,N/A
CNNW_20210110_050000_CNN_Newsroom_Live.frames1fps/000469.jpg,No,.95,N/A,No,.95,N/A
CNNW_20210110_050000_CNN_Newsroom_Live.frames1fps/000470.jpg,No,.95,N/A,No,.95,N/A
CNNW_20210110_050000_CNN_Newsroom_Live.frames1fps/000471.jpg,No,.95,N/A,No,.95,N/A
CNNW_20210110_050000_CNN_Newsroom_Live.frames1fps/000472.jpg,No,.95,N/A,No,.95,N/A
CNNW_20210110_050000_CNN_Newsroom_Live.frames1fps/000473.jpg,No,.95,N/A,No,.95,N/A
CNNW_20210110_050000_CNN_Newsroom_Live.frames1fps/000474.jpg,No,.95,N/A,No,.95,N/A
CNNW_20210110_050000_CNN_Newsroom_Live.frames1fps/000475.jpg,No,.95,N/A,No,.95,N/A
CNNW_20210110_050000_CNN_Newsroom_Live.frames1fps/000476.jpg,No,.95,N/A,No,.95,N/A
CNNW_20210110_050000_CNN_Newsroom_Live.frames1fps/000477.jpg,No,.95,N/A,No,.95,N/A
CNNW_20210110_050000_CNN_Newsroom_Live.frames1fps/000478.jpg,No,.95,N/A,No,.95,N/A
CNNW_20210110_050000_CNN_Newsroom_Live.frames1fps/000479.jpg,No,.95,N/A,No,.95,N/A
CNNW_20210110_050000_CNN_Newsroom_Live.frames1fps/000480.jpg,No,.95,N/A,No,.95,N/A
CNNW_20210110_050000_CNN_Newsroom_Live.frames1fps/000481.jpg,No,.95,N/A,No,.95,N/A
CNNW_20210110_050000_CNN_Newsroom_Live.frames1fps/000482.jpg,No,.95,N/A,No,.95,N/A
CNNW_20210110_050000_CNN_Newsroom_Live.frames1fps/000483.jpg,No,.95,N/A,No,.95,N/A
CNNW_20210110_050000_CNN_Newsroom_Live.frames1fps/000484.jpg,No,.95,N/A,No,.95,N/A
CNNW_20210110_050000_CNN_Newsroom_Live.frames1fps/000485.jpg,No,.95,N/A,No,.95,N/A
CNNW_20210110_050000_CNN_Newsroom_Live.frames1fps/000486.jpg,No,.95,N/A,No,.95,N/A
CNNW_20210110_050000_CNN_Newsroom_Live.frames1fps/000487.jpg,No,.95,N/A,No,.95,N/A
CNNW_20210110_050000_CNN_Newsroom_Live.frames1fps/000488.jpg,No,.95,N/A,No,.95,N/A
CNNW_20210110_050000_CNN_Newsroom_Live.frames1fps/000489.jpg,No,.95,N/A,No,.95,N/A
CNNW_20210110_050000_CNN_Newsroom_Live.frames1fps/000490.jpg,No,.95,N/A,No,.95,N/A
CNNW_20210110_050000_CNN_Newsroom_Live.frames1fps/000491.jpg,No,.95,N/A,No,.95,N/A
CNNW_20210110_050000_CNN_Newsroom_Live.frames1fps/000492.jpg,No,.95,N/A,No,.95,N/A
CNNW_20210110_050000_CNN_Newsroom_Live.frames1fps/000493.jpg,No,.95,N/A,No,.95,N/A
CNNW_20210110_050000_CNN_Newsroom_Live.frames1fps/000494.jpg,No,.95,N/A,No,.95,N/A
CNNW_20210110_050000_CNN_Newsroom_Live.frames1fps/000495.jpg,No,.95,N/A,No,.95,N/A
CNNW_20210110_050000_CNN_Newsroom_Live.frames1fps/000496.jpg,No,.95,N/A,No,.95,N/A
CNNW_20210110_050000_CNN_Newsroom_Live.frames1fps/000497.jpg,No,.95,N/A,No,.95,N/A
CNNW_20210110_050000_CNN_Newsroom_Live.frames1fps/000498.jpg,No,.95,N/A,No,.95,N/A
CNNW_20210110_050000_CNN_Newsroom_Live.frames1fps/000499.jpg,No,.95,N/A,No,.95,N/A
CNNW_20210110_050000_CNN_Newsroom_Live.frames1fps/000500.jpg,No,.95,N/A,No,.95,N/A
CNNW_20210110_050000_CNN_Newsroom_Live.frames1fps/000501.jpg,No,.95,N/A,No,.95,N/A
CNNW_20210110_050000_CNN_Newsroom_Live.frames1fps/000502.jpg,No,.95,N/A,No,.95,N/A
CNNW_20210110_050000_CNN_Newsroom_Live.frames1fps/000503.jpg,No,.95,N/A,No,.95,N/A
CNNW_20210110_050000_CNN_Newsroom_Live.frames1fps/000504.jpg,No,.95,N/A,No,.95,N/A
CNNW_20210110_050000_CNN_Newsroom_Live.frames1fps/000505.jpg,No,.95,N/A,No,.95,N/A
CNNW_20210110_050000_CNN_Newsroom_Live.frames1fps/000506.jpg,No,.95,N/A,No,.95,N/A
CNNW_20210110_050000_CNN_Newsroom_Live.frames1fps/000507.jpg,No,.95,N/A,No,.95,N/A
CNNW_20210110_050000_CNN_Newsroom_Live.frames1fps/000508.jpg,No,.95,N/A,No,.95,N/A
CNNW_20210110_050000_CNN_Newsroom_Live.frames1fps/000509.jpg,No,.95,N/A,No,.95,N/A
CNNW_20210110_050000_CNN_Newsroom_Live.frames1fps/000510.jpg,No,.95,N/A,No,.95,N/A
CNNW_20210110_050000_CNN_Newsroom_Live.frames1fps/000511.jpg,No,.95,N/A,No,.95,N/A
CNNW_20210110_050000_CNN_Newsroom_Live.frames1fps/000512.jpg,No,.95,N/A,No,.95,N/A
CNNW_20210110_050000_CNN_Newsroom_Live.frames1fps/000513.jpg,No,.95,N/A,No,.95,N/A
CNNW_20210110_050000_CNN_Newsroom_Live.frames1fps/000514.jpg,No,.95,N/A,No,.95,N/A
CNNW_20210110_050000_CNN_Newsroom_Live.frames1fps/000515.jpg,No,.95,N/A,No,.95,N/A
CNNW_20210110_050000_CNN_Newsroom_Live.frames1fps/000516.jpg,No,.95,N/A,No,.95,N/A
CNNW_20210110_050000_CNN_Newsroom_Live.frames1fps/000517.jpg,No,.95,N/A,No,.95,N/A
CNNW_20210110_050000_CNN_Newsroom_Live.frames1fps/000518.jpg,No,.95,N/A,No,.95,N/A
CNNW_20210110_050000_CNN_Newsroom_Live.frames1fps/000519.jpg,No,.95,N/A,No,.95,N/A
CNNW_20210110_050000_CNN_Newsroom_Live.frames1fps/000520.jpg,No,.95,N/A,No,.95,N/A
CNNW_20210110_050000_CNN_Newsroom_Live.frames1fps/000521.jpg,No,.95,N/A,No,.95,N/A
CNNW_20210110_050000_CNN_Newsroom_Live.frames1fps/000522.jpg,No,.95,N/A,No,.95,N/A
CNNW_20210110_050000_CNN_Newsroom_Live.frames1fps/000523.jpg,No,.95,N/A,No,.95,N/A
CNNW_20210110_050000_CNN_Newsroom_Live.frames1fps/000524.jpg,No,.95,N/A,No,.95,N/A
CNNW_20210110_050000_CNN_Newsroom_Live.frames1fps/000525.jpg,No,.95,N/A,No,.95,N/A
CNNW_20210110_050000_CNN_Newsroom_Live.frames1fps/000526.jpg,No,.95,N/A,No,.95,N/A
CNNW_20210110_050000_CNN_Newsroom_Live.frames1fps/000527.jpg,No,.95,N/A,No,.95,N/A
CNNW_20210110_050000_CNN_Newsroom_Live.frames1fps/000528.jpg,No,.95,N/A,No,.95,N/A
CNNW_20210110_050000_CNN_Newsroom_Live.frames1fps/000529.jpg,No,.95,N/A,No,.95,N/A
CNNW_20210110_050000_CNN_Newsroom_Live.frames1fps/000530.jpg,No,.95,N/A,No,.95,N/A
CNNW_20210110_050000_CNN_Newsroom_Live.frames1fps/000531.jpg,No,.95,N/A,No,.95,N/A
CNNW_20210110_050000_CNN_Newsroom_Live.frames1fps/000532.jpg,No,.95,N/A,No,.95,N/A
CNNW_20210110_050000_CNN_Newsroom_Live.frames1fps/000533.jpg,No,.95,N/A,No,.95,N/A
CNNW_20210110_050000_CNN_Newsroom_Live.frames1fps/000534.jpg,No,.95,N/A,No,.95,N/A
CNNW_20210110_050000_CNN_Newsroom_Live.frames1fps/000535.jpg,No,.95,N/A,No,.95,N/A
CNNW_20210110_050000_CNN_Newsroom_Live.frames1fps/000536.jpg,No,.95,N/A,No,.95,N/A
CNNW_20210110_050000_CNN_Newsroom_Live.frames1fps/000537.jpg,No,.95,N/A,No,.95,N/A
CNNW_20210110_050000_CNN_Newsroom_Live.frames1fps/000538.jpg,No,.95,N/A,No,.95,N/A
CNNW_20210110_050000_CNN_Newsroom_Live.frames1fps/000539.jpg,No,.95,N/A,No,.95,N/A
CNNW_20210110_050000_CNN_Newsroom_Live.frames1fps/000540.jpg,No,.95,N/A,No,.95,N/A
CNNW_20210110_050000_CNN_Newsroom_Live.frames1fps/000541.jpg,No,.95,N/A,No,.95,N/A
CNNW_20210110_050000_CNN_Newsroom_Live.frames1fps/000542.jpg,No,.95,N/A,No,.95,N/A
CNNW_20210110_050000_CNN_Newsroom_Live.frames1fps/000543.jpg,No,.95,N/A,No,.95,N/A
CNNW_20210110_050000_CNN_Newsroom_Live.frames1fps/000544.jpg,No,.95,N/A,No,.95,N/A
CNNW_20210110_050000_CNN_Newsroom_Live.frames1fps/000545.jpg,No,.95,N/A,No,.95,N/A
CNNW_20210110_050000_CNN_Newsroom_Live.frames1fps/000546.jpg,No,.95,N/A,No,.95,N/A
CNNW_20210110_050000_CNN_Newsroom_Live.frames1fps/000547.jpg,No,.95,N/A,No,.95,N/A
CNNW_20210110_050000_CNN_Newsroom_Live.frames1fps/000548.jpg,No,.95,N/A,No,.95,N/A
CNNW_20210110_050000_CNN_Newsroom_Live.frames1fps/000549.jpg,No,.95,N/A,No,.95,N/A
CNNW_20210110_050000_CNN_Newsroom_Live.frames1fps/000550.jpg,No,.95,N/A,No,.95,N/A
CNNW_20210110_050000_CNN_Newsroom_Live.frames1fps/000551.jpg,No,.95,N/A,No,.95,N/A
CNNW_20210110_050000_CNN_Newsroom_Live.frames1fps/000552.jpg,No,.95,N/A,No,.95,N/A
CNNW_20210110_050000_CNN_Newsroom_Live.frames1fps/000553.jpg,No,.95,N/A,No,.95,N/A
CNNW_20210110_050000_CNN_Newsroom_Live.frames1fps/000554.jpg,No,.95,N/A,No,.95,N/A
CNNW_20210110_050000_CNN_Newsroom_Live.frames1fps/000555.jpg,No,.95,N/A,No,.95,N/A
CNNW_20210110_050000_CNN_Newsroom_Live.frames1fps/000556.jpg,No,.95,N/A,No,.95,N/A
CNNW_20210110_050000_CNN_Newsroom_Live.frames1fps/000557.jpg,No,.95,N/A,No,.95,N/A
CNNW_20210110_050000_CNN_Newsroom_Live.frames1fps/000558.jpg,No,.95,N/A,No,.95,N/A
CNNW_20210110_050000_CNN_Newsroom_Live.frames1fps/000559.jpg,No,.95,N/A,No,.95,N/A
CNNW_20210110_050000_CNN_Newsroom_Live.frames1fps/000560.jpg,No,.95,N/A,No,.95,N/A
CNNW_20210110_050000_CNN_Newsroom_Live.frames1fps/000561.jpg,No,.95,N/A,No,.95,N/A
CNNW_20210110_050000_CNN_Newsroom_Live.frames1fps/000562.jpg,No,.95,N/A,No,.95,N/A
CNNW_20210110_050000_CNN_Newsroom_Live.frames1fps/000563.jpg,No,.95,N/A,No,.95,N/A
CNNW_20210110_050000_CNN_Newsroom_Live.frames1fps/000564.jpg,No,.95,N/A,No,.95,N/A
CNNW_20210110_050000_CNN_Newsroom_Live.frames1fps/000565.jpg,No,.95,N/A,No,.95,N/A
CNNW_20210110_050000_CNN_Newsroom_Live.frames1fps/000566.jpg,No,.95,N/A,No,.95,N/A
CNNW_20210110_050000_CNN_Newsroom_Live.frames1fps/000567.jpg,No,.95,N/A,No,.95,N/A
CNNW_20210110_050000_CNN_Newsroom_Live.frames1fps/000568.jpg,No,.95,N/A,No,.95,N/A
CNNW_20210110_050000_CNN_Newsroom_Live.frames1fps/000569.jpg,No,.95,N/A,No,.95,N/A
CNNW_20210110_050000_CNN_Newsroom_Live.frames1fps/000570.jpg,No,.95,N/A,No,.95,N/A
CNNW_20210110_050000_CNN_Newsroom_Live.frames1fps/000571.jpg,No,.95,N/A,No,.95,N/A
CNNW_20210110_050000_CNN_Newsroom_Live.frames1fps/000572.jpg,No,.95,N/A,No,.95,N/A
CNNW_20210110_050000_CNN_Newsroom_Live.frames1fps/000573.jpg,No,.95,N/A,No,.95,N/A
CNNW_20210110_050000_CNN_Newsroom_Live.frames1fps/000574.jpg,No,.95,N/A,No,.95,N/A
CNNW_20210110_050000_CNN_Newsroom_Live.frames1fps/000575.jpg,No,.95,N/A,No,.95,N/A
CNNW_20210110_050000_CNN_Newsroom_Live.frames1fps/000576.jpg,No,.95,N/A,No,.95,N/A
CNNW_20210110_050000_CNN_Newsroom_Live.frames1fps/000577.jpg,No,.95,N/A,No,.95,N/A
CNNW_20210110_050000_CNN_Newsroom_Live.frames1fps/000578.jpg,No,.95,N/A,No,.95,N/A
CNNW_20210110_050000_CNN_Newsroom_Live.frames1fps/000579.jpg,No,.95,N/A,No,.95,N/A
CNNW_20210110_050000_CNN_Newsroom_Live.frames1fps/000580.jpg,No,.95,N/A,No,.95,N/A
CNNW_20210110_050000_CNN_Newsroom_Live.frames1fps/000581.jpg,No,.95,N/A,No,.95,N/A
CNNW_20210110_050000_CNN_Newsroom_Live.frames1fps/000582.jpg,No,.95,N/A,No,.95,N/A
CNNW_20210110_050000_CNN_Newsroom_Live.frames1fps/000583.jpg,No,.95,N/A,No,.95,N/A
CNNW_20210110_050000_CNN_Newsroom_Live.frames1fps/000584.jpg,No,.95,N/A,No,.95,N/A
CNNW_20210110_050000_CNN_Newsroom_Live.frames1fps/000585.jpg,No,.95,N/A,No,.95,N/A
CNNW_20210110_050000_CNN_Newsroom_Live.frames1fps/000586.jpg,No,.95,N/A,No,.95,N/A
CNNW_20210110_050000_CNN_Newsroom_Live.frames1fps/000587.jpg,No,.95,N/A,No,.95,N/A
CNNW_20210110_050000_CNN_Newsroom_Live.frames1fps/000588.jpg,No,.95,N/A,No,.95,N/A
CNNW_20210110_050000_CNN_Newsroom_Live.frames1fps/000589.jpg,No,.95,N/A,No,.95,N/A
CNNW_20210110_050000_CNN_Newsroom_Live.frames1fps/000590.jpg,No,.95,N/A,No,.95,N/A
CNNW_20210110_050000_CNN_Newsroom_Live.frames1fps/000591.jpg,No,.95,N/A,No,.95,N/A
CNNW_20210110_050000_CNN_Newsroom_Live.frames1fps/000592.jpg,No,.95,N/A,No,.95,N/A
CNNW_20210110_050000_CNN_Newsroom_Live.frames1fps/000593.jpg,No,.95,N/A,No,.95,N/A
CNNW_20210110_050000_CNN_Newsroom_Live.frames1fps/000594.jpg,No,.95,N/A,No,.95,N/A
CNNW_20210110_050000_CNN_Newsroom_Live.frames1fps/000595.jpg,No,.95,N/A,No,.95,N/A
CNNW_20210110_050000_CNN_Newsroom_Live.frames1fps/000596.jpg,No,.95,N/A,No,.95,N/A
CNNW_20210110_050000_CNN_Newsroom_Live.frames1fps/000597.jpg,No,.95,N/A,No,.95,N/A
CNNW_20210110_050000_CNN_Newsroom_Live.frames1fps/000598.jpg,No,.95,N/A,No,.95,N/A
CNNW_20210110_050000_CNN_Newsroom_Live.frames1fps/000599.jpg,No,.95,N/A,No,.95,N/A
CNNW_20210110_050000_CNN_Newsroom_Live.frames1fps/000600.jpg,No,.95,N/A,No,.95,N/A
CNNW_20210110_050000_CNN_Newsroom_Live.frames1fps/000601.jpg,No,.95,N/A,No,.95,N/A
CNNW_20210110_050000_CNN_Newsroom_Live.frames1fps/000602.jpg,No,.95,N/A,No,.95,N/A
CNNW_20210110_050000_CNN_Newsroom_Live.frames1fps/000603.jpg,No,.95,N/A,No,.95,N/A
CNNW_20210110_050000_CNN_Newsroom_Live.frames1fps/000604.jpg,No,.95,N/A,No,.95,N/A
CNNW_20210110_050000_CNN_Newsroom_Live.frames1fps/000605.jpg,No,.95,N/A,No,.95,N/A
CNNW_20210110_050000_CNN_Newsroom_Live.frames1fps/000606.jpg,No,.95,N/A,No,.95,N/A
CNNW_20210110_050000_CNN_Newsroom_Live.frames1fps/000607.jpg,No,.95,N/A,No,.95,N/A
CNNW_20210110_050000_CNN_Newsroom_Live.frames1fps/000608.jpg,No,.95,N/A,No,.95,N/A
CNNW_20210110_050000_CNN_Newsroom_Live.frames1fps/000609.jpg,No,.95,N/A,No,.95,N/A
CNNW_20210110_050000_CNN_Newsroom_Live.frames1fps/000610.jpg,No,.95,N/A,No,.95,N/A
CNNW_20210110_050000_CNN_Newsroom_Live.frames1fps/000611.jpg,No,.95,N/A,No,.95,N/A
CNNW_20210110_050000_CNN_Newsroom_Live.frames1fps/000612.jpg,No,.95,N/A,No,.95,N/A
CNNW_20210110_050000_CNN_Newsroom_Live.frames1fps/000613.jpg,No,.95,N/A,No,.95,N/A
CNNW_20210110_050000_CNN_Newsroom_Live.frames1fps/000614.jpg,No,.95,N/A,No,.95,N/A
CNNW_20210110_050000_CNN_Newsroom_Live.frames1fps/000615.jpg,No,.95,N/A,No,.95,N/A
CNNW_20210110_050000_CNN_Newsroom_Live.frames1fps/000616.jpg,No,.95,N/A,No,.95,N/A
CNNW_20210110_050000_CNN_Newsroom_Live.frames1fps/000617.jpg,No,.95,N/A,No,.95,N/A
CNNW_20210110_050000_CNN_Newsroom_Live.frames1fps/000618.jpg,No,.95,N/A,No,.95,N/A
CNNW_20210110_050000_CNN_Newsroom_Live.frames1fps/000619.jpg,No,.95,N/A,No,.95,N/A
CNNW_20210110_050000_CNN_Newsroom_Live.frames1fps/000620.jpg,No,.95,N/A,No,.95,N/A
CNNW_20210110_050000_CNN_Newsroom_Live.frames1fps/000621.jpg,No,.95,N/A,No,.95,N/A
CNNW_20210110_050000_CNN_Newsroom_Live.frames1fps/000622.jpg,No,.95,N/A,No,.95,N/A
CNNW_20210110_050000_CNN_Newsroom_Live.frames1fps/000623.jpg,No,.95,N/A,No,.95,N/A
CNNW_20210110_050000_CNN_Newsroom_Live.frames1fps/000624.jpg,No,.95,N/A,No,.95,N/A
CNNW_20210110_050000_CNN_Newsroom_Live.frames1fps/000625.jpg,No,.95,N/A,No,.95,N/A
CNNW_20210110_050000_CNN_Newsroom_Live.frames1fps/000626.jpg,No,.95,N/A,No,.95,N/A
CNNW_20210110_050000_CNN_Newsroom_Live.frames1fps/000627.jpg,No,.95,N/A,No,.95,N/A
CNNW_20210110_050000_CNN_Newsroom_Live.frames1fps/000628.jpg,No,.95,N/A,No,.95,N/A
CNNW_20210110_050000_CNN_Newsroom_Live.frames1fps/000629.jpg,No,.95,N/A,No,.95,N/A
CNNW_20210110_050000_CNN_Newsroom_Live.frames1fps/000630.jpg,No,.95,N/A,No,.95,N/A
CNNW_20210110_050000_CNN_Newsroom_Live.frames1fps/000631.jpg,No,.95,N/A,No,.95,N/A
CNNW_20210110_050000_CNN_Newsroom_Live.frames1fps/000632.jpg,No,.95,N/A,No,.95,N/A
CNNW_20210110_050000_CNN_Newsroom_Live.frames1fps/000633.jpg,No,.95,N/A,No,.95,N/A
CNNW_20210110_050000_CNN_Newsroom_Live.frames1fps/000634.jpg,No,.95,N/A,No,.95,N/A
CNNW_20210110_050000_CNN_Newsroom_Live.frames1fps/000635.jpg,No,.95,N/A,No,.95,N/A
CNNW_20210110_050000_CNN_Newsroom_Live.frames1fps/000636.jpg,No,.95,N/A,No,.95,N/A
CNNW_20210110_050000_CNN_Newsroom_Live.frames1fps/000637.jpg,No,.95,N/A,No,.95,N/A
CNNW_20210110_050000_CNN_Newsroom_Live.frames1fps/000638.jpg,No,.95,N/A,No,.95,N/A
CNNW_20210110_050000_CNN_Newsroom_Live.frames1fps/000639.jpg,No,.95,N/A,No,.95,N/A
CNNW_20210110_050000_CNN_Newsroom_Live.frames1fps/000640.jpg,No,.95,N/A,No,.95,N/A
CNNW_20210110_050000_CNN_Newsroom_Live.frames1fps/000641.jpg,No,.95,N/A,No,.95,N/A
CNNW_20210110_050000_CNN_Newsroom_Live.frames1fps/000642.jpg,No,.95,N/A,No,.95,N/A
CNNW_20210110_050000_CNN_Newsroom_Live.frames1fps/000643.jpg,No,.95,N/A,No,.95,N/A
CNNW_20210110_050000_CNN_Newsroom_Live.frames1fps/000644.jpg,No,.95,N/A,No,.95,N/A
CNNW_20210110_050000_CNN_Newsroom_Live.frames1fps/000645.jpg,No,.95,N/A,No,.95,N/A
CNNW_20210110_050000_CNN_Newsroom_Live.frames1fps/000646.jpg,No,.95,N/A,No,.95,N/A
CNNW_20210110_050000_CNN_Newsroom_Live.frames1fps/000647.jpg,No,.95,N/A,No,.95,N/A
CNNW_20210110_050000_CNN_Newsroom_Live.frames1fps/000648.jpg,No,.95,N/A,No,.95,N/A
CNNW_20210110_050000_CNN_Newsroom_Live.frames1fps/000649.jpg,No,.95,N/A,No,.95,N/A
CNNW_20210110_050000_CNN_Newsroom_Live.frames1fps/000650.jpg,No,.95,N/A,No,.95,N/A
CNNW_20210110_050000_CNN_Newsroom_Live.frames1fps/000651.jpg,No,.95,N/A,No,.95,N/A
CNNW_20210110_050000_CNN_Newsroom_Live.frames1fps/000652.jpg,No,.95,N/A,No,.95,N/A
CNNW_20210110_050000_CNN_Newsroom_Live.frames1fps/000653.jpg,No,.95,N/A,No,.95,N/A
CNNW_20210110_050000_CNN_Newsroom_Live.frames1fps/000654.jpg,No,.95,N/A,No,.95,N/A
CNNW_20210110_050000_CNN_Newsroom_Live.frames1fps/000655.jpg,No,.95,N/A,No,.95,N/A
CNNW_20210110_050000_CNN_Newsroom_Live.frames1fps/000656.jpg,No,.95,N/A,No,.95,N/A
CNNW_20210110_050000_CNN_Newsroom_Live.frames1fps/000657.jpg,No,.95,N/A,No,.95,N/A
CNNW_20210110_050000_CNN_Newsroom_Live.frames1fps/000658.jpg,No,.95,N/A,No,.95,N/A
CNNW_20210110_050000_CNN_Newsroom_Live.frames1fps/000659.jpg,No,.95,N/A,No,.95,N/A
CNNW_20210110_050000_CNN_Newsroom_Live.frames1fps/000660.jpg,No,.95,N/A,No,.95,N/A
CNNW_20210110_050000_CNN_Newsroom_Live.frames1fps/000661.jpg,No,.95,N/A,No,.95,N/A
CNNW_20210110_050000_CNN_Newsroom_Live.frames1fps/000662.jpg,No,.95,N/A,No,.95,N/A
CNNW_20210110_050000_CNN_Newsroom_Live.frames1fps/000663.jpg,No,.95,N/A,No,.95,N/A
CNNW_20210110_050000_CNN_Newsroom_Live.frames1fps/000664.jpg,No,.95,N/A,No,.95,N/A
CNNW_20210110_050000_CNN_Newsroom_Live.frames1fps/000665.jpg,No,.95,N/A,No,.95,N/A
CNNW_20210110_050000_CNN_Newsroom_Live.frames1fps/000666.jpg,No,.95,N/A,No,.95,N/A
CNNW_20210110_050000_CNN_Newsroom_Live.frames1fps/000667.jpg,No,.95,N/A,No,.95,N/A
CNNW_20210110_050000_CNN_Newsroom_Live.frames1fps/000668.jpg,No,.95,N/A,No,.95,N/A
CNNW_20210110_050000_CNN_Newsroom_Live.frames1fps/000669.jpg,No,.95,N/A,No,.95,N/A
CNNW_20210110_050000_CNN_Newsroom_Live.frames1fps/000670.jpg,No,.95,N/A,No,.95,N/A
CNNW_20210110_050000_CNN_Newsroom_Live.frames1fps/000671.jpg,No,.95,N/A,No,.95,N/A
CNNW_20210110_050000_CNN_Newsroom_Live.frames1fps/000672.jpg,No,.95,N/A,No,.95,N/A
CNNW_20210110_050000_CNN_Newsroom_Live.frames1fps/000673.jpg,No,.95,N/A,No,.95,N/A
CNNW_20210110_050000_CNN_Newsroom_Live.frames1fps/000674.jpg,No,.95,N/A,No,.95,N/A
CNNW_20210110_050000_CNN_Newsroom_Live.frames1fps/000675.jpg,No,.95,N/A,No,.95,N/A
CNNW_20210110_050000_CNN_Newsroom_Live.frames1fps/000676.jpg,No,.95,N/A,No,.95,N/A
CNNW_20210110_050000_CNN_Newsroom_Live.frames1fps/000677.jpg,No,.95,N/A,No,.95,N/A
CNNW_20210110_050000_CNN_Newsroom_Live.frames1fps/000678.jpg,No,.95,N/A,No,.95,N/A
CNNW_20210110_050000_CNN_Newsroom_Live.frames1fps/000679.jpg,No,.95,N/A,No,.95,N/A
CNNW_20210110_050000_CNN_Newsroom_Live.frames1fps/000680.jpg,No,.95,N/A,No,.95,N/A
CNNW_20210110_050000_CNN_Newsroom_Live.frames1fps/000681.jpg,No,.95,N/A,No,.95,N/A
CNNW_20210110_050000_CNN_Newsroom_Live.frames1fps/000682.jpg,No,.95,N/A,No,.95,N/A
CNNW_20210110_050000_CNN_Newsroom_Live.frames1fps/000683.jpg,No,.95,N/A,No,.95,N/A
CNNW_20210110_050000_CNN_Newsroom_Live.frames1fps/000684.jpg,No,.95,N/A,No,.95,N/A
CNNW_20210110_050000_CNN_Newsroom_Live.frames1fps/000685.jpg,No,.95,N/A,No,.95,N/A
CNNW_20210110_050000_CNN_Newsroom_Live.frames1fps/000686.jpg,No,.95,N/A,No,.95,N/A
CNNW_20210110_050000_CNN_Newsroom_Live.frames1fps/000687.jpg,No,.95,N/A,No,.95,N/A
CNNW_20210110_050000_CNN_Newsroom_Live.frames1fps/000688.jpg,No,.95,N/A,No,.95,N/A
CNNW_20210110_050000_CNN_Newsroom_Live.frames1fps/000689.jpg,No,.95,N/A,No,.95,N/A
CNNW_20210110_050000_CNN_Newsroom_Live.frames1fps/000690.jpg,No,.95,N/A,No,.95,N/A
CNNW_20210110_050000_CNN_Newsroom_Live.frames1fps/000691.jpg,No,.95,N/A,No,.95,N/A
CNNW_20210110_050000_CNN_Newsroom_Live.frames1fps/000692.jpg,No,.95,N/A,No,.95,N/A
CNNW_20210110_050000_CNN_Newsroom_Live.frames1fps/000693.jpg,No,.95,N/A,No,.95,N/A
CNNW_20210110_050000_CNN_Newsroom_Live.frames1fps/000694.jpg,No,.95,N/A,No,.95,N/A
CNNW_20210110_050000_CNN_Newsroom_Live.frames1fps/000695.jpg,No,.95,N/A,No,.95,N/A
CNNW_20210110_050000_CNN_Newsroom_Live.frames1fps/000696.jpg,No,.95,N/A,No,.95,N/A
CNNW_20210110_050000_CNN_Newsroom_Live.frames1fps/000697.jpg,No,.95,N/A,No,.95,N/A
CNNW_20210110_050000_CNN_Newsroom_Live.frames1fps/000698.jpg,No,.95,N/A,No,.95,N/A
CNNW_20210110_050000_CNN_Newsroom_Live.frames1fps/000699.jpg,No,.95,N/A,No,.95,N/A
CNNW_20210110_050000_CNN_Newsroom_Live.frames1fps/000700.jpg,No,.95,N/A,No,.95,N/A
CNNW_20210110_050000_CNN_Newsroom_Live.frames1fps/000701.jpg,No,.95,N/A,No,.95,N/A
CNNW_20210110_050000_CNN_Newsroom_Live.frames1fps/000702.jpg,No,.95,N/A,No,.95,N/A
CNNW_20210110_050000_CNN_Newsroom_Live.frames1fps/000703.jpg,No,.95,N/A,No,.95,N/A
CNNW_20210110_050000_CNN_Newsroom_Live.frames1fps/000704.jpg,No,.95,N/A,No,.95,N/A
CNNW_20210110_050000_CNN_Newsroom_Live.frames1fps/000705.jpg,No,.95,N/A,No,.95,N/A
CNNW_20210110_050000_CNN_Newsroom_Live.frames1fps/000706.jpg,No,.95,N/A,No,.95,N/A
CNNW_20210110_050000_CNN_Newsroom_Live.frames1fps/000707.jpg,No,.95,N/A,No,.95,N/A
CNNW_20210110_050000_CNN_Newsroom_Live.frames1fps/000708.jpg,No,.95,N/A,No,.95,N/A
CNNW_20210110_050000_CNN_Newsroom_Live.frames1fps/000709.jpg,No,.95,N/A,No,.95,N/A
CNNW_20210110_050000_CNN_Newsroom_Live.frames1fps/000710.jpg,No,.95,N/A,No,.95,N/A
CNNW_20210110_050000_CNN_Newsroom_Live.frames1fps/000711.jpg,No,.95,N/A,No,.95,N/A
CNNW_20210110_050000_CNN_Newsroom_Live.frames1fps/000712.jpg,No,.95,N/A,No,.95,N/A
CNNW_20210110_050000_CNN_Newsroom_Live.frames1fps/000713.jpg,No,.95,N/A,No,.95,N/A
CNNW_20210110_050000_CNN_Newsroom_Live.frames1fps/000714.jpg,No,.95,N/A,No,.95,N/A
CNNW_20210110_050000_CNN_Newsroom_Live.frames1fps/000715.jpg,No,.95,N/A,No,.95,N/A
CNNW_20210110_050000_CNN_Newsroom_Live.frames1fps/000716.jpg,No,.95,N/A,No,.95,N/A
CNNW_20210110_050000_CNN_Newsroom_Live.frames1fps/000717.jpg,No,.95,N/A,No,.95,N/A
CNNW_20210110_050000_CNN_Newsroom_Live.frames1fps/000718.jpg,No,.95,N/A,No,.95,N/A
CNNW_20210110_050000_CNN_Newsroom_Live.frames1fps/000719.jpg,No,.95,N/A,No,.95,N/A
CNNW_20210110_050000_CNN_Newsroom_Live.frames1fps/000720.jpg,No,.95,N/A,No,.95,N/A
CNNW_20210110_050000_CNN_Newsroom_Live.frames1fps/000721.jpg,No,.95,N/A,No,.95,N/A
CNNW_20210110_050000_CNN_Newsroom_Live.frames1fps/000722.jpg,No,.95,N/A,No,.95,N/A
CNNW_20210110_050000_CNN_Newsroom_Live.frames1fps/000723.jpg,No,.95,N/A,No,.95,N/A
CNNW_20210110_050000_CNN_Newsroom_Live.frames1fps/000724.jpg,No,.95,N/A,No,.95,N/A
CNNW_20210110_050000_CNN_Newsroom_Live.frames1fps/000725.jpg,No,.95,N/A,No,.95,N/A
CNNW_20210110_050000_CNN_Newsroom_Live.frames1fps/000726.jpg,No,.95,N/A,No,.95,N/A
CNNW_20210110_050000_CNN_Newsroom_Live.frames1fps/000727.jpg,No,.95,N/A,No,.95,N/A
CNNW_20210110_050000_CNN_Newsroom_Live.frames1fps/000728.jpg,No,.95,N/A,No,.95,N/A
CNNW_20210110_050000_CNN_Newsroom_Live.frames1fps/000729.jpg,No,.95,N/A,No,.95,N/A
CNNW_20210110_050000_CNN_Newsroom_Live.frames1fps/000730.jpg,No,.95,N/A,No,.95,N/A
CNNW_20210110_050000_CNN_Newsroom_Live.frames1fps/000731.jpg,No,.95,N/A,No,.95,N/A
CNNW_20210110_050000_CNN_Newsroom_Live.frames1fps/000732.jpg,No,.95,N/A,No,.95,N/A
CNNW_20210110_050000_CNN_Newsroom_Live.frames1fps/000733.jpg,No,.95,N/A,No,.95,N/A
CNNW_20210110_050000_CNN_Newsroom_Live.frames1fps/000734.jpg,No,.95,N/A,No,.95,N/A
CNNW_20210110_050000_CNN_Newsroom_Live.frames1fps/000735.jpg,No,.95,N/A,No,.95,N/A
CNNW_20210110_050000_CNN_Newsroom_Live.frames1fps/000736.jpg,No,.95,N/A,No,.95,N/A
CNNW_20210110_050000_CNN_Newsroom_Live.frames1fps/000737.jpg,No,.95,N/A,No,.95,N/A
CNNW_20210110_050000_CNN_Newsroom_Live.frames1fps/000738.jpg,No,.95,N/A,No,.95,N/A
CNNW_20210110_050000_CNN_Newsroom_Live.frames1fps/000739.jpg,No,.95,N/A,No,.95,N/A
CNNW_20210110_050000_CNN_Newsroom_Live.frames1fps/000740.jpg,No,.95,N/A,No,.95,N/A
CNNW_20210110_050000_CNN_Newsroom_Live.frames1fps/000741.jpg,No,.95,N/A,No,.95,N/A
CNNW_20210110_050000_CNN_Newsroom_Live.frames1fps/000742.jpg,No,.95,N/A,No,.95,N/A
CNNW_20210110_050000_CNN_Newsroom_Live.frames1fps/000743.jpg,No,.95,N/A,No,.95,N/A
CNNW_20210110_050000_CNN_Newsroom_Live.frames1fps/000744.jpg,No,.95,N/A,No,.95,N/A
CNNW_20210110_050000_CNN_Newsroom_Live.frames1fps/000745.jpg,No,.95,N/A,No,.95,N/A
CNNW_20210110_050000_CNN_Newsroom_Live.frames1fps/000746.jpg,No,.95,N/A,No,.95,N/A
CNNW_20210110_050000_CNN_Newsroom_Live.frames1fps/000747.jpg,No,.95,N/A,No,.95,N/A
CNNW_20210110_050000_CNN_Newsroom_Live.frames1fps/000748.jpg,No,.95,N/A,No,.95,N/A
CNNW_20210110_050000_CNN_Newsroom_Live.frames1fps/000749.jpg,No,.95,N/A,No,.95,N/A
CNNW_20210110_050000_CNN_Newsroom_Live.frames1fps/000750.jpg,No,.95,N/A,No,.95,N/A
CNNW_20210110_050000_CNN_Newsroom_Live.frames1fps/000751.jpg,No,.95,N/A,No,.95,N/A
CNNW_20210110_050000_CNN_Newsroom_Live.frames1fps/000752.jpg,No,.95,N/A,No,.95,N/A
CNNW_20210110_050000_CNN_Newsroom_Live.frames1fps/000753.jpg,No,.95,N/A,No,.95,N/A
CNNW_20210110_050000_CNN_Newsroom_Live.frames1fps/000754.jpg,No,.95,N/A,No,.95,N/A
CNNW_20210110_050000_CNN_Newsroom_Live.frames1fps/000755.jpg,No,.95,N/A,No,.95,N/A
CNNW_20210110_050000_CNN_Newsroom_Live.frames1fps/000756.jpg,No,.95,N/A,No,.95,N/A
CNNW_20210110_050000_CNN_Newsroom_Live.frames1fps/000757.jpg,No,.95,N/A,No,.95,N/A
CNNW_20210110_050000_CNN_Newsroom_Live.frames1fps/000758.jpg,No,.95,N/A,No,.95,N/A
CNNW_20210110_050000_CNN_Newsroom_Live.frames1fps/000759.jpg,No,.95,N/A,No,.95,N/A
CNNW_20210110_050000_CNN_Newsroom_Live.frames1fps/000760.jpg,No,.95,N/A,No,.95,N/A
CNNW_20210110_050000_CNN_Newsroom_Live.frames1fps/000761.jpg,No,.95,N/A,No,.95,N/A
CNNW_20210110_050000_CNN_Newsroom_Live.frames1fps/000762.jpg,No,.95,N/A,No,.95,N/A
CNNW_20210110_050000_CNN_Newsroom_Live.frames1fps/000763.jpg,No,.95,N/A,No,.95,N/A
CNNW_20210110_050000_CNN_Newsroom_Live.frames1fps/000764.jpg,No,.95,N/A,No,.95,N/A
CNNW_20210110_050000_CNN_Newsroom_Live.frames1fps/000765.jpg,No,.95,N/A,No,.95,N/A
CNNW_20210110_050000_CNN_Newsroom_Live.frames1fps/000766.jpg,No,.95,N/A,No,.95,N/A
CNNW_20210110_050000_CNN_Newsroom_Live.frames1fps/000767.jpg,No,.95,N/A,No,.95,N/A
CNNW_20210110_050000_CNN_Newsroom_Live.frames1fps/000768.jpg,No,.95,N/A,No,.95,N/A
CNNW_20210110_050000_CNN_Newsroom_Live.frames1fps/000769.jpg,No,.95,N/A,No,.95,N/A
CNNW_20210110_050000_CNN_Newsroom_Live.frames1fps/000770.jpg,No,.95,N/A,No,.95,N/A
CNNW_20210110_050000_CNN_Newsroom_Live.frames1fps/000771.jpg,No,.95,N/A,No,.95,N/A
CNNW_20210110_050000_CNN_Newsroom_Live.frames1fps/000772.jpg,No,.95,N/A,No,.95,N/A
CNNW_20210110_050000_CNN_Newsroom_Live.frames1fps/000773.jpg,No,.95,N/A,No,.95,N/A
CNNW_20210110_050000_CNN_Newsroom_Live.frames1fps/000774.jpg,No,.95,N/A,No,.95,N/A
CNNW_20210110_050000_CNN_Newsroom_Live.frames1fps/000775.jpg,No,.95,N/A,No,.95,N/A
CNNW_20210110_050000_CNN_Newsroom_Live.frames1fps/000776.jpg,No,.95,N/A,No,.95,N/A
CNNW_20210110_050000_CNN_Newsroom_Live.frames1fps/000777.jpg,No,.95,N/A,No,.95,N/A
CNNW_20210110_050000_CNN_Newsroom_Live.frames1fps/000778.jpg,No,.95,N/A,No,.95,N/A
CNNW_20210110_050000_CNN_Newsroom_Live.frames1fps/000779.jpg,No,.95,N/A,No,.95,N/A
CNNW_20210110_050000_CNN_Newsroom_Live.frames1fps/000780.jpg,No,.95,N/A,No,.95,N/A
CNNW_20210110_050000_CNN_Newsroom_Live.frames1fps/000781.jpg,No,.95,N/A,No,.95,N/A
CNNW_20210110_050000_CNN_Newsroom_Live.frames1fps/000782.jpg,No,.95,N/A,No,.95,N/A
CNNW_20210110_050000_CNN_Newsroom_Live.frames1fps/000783.jpg,No,.95,N/A,No,.95,N/A
CNNW_20210110_050000_CNN_Newsroom_Live.frames1fps/000784.jpg,No,.95,N/A,No,.95,N/A
CNNW_20210110_050000_CNN_Newsroom_Live.frames1fps/000785.jpg,No,.95,N/A,No,.95,N/A
CNNW_20210110_050000_CNN_Newsroom_Live.frames1fps/000786.jpg,No,.95,N/A,No,.95,N/A
CNNW_20210110_050000_CNN_Newsroom_Live.frames1fps/000787.jpg,No,.95,N/A,No,.95,N/A
CNNW_20210110_050000_CNN_Newsroom_Live.frames1fps/000788.jpg,No,.95,N/A,No,.95,N/A
CNNW_20210110_050000_CNN_Newsroom_Live.frames1fps/000789.jpg,No,.95,N/A,No,.95,N/A
CNNW_20210110_050000_CNN_Newsroom_Live.frames1fps/000790.jpg,No,.95,N/A,No,.95,N/A
CNNW_20210110_050000_CNN_Newsroom_Live.frames1fps/000791.jpg,No,.95,N/A,No,.95,N/A
CNNW_20210110_050000_CNN_Newsroom_Live.frames1fps/000792.jpg,No,.95,N/A,No,.95,N/A
CNNW_20210110_050000_CNN_Newsroom_Live.frames1fps/000793.jpg,No,.95,N/A,No,.95,N/A
CNNW_20210110_050000_CNN_Newsroom_Live.frames1fps/000794.jpg,No,.95,N/A,No,.95,N/A
CNNW_20210110_050000_CNN_Newsroom_Live.frames1fps/000795.jpg,No,.95,N/A,No,.95,N/A
CNNW_20210110_050000_CNN_Newsroom_Live.frames1fps/000796.jpg,No,.95,N/A,No,.95,N/A
CNNW_20210110_050000_CNN_Newsroom_Live.frames1fps/000797.jpg,No,.95,N/A,No,.95,N/A
CNNW_20210110_050000_CNN_Newsroom_Live.frames1fps/000798.jpg,No,.95,N/A,No,.95,N/A
CNNW_20210110_050000_CNN_Newsroom_Live.frames1fps/000799.jpg,No,.95,N/A,No,.95,N/A
CNNW_20210110_050000_CNN_Newsroom_Live.frames1fps/000800.jpg,No,.95,N/A,No,.95,N/A
CNNW_20210110_050000_CNN_Newsroom_Live.frames1fps/000801.jpg,No,.95,N/A,No,.95,N/A
CNNW_20210110_050000_CNN_Newsroom_Live.frames1fps/000802.jpg,No,.95,N/A,No,.95,N/A
CNNW_20210110_050000_CNN_Newsroom_Live.frames1fps/000803.jpg,No,.95,N/A,No,.95,N/A
CNNW_20210110_050000_CNN_Newsroom_Live.frames1fps/000804.jpg,No,.95,N/A,No,.95,N/A
CNNW_20210110_050000_CNN_Newsroom_Live.frames1fps/000805.jpg,No,.95,N/A,No,.95,N/A
CNNW_20210110_050000_CNN_Newsroom_Live.frames1fps/000806.jpg,No,.95,N/A,No,.95,N/A
CNNW_20210110_050000_CNN_Newsroom_Live.frames1fps/000807.jpg,No,.95,N/A,No,.95,N/A
CNNW_20210110_050000_CNN_Newsroom_Live.frames1fps/000808.jpg,No,.95,N/A,No,.95,N/A
CNNW_20210110_050000_CNN_Newsroom_Live.frames1fps/000809.jpg,No,.95,N/A,No,.95,N/A
CNNW_20210110_050000_CNN_Newsroom_Live.frames1fps/000810.jpg,No,.95,N/A,No,.95,N/A
CNNW_20210110_050000_CNN_Newsroom_Live.frames1fps/000811.jpg,No,.95,N/A,No,.95,N/A
CNNW_20210110_050000_CNN_Newsroom_Live.frames1fps/000812.jpg,No,.95,N/A,No,.95,N/A
CNNW_20210110_050000_CNN_Newsroom_Live.frames1fps/000813.jpg,No,.95,N/A,No,.95,N/A
CNNW_20210110_050000_CNN_Newsroom_Live.frames1fps/000814.jpg,No,.95,N/A,No,.95,N/A
CNNW_20210110_050000_CNN_Newsroom_Live.frames1fps/000815.jpg,No,.95,N/A,No,.95,N/A
CNNW_20210110_050000_CNN_Newsroom_Live.frames1fps/000816.jpg,No,.95,N/A,No,.95,N/A
CNNW_20210110_050000_CNN_Newsroom_Live.frames1fps/000817.jpg,No,.95,N/A,No,.95,N/A
CNNW_20210110_050000_CNN_Newsroom_Live.frames1fps/000818.jpg,No,.95,N/A,No,.95,N/A
CNNW_20210110_050000_CNN_Newsroom_Live.frames1fps/000819.jpg,No,.95,N/A,No,.95,N/A
CNNW_20210110_050000_CNN_Newsroom_Live.frames1fps/000820.jpg,No,.95,N/A,No,.95,N/A
CNNW_20210110_050000_CNN_Newsroom_Live.frames1fps/000821.jpg,No,.95,N/A,No,.95,N/A
CNNW_20210110_050000_CNN_Newsroom_Live.frames1fps/000822.jpg,No,.95,N/A,No,.95,N/A
CNNW_20210110_050000_CNN_Newsroom_Live.frames1fps/000823.jpg,No,.95,N/A,No,.95,N/A
CNNW_20210110_050000_CNN_Newsroom_Live.frames1fps/000824.jpg,No,.95,N/A,No,.95,N/A
CNNW_20210110_050000_CNN_Newsroom_Live.frames1fps/000825.jpg,No,.95,N/A,No,.95,N/A
CNNW_20210110_050000_CNN_Newsroom_Live.frames1fps/000826.jpg,No,.95,N/A,No,.95,N/A
CNNW_20210110_050000_CNN_Newsroom_Live.frames1fps/000827.jpg,No,.95,N/A,No,.95,N/A
CNNW_20210110_050000_CNN_Newsroom_Live.frames1fps/000828.jpg,No,.95,N/A,No,.95,N/A
CNNW_20210110_050000_CNN_Newsroom_Live.frames1fps/000829.jpg,No,.95,N/A,No,.95,N/A
CNNW_20210110_050000_CNN_Newsroom_Live.frames1fps/000830.jpg,No,.95,N/A,No,.95,N/A
CNNW_20210110_050000_CNN_Newsroom_Live.frames1fps/000831.jpg,No,.95,N/A,No,.95,N/A
CNNW_20210110_050000_CNN_Newsroom_Live.frames1fps/000832.jpg,No,.95,N/A,No,.95,N/A
CNNW_20210110_050000_CNN_Newsroom_Live.frames1fps/000833.jpg,No,.95,N/A,No,.95,N/A
CNNW_20210110_050000_CNN_Newsroom_Live.frames1fps/000834.jpg,No,.95,N/A,No,.95,N/A
CNNW_20210110_050000_CNN_Newsroom_Live.frames1fps/000835.jpg,No,.95,N/A,No,.95,N/A
CNNW_20210110_050000_CNN_Newsroom_Live.frames1fps/000836.jpg,No,.95,N/A,No,.95,N/A
CNNW_20210110_050000_CNN_Newsroom_Live.frames1fps/000837.jpg,No,.95,N/A,No,.95,N/A
CNNW_20210110_050000_CNN_Newsroom_Live.frames1fps/000838.jpg,No,.95,N/A,No,.95,N/A
CNNW_20210110_050000_CNN_Newsroom_Live.frames1fps/000839.jpg,No,.95,N/A,No,.95,N/A
CNNW_20210110_050000_CNN_Newsroom_Live.frames1fps/000840.jpg,No,.95,N/A,No,.95,N/A
CNNW_20210110_050000_CNN_Newsroom_Live.frames1fps/000841.jpg,No,.95,N/A,No,.95,N/A
CNNW_20210110_050000_CNN_Newsroom_Live.frames1fps/000842.jpg,No,.95,N/A,No,.95,N/A
CNNW_20210110_050000_CNN_Newsroom_Live.frames1fps/000843.jpg,No,.95,N/A,No,.95,N/A
CNNW_20210110_050000_CNN_Newsroom_Live.frames1fps/000844.jpg,No,.95,N/A,No,.95,N/A
CNNW_20210110_050000_CNN_Newsroom_Live.frames1fps/000845.jpg,No,.95,N/A,No,.95,N/A
CNNW_20210110_050000_CNN_Newsroom_Live.frames1fps/000846.jpg,No,.95,N/A,No,.95,N/A
CNNW_20210110_050000_CNN_Newsroom_Live.frames1fps/000847.jpg,No,.95,N/A,No,.95,N/A
CNNW_20210110_050000_CNN_Newsroom_Live.frames1fps/000848.jpg,No,.95,N/A,No,.95,N/A
CNNW_20210110_050000_CNN_Newsroom_Live.frames1fps/000849.jpg,No,.95,N/A,No,.95,N/A
CNNW_20210110_050000_CNN_Newsroom_Live.frames1fps/000850.jpg,No,.95,N/A,No,.95,N/A
CNNW_20210110_050000_CNN_Newsroom_Live.frames1fps/000851.jpg,No,.95,N/A,No,.95,N/A
CNNW_20210110_050000_CNN_Newsroom_Live.frames1fps/000852.jpg,No,.95,N/A,No,.95,N/A
CNNW_20210110_050000_CNN_Newsroom_Live.frames1fps/000853.jpg,No,.95,N/A,No,.95,N/A
CNNW_20210110_050000_CNN_Newsroom_Live.frames1fps/000854.jpg,No,.95,N/A,No,.95,N/A
CNNW_20210110_050000_CNN_Newsroom_Live.frames1fps/000855.jpg,No,.95,N/A,No,.95,N/A
CNNW_20210110_050000_CNN_Newsroom_Live.frames1fps/000856.jpg,No,.95,N/A,No,.95,N/A
CNNW_20210110_050000_CNN_Newsroom_Live.frames1fps/000857.jpg,No,.95,N/A,No,.95,N/A
CNNW_20210110_050000_CNN_Newsroom_Live.frames1fps/000858.jpg,No,.95,N/A,No,.95,N/A
CNNW_20210110_050000_CNN_Newsroom_Live.frames1fps/000859.jpg,No,.95,N/A,No,.95,N/A
CNNW_20210110_050000_CNN_Newsroom_Live.frames1fps/000860.jpg,No,.95,N/A,No,.95,N/A
CNNW_20210110_050000_CNN_Newsroom_Live.frames1fps/000861.jpg,No,.95,N/A,No,.95,N/A
CNNW_20210110_050000_CNN_Newsroom_Live.frames1fps/000862.jpg,No,.95,N/A,No,.95,N/A
CNNW_20210110_050000_CNN_Newsroom_Live.frames1fps/000863.jpg,No,.95,N/A,No,.95,N/A
CNNW_20210110_050000_CNN_Newsroom_Live.frames1fps/000864.jpg,No,.95,N/A,No,.95,N/A
CNNW_20210110_050000_CNN_Newsroom_Live.frames1fps/000865.jpg,No,.95,N/A,No,.95,N/A
CNNW_20210110_050000_CNN_Newsroom_Live.frames1fps/000866.jpg,No,.95,N/A,No,.95,N/A
CNNW_20210110_050000_CNN_Newsroom_Live.frames1fps/000867.jpg,No,.95,N/A,No,.95,N/A
CNNW_20210110_050000_CNN_Newsroom_Live.frames1fps/000868.jpg,No,.95,N/A,No,.95,N/A
CNNW_20210110_050000_CNN_Newsroom_Live.frames1fps/000869.jpg,No,.95,N/A,No,.95,N/A
CNNW_20210110_050000_CNN_Newsroom_Live.frames1fps/000870.jpg,No,.95,N/A,No,.95,N/A
CNNW_20210110_050000_CNN_Newsroom_Live.frames1fps/000871.jpg,No,.95,N/A,No,.95,N/A
CNNW_20210110_050000_CNN_Newsroom_Live.frames1fps/000872.jpg,No,.95,N/A,No,.95,N/A
CNNW_20210110_050000_CNN_Newsroom_Live.frames1fps/000873.jpg,No,.95,N/A,No,.95,N/A
CNNW_20210110_050000_CNN_Newsroom_Live.frames1fps/000874.jpg,No,.95,N/A,No,.95,N/A
CNNW_20210110_050000_CNN_Newsroom_Live.frames1fps/000875.jpg,No,.95,N/A,No,.95,N/A
CNNW_20210110_050000_CNN_Newsroom_Live.frames1fps/000876.jpg,No,.95,N/A,No,.95,N/A
CNNW_20210110_050000_CNN_Newsroom_Live.frames1fps/000877.jpg,No,.95,N/A,No,.95,N/A
CNNW_20210110_050000_CNN_Newsroom_Live.frames1fps/000878.jpg,No,.95,N/A,No,.95,N/A
CNNW_20210110_050000_CNN_Newsroom_Live.frames1fps/000879.jpg,No,.95,N/A,No,.95,N/A
CNNW_20210110_050000_CNN_Newsroom_Live.frames1fps/000880.jpg,No,.95,N/A,No,.95,N/A
CNNW_20210110_050000_CNN_Newsroom_Live.frames1fps/000881.jpg,No,.95,N/A,No,.95,N/A
CNNW_20210110_050000_CNN_Newsroom_Live.frames1fps/000882.jpg,No,.95,N/A,No,.95,N/A
CNNW_20210110_050000_CNN_Newsroom_Live.frames1fps/000883.jpg,No,.95,N/A,No,.95,N/A
CNNW_20210110_050000_CNN_Newsroom_Live.frames1fps/000884.jpg,No,.95,N/A,No,.95,N/A
CNNW_20210110_050000_CNN_Newsroom_Live.frames1fps/000885.jpg,No,.95,N/A,No,.95,N/A
CNNW_20210110_050000_CNN_Newsroom_Live.frames1fps/000886.jpg,No,.95,N/A,No,.95,N/A
CNNW_20210110_050000_CNN_Newsroom_Live.frames1fps/000887.jpg,No,.95,N/A,No,.95,N/A
CNNW_20210110_050000_CNN_Newsroom_Live.frames1fps/000888.jpg,No,.95,N/A,No,.95,N/A
CNNW_20210110_050000_CNN_Newsroom_Live.frames1fps/000889.jpg,No,.95,N/A,No,.95,N/A
CNNW_20210110_050000_CNN_Newsroom_Live.frames1fps/000890.jpg,No,.95,N/A,No,.95,N/A
CNNW_20210110_050000_CNN_Newsroom_Live.frames1fps/000891.jpg,No,.95,N/A,No,.95,N/A
CNNW_20210110_050000_CNN_Newsroom_Live.frames1fps/000892.jpg,No,.95,N/A,No,.95,N/A
CNNW_20210110_050000_CNN_Newsroom_Live.frames1fps/000893.jpg,No,.95,N/A,No,.95,N/A
CNNW_20210110_050000_CNN_Newsroom_Live.frames1fps/000894.jpg,No,.95,N/A,No,.95,N/A
CNNW_20210110_050000_CNN_Newsroom_Live.frames1fps/000895.jpg,No,.95,N/A,No,.95,N/A
CNNW_20210110_050000_CNN_Newsroom_Live.frames1fps/000896.jpg,No,.95,N/A,No,.95,N/A
CNNW_20210110_050000_CNN_Newsroom_Live.frames1fps/000897.jpg,No,.95,N/A,No,.95,N/A
CNNW_20210110_050000_CNN_Newsroom_Live.frames1fps/000898.jpg,No,.95,N/A,No,.95,N/A
CNNW_20210110_050000_CNN_Newsroom_Live.frames1fps/000899.jpg,No,.95,N/A,No,.95,N/A
CNNW_20210110_050000_CNN_Newsroom_Live.frames1fps/000900.jpg,No,.95,N/A,No,.95,N/A
CNNW_20210110_050000_CNN_Newsroom_Live.frames1fps/000901.jpg,No,.95,N/A,No,.95,N/A
CNNW_20210110_050000_CNN_Newsroom_Live.frames1fps/000902.jpg,No,.95,N/A,No,.95,N/A
CNNW_20210110_050000_CNN_Newsroom_Live.frames1fps/000903.jpg,No,.95,N/A,No,.95,N/A
CNNW_20210110_050000_CNN_Newsroom_Live.frames1fps/000904.jpg,No,.95,N/A,No,.95,N/A
CNNW_20210110_050000_CNN_Newsroom_Live.frames1fps/000905.jpg,No,.95,N/A,No,.95,N/A
CNNW_20210110_050000_CNN_Newsroom_Live.frames1fps/000906.jpg,No,.95,N/A,No,.95,N/A
CNNW_20210110_050000_CNN_Newsroom_Live.frames1fps/000907.jpg,No,.95,N/A,No,.95,N/A
CNNW_20210110_050000_CNN_Newsroom_Live.frames1fps/000908.jpg,No,.95,N/A,No,.95,N/A
CNNW_20210110_050000_CNN_Newsroom_Live.frames1fps/000909.jpg,No,.95,N/A,No,.95,N/A
CNNW_20210110_050000_CNN_Newsroom_Live.frames1fps/000910.jpg,No,.95,N/A,No,.95,N/A
CNNW_20210110_050000_CNN_Newsroom_Live.frames1fps/000911.jpg,No,.95,N/A,No,.95,N/A
CNNW_20210110_050000_CNN_Newsroom_Live.frames1fps/000912.jpg,No,.95,N/A,No,.95,N/A
CNNW_20210110_050000_CNN_Newsroom_Live.frames1fps/000913.jpg,No,.95,N/A,No,.95,N/A
CNNW_20210110_050000_CNN_Newsroom_Live.frames1fps/000914.jpg,No,.95,N/A,No,.95,N/A
CNNW_20210110_050000_CNN_Newsroom_Live.frames1fps/000915.jpg,No,.95,N/A,No,.95,N/A
CNNW_20210110_050000_CNN_Newsroom_Live.frames1fps/000916.jpg,No,.95,N/A,No,.95,N/A
CNNW_20210110_050000_CNN_Newsroom_Live.frames1fps/000917.jpg,No,.95,N/A,No,.95,N/A
CNNW_20210110_050000_CNN_Newsroom_Live.frames1fps/000918.jpg,No,.95,N/A,No,.95,N/A
CNNW_20210110_050000_CNN_Newsroom_Live.frames1fps/000919.jpg,No,.95,N/A,No,.95,N/A
CNNW_20210110_050000_CNN_Newsroom_Live.frames1fps/000920.jpg,No,.95,N/A,No,.95,N/A
CNNW_20210110_050000_CNN_Newsroom_Live.frames1fps/000921.jpg,No,.95,N/A,No,.95,N/A
CNNW_20210110_050000_CNN_Newsroom_Live.frames1fps/000922.jpg,No,.95,N/A,No,.95,N/A
CNNW_20210110_050000_CNN_Newsroom_Live.frames1fps/000923.jpg,No,.95,N/A,No,.95,N/A
CNNW_20210110_050000_CNN_Newsroom_Live.frames1fps/000924.jpg,No,.95,N/A,No,.95,N/A
CNNW_20210110_050000_CNN_Newsroom_Live.frames1fps/000925.jpg,No,.95,N/A,No,.95,N/A
CNNW_20210110_050000_CNN_Newsroom_Live.frames1fps/000926.jpg,No,.95,N/A,No,.95,N/A
CNNW_20210110_050000_CNN_Newsroom_Live.frames1fps/000927.jpg,No,.95,N/A,No,.95,N/A
CNNW_20210110_050000_CNN_Newsroom_Live.frames1fps/000928.jpg,No,.95,N/A,No,.95,N/A
CNNW_20210110_050000_CNN_Newsroom_Live.frames1fps/000929.jpg,No,.95,N/A,No,.95,N/A
CNNW_20210110_050000_CNN_Newsroom_Live.frames1fps/000930.jpg,No,.95,N/A,No,.95,N/A
CNNW_20210110_050000_CNN_Newsroom_Live.frames1fps/000931.jpg,No,.95,N/A,No,.95,N/A
CNNW_20210110_050000_CNN_Newsroom_Live.frames1fps/000932.jpg,No,.95,N/A,No,.95,N/A
CNNW_20210110_050000_CNN_Newsroom_Live.frames1fps/000933.jpg,No,.95,N/A,No,.95,N/A
CNNW_20210110_050000_CNN_Newsroom_Live.frames1fps/000934.jpg,No,.95,N/A,No,.95,N/A
CNNW_20210110_050000_CNN_Newsroom_Live.frames1fps/000935.jpg,No,.95,N/A,No,.95,N/A
CNNW_20210110_050000_CNN_Newsroom_Live.frames1fps/000936.jpg,No,.95,N/A,No,.95,N/A
CNNW_20210110_050000_CNN_Newsroom_Live.frames1fps/000937.jpg,No,.95,N/A,No,.95,N/A
CNNW_20210110_050000_CNN_Newsroom_Live.frames1fps/000938.jpg,No,.95,N/A,No,.95,N/A
CNNW_20210110_050000_CNN_Newsroom_Live.frames1fps/000939.jpg,No,.95,N/A,No,.95,N/A
CNNW_20210110_050000_CNN_Newsroom_Live.frames1fps/000940.jpg,No,.95,N/A,No,.95,N/A
CNNW_20210110_050000_CNN_Newsroom_Live.frames1fps/000941.jpg,No,.95,N/A,No,.95,N/A
CNNW_20210110_050000_CNN_Newsroom_Live.frames1fps/000942.jpg,No,.95,N/A,No,.95,N/A
CNNW_20210110_050000_CNN_Newsroom_Live.frames1fps/000943.jpg,No,.95,N/A,No,.95,N/A
CNNW_20210110_050000_CNN_Newsroom_Live.frames1fps/000944.jpg,No,.95,N/A,No,.95,N/A
CNNW_20210110_050000_CNN_Newsroom_Live.frames1fps/000945.jpg,No,.95,N/A,No,.95,N/A
CNNW_20210110_050000_CNN_Newsroom_Live.frames1fps/000946.jpg,No,.95,N/A,No,.95,N/A
CNNW_20210110_050000_CNN_Newsroom_Live.frames1fps/000947.jpg,No,.95,N/A,No,.95,N/A
CNNW_20210110_050000_CNN_Newsroom_Live.frames1fps/000948.jpg,No,.95,N/A,No,.95,N/A
CNNW_20210110_050000_CNN_Newsroom_Live.frames1fps/000949.jpg,No,.95,N/A,No,.95,N/A
CNNW_20210110_050000_CNN_Newsroom_Live.frames1fps/000950.jpg,No,.95,N/A,No,.95,N/A
CNNW_20210110_050000_CNN_Newsroom_Live.frames1fps/000951.jpg,No,.95,N/A,No,.95,N/A
CNNW_20210110_050000_CNN_Newsroom_Live.frames1fps/000952.jpg,No,.95,N/A,No,.95,N/A
CNNW_20210110_050000_CNN_Newsroom_Live.frames1fps/000953.jpg,No,.95,N/A,No,.95,N/A
CNNW_20210110_050000_CNN_Newsroom_Live.frames1fps/000954.jpg,No,.95,N/A,No,.95,N/A
CNNW_20210110_050000_CNN_Newsroom_Live.frames1fps/000955.jpg,No,.95,N/A,No,.95,N/A
CNNW_20210110_050000_CNN_Newsroom_Live.frames1fps/000956.jpg,No,.95,N/A,No,.95,N/A
CNNW_20210110_050000_CNN_Newsroom_Live.frames1fps/000957.jpg,No,.95,N/A,No,.95,N/A
CNNW_20210110_050000_CNN_Newsroom_Live.frames1fps/000958.jpg,No,.95,N/A,No,.95,N/A
CNNW_20210110_050000_CNN_Newsroom_Live.frames1fps/000959.jpg,No,.95,N/A,No,.95,N/A
CNNW_20210110_050000_CNN_Newsroom_Live.frames1fps/000960.jpg,No,.95,N/A,No,.95,N/A
CNNW_20210110_050000_CNN_Newsroom_Live.frames1fps/000961.jpg,No,.95,N/A,No,.95,N/A
CNNW_20210110_050000_CNN_Newsroom_Live.frames1fps/000962.jpg,No,.95,N/A,No,.95,N/A
CNNW_20210110_050000_CNN_Newsroom_Live.frames1fps/000963.jpg,No,.95,N/A,No,.95,N/A
CNNW_20210110_050000_CNN_Newsroom_Live.frames1fps/000964.jpg,No,.95,N/A,No,.95,N/A
CNNW_20210110_050000_CNN_Newsroom_Live.frames1fps/000965.jpg,No,.95,N/A,No,.95,N/A
CNNW_20210110_050000_CNN_Newsroom_Live.frames1fps/000966.jpg,No,.95,N/A,No,.95,N/A
CNNW_20210110_050000_CNN_Newsroom_Live.frames1fps/000967.jpg,No,.95,N/A,No,.95,N/A
CNNW_20210110_050000_CNN_Newsroom_Live.frames1fps/000968.jpg,No,.95,N/A,No,.95,N/A
CNNW_20210110_050000_CNN_Newsroom_Live.frames1fps/000969.jpg,No,.95,N/A,No,.95,N/A
CNNW_20210110_050000_CNN_Newsroom_Live.frames1fps/000970.jpg,No,.95,N/A,No,.95,N/A
CNNW_20210110_050000_CNN_Newsroom_Live.frames1fps/000971.jpg,No,.95,N/A,No,.95,N/A
CNNW_20210110_050000_CNN_Newsroom_Live.frames1fps/000972.jpg,No,.95,N/A,No,.95,N/A
CNNW_20210110_050000_CNN_Newsroom_Live.frames1fps/000973.jpg,No,.95,N/A,No,.95,N/A
CNNW_20210110_050000_CNN_Newsroom_Live.frames1fps/000974.jpg,No,.95,N/A,No,.95,N/A
CNNW_20210110_050000_CNN_Newsroom_Live.frames1fps/000975.jpg,No,.95,N/A,No,.95,N/A
CNNW_20210110_050000_CNN_Newsroom_Live.frames1fps/000976.jpg,No,.95,N/A,No,.95,N/A
CNNW_20210110_050000_CNN_Newsroom_Live.frames1fps/000977.jpg,No,.95,N/A,No,.95,N/A
CNNW_20210110_050000_CNN_Newsroom_Live.frames1fps/000978.jpg,No,.95,N/A,No,.95,N/A
CNNW_20210110_050000_CNN_Newsroom_Live.frames1fps/000979.jpg,No,.95,N/A,No,.95,N/A
CNNW_20210110_050000_CNN_Newsroom_Live.frames1fps/000980.jpg,No,.95,N/A,No,.95,N/A
CNNW_20210110_050000_CNN_Newsroom_Live.frames1fps/000981.jpg,No,.95,N/A,No,.95,N/A
CNNW_20210110_050000_CNN_Newsroom_Live.frames1fps/000982.jpg,No,.95,N/A,No,.95,N/A
CNNW_20210110_050000_CNN_Newsroom_Live.frames1fps/000983.jpg,No,.95,N/A,No,.95,N/A
CNNW_20210110_050000_CNN_Newsroom_Live.frames1fps/000984.jpg,No,.95,N/A,No,.95,N/A
CNNW_20210110_050000_CNN_Newsroom_Live.frames1fps/000985.jpg,No,.95,N/A,No,.95,N/A
CNNW_20210110_050000_CNN_Newsroom_Live.frames1fps/000986.jpg,No,.95,N/A,No,.95,N/A
CNNW_20210110_050000_CNN_Newsroom_Live.frames1fps/000987.jpg,No,.95,N/A,No,.95,N/A
CNNW_20210110_050000_CNN_Newsroom_Live.frames1fps/000988.jpg,No,.95,N/A,No,.95,N/A
CNNW_20210110_050000_CNN_Newsroom_Live.frames1fps/000989.jpg,No,.95,N/A,No,.95,N/A
CNNW_20210110_050000_CNN_Newsroom_Live.frames1fps/000990.jpg,No,.95,N/A,No,.95,N/A
CNNW_20210110_050000_CNN_Newsroom_Live.frames1fps/000991.jpg,No,.95,N/A,No,.95,N/A
CNNW_20210110_050000_CNN_Newsroom_Live.frames1fps/000992.jpg,No,.95,N/A,No,.95,N/A
CNNW_20210110_050000_CNN_Newsroom_Live.frames1fps/000993.jpg,No,.95,N/A,No,.95,N/A
CNNW_20210110_050000_CNN_Newsroom_Live.frames1fps/000994.jpg,No,.95,N/A,No,.95,N/A
CNNW_20210110_050000_CNN_Newsroom_Live.frames1fps/000995.jpg,No,.95,N/A,No,.95,N/A
CNNW_20210110_050000_CNN_Newsroom_Live.frames1fps/000996.jpg,No,.95,N/A,No,.95,N/A
CNNW_20210110_050000_CNN_Newsroom_Live.frames1fps/000997.jpg,No,.95,N/A,No,.95,N/A
CNNW_20210110_050000_CNN_Newsroom_Live.frames1fps/000998.jpg,No,.95,N/A,No,.95,N/A
CNNW_20210110_050000_CNN_Newsroom_Live.frames1fps/000999.jpg,No,.95,N/A,No,.95,N/A
CNNW_20210110_050000_CNN_Newsroom_Live.frames1fps/001000.jpg,No,.95,N/A,No,.95,N/A
CNNW_20210110_050000_CNN_Newsroom_Live.frames1fps/001001.jpg,No,.95,N/A,No,.95,N/A
CNNW_20210110_050000_CNN_Newsroom_Live.frames1fps/001002.jpg,No,.95,N/A,No,.95,N/A
CNNW_20210110_050000_CNN_Newsroom_Live.frames1fps/001003.jpg,No,.95,N/A,No,.95,N/A
CNNW_20210110_050000_CNN_Newsroom_Live.frames1fps/001004.jpg,No,.95,N/A,No,.95,N/A
CNNW_20210110_050000_CNN_Newsroom_Live.frames1fps/001005.jpg,No,.95,N/A,No,.95,N/A
CNNW_20210110_050000_CNN_Newsroom_Live.frames1fps/001006.jpg,No,.95,N/A,No,.95,N/A
CNNW_20210110_050000_CNN_Newsroom_Live.frames1fps/001007.jpg,No,.95,N/A,No,.95,N/A
CNNW_20210110_050000_CNN_Newsroom_Live.frames1fps/001008.jpg,No,.95,N/A,No,.95,N/A
CNNW_20210110_050000_CNN_Newsroom_Live.frames1fps/001009.jpg,No,.95,N/A,No,.95,N/A
CNNW_20210110_050000_CNN_Newsroom_Live.frames1fps/001010.jpg,No,.95,N/A,No,.95,N/A
CNNW_20210110_050000_CNN_Newsroom_Live.frames1fps/001011.jpg,No,.95,N/A,No,.95,N/A
CNNW_20210110_050000_CNN_Newsroom_Live.frames1fps/001012.jpg,No,.95,N/A,No,.95,N/A
CNNW_20210110_050000_CNN_Newsroom_Live.frames1fps/001013.jpg,No,.95,N/A,No,.95,N/A
CNNW_20210110_050000_CNN_Newsroom_Live.frames1fps/001014.jpg,No,.95,N/A,No,.95,N/A
CNNW_20210110_050000_CNN_Newsroom_Live.frames1fps/001015.jpg,No,.95,N/A,No,.95,N/A
CNNW_20210110_050000_CNN_Newsroom_Live.frames1fps/001016.jpg,No,.95,N/A,No,.95,N/A
CNNW_20210110_050000_CNN_Newsroom_Live.frames1fps/001017.jpg,No,.95,N/A,No,.95,N/A
CNNW_20210110_050000_CNN_Newsroom_Live.frames1fps/001018.jpg,No,.95,N/A,No,.95,N/A
CNNW_20210110_050000_CNN_Newsroom_Live.frames1fps/001019.jpg,No,.95,N/A,No,.95,N/A
CNNW_20210110_050000_CNN_Newsroom_Live.frames1fps/001020.jpg,No,.95,N/A,No,.95,N/A
CNNW_20210110_050000_CNN_Newsroom_Live.frames1fps/001021.jpg,No,.95,N/A,No,.95,N/A
CNNW_20210110_050000_CNN_Newsroom_Live.frames1fps/001022.jpg,No,.95,N/A,No,.95,N/A
CNNW_20210110_050000_CNN_Newsroom_Live.frames1fps/001023.jpg,No,.95,N/A,No,.95,N/A
CNNW_20210110_050000_CNN_Newsroom_Live.frames1fps/001024.jpg,No,.95,N/A,No,.95,N/A
CNNW_20210110_050000_CNN_Newsroom_Live.frames1fps/001025.jpg,No,.95,N/A,No,.95,N/A
CNNW_20210110_050000_CNN_Newsroom_Live.frames1fps/001026.jpg,No,.95,N/A,No,.95,N/A
CNNW_20210110_050000_CNN_Newsroom_Live.frames1fps/001027.jpg,No,.95,N/A,No,.95,N/A
CNNW_20210110_050000_CNN_Newsroom_Live.frames1fps/001028.jpg,No,.95,N/A,No,.95,N/A
CNNW_20210110_050000_CNN_Newsroom_Live.frames1fps/001029.jpg,No,.95,N/A,No,.95,N/A
CNNW_20210110_050000_CNN_Newsroom_Live.frames1fps/001030.jpg,No,.95,N/A,No,.95,N/A
CNNW_20210110_050000_CNN_Newsroom_Live.frames1fps/001031.jpg,No,.95,N/A,No,.95,N/A
CNNW_20210110_050000_CNN_Newsroom_Live.frames1fps/001032.jpg,No,.95,N/A,No,.95,N/A
CNNW_20210110_050000_CNN_Newsroom_Live.frames1fps/001033.jpg,No,.95,N/A,No,.95,N/A
CNNW_20210110_050000_CNN_Newsroom_Live.frames1fps/001034.jpg,No,.95,N/A,No,.95,N/A
CNNW_20210110_050000_CNN_Newsroom_Live.frames1fps/001035.jpg,No,.95,N/A,No,.95,N/A
CNNW_20210110_050000_CNN_Newsroom_Live.frames1fps/001036.jpg,No,.95,N/A,No,.95,N/A
CNNW_20210110_050000_CNN_Newsroom_Live.frames1fps/001037.jpg,No,.95,N/A,No,.95,N/A
CNNW_20210110_050000_CNN_Newsroom_Live.frames1fps/001038.jpg,No,.95,N/A,No,.95,N/A
CNNW_20210110_050000_CNN_Newsroom_Live.frames1fps/001039.jpg,No,.95,N/A,No,.95,N/A
CNNW_20210110_050000_CNN_Newsroom_Live.frames1fps/001040.jpg,No,.95,N/A,No,.95,N/A
CNNW_20210110_050000_CNN_Newsroom_Live.frames1fps/001041.jpg,No,.95,N/A,No,.95,N/A
CNNW_20210110_050000_CNN_Newsroom_Live.frames1fps/001042.jpg,No,.95,N/A,No,.95,N/A
CNNW_20210110_050000_CNN_Newsroom_Live.frames1fps/001043.jpg,No,.95,N/A,No,.95,N/A
CNNW_20210110_050000_CNN_Newsroom_Live.frames1fps/001044.jpg,No,.95,N/A,No,.95,N/A
CNNW_20210110_050000_CNN_Newsroom_Live.frames1fps/001045.jpg,No,.95,N/A,No,.95,N/A
CNNW_20210110_050000_CNN_Newsroom_Live.frames1fps/001046.jpg,No,.95,N/A,No,.95,N/A
CNNW_20210110_050000_CNN_Newsroom_Live.frames1fps/001047.jpg,No,.95,N/A,No,.95,N/A
CNNW_20210110_050000_CNN_Newsroom_Live.frames1fps/001048.jpg,No,.95,N/A,No,.95,N/A
CNNW_20210110_050000_CNN_Newsroom_Live.frames1fps/001049.jpg,No,.95,N/A,No,.95,N/A
CNNW_20210110_050000_CNN_Newsroom_Live.frames1fps/001050.jpg,No,.95,N/A,No,.95,N/A
CNNW_20210110_050000_CNN_Newsroom_Live.frames1fps/001051.jpg,No,.95,N/A,No,.95,N/A
CNNW_20210110_050000_CNN_Newsroom_Live.frames1fps/001052.jpg,No,.95,N/A,No,.95,N/A
CNNW_20210110_050000_CNN_Newsroom_Live.frames1fps/001053.jpg,No,.95,N/A,No,.95,N/A
CNNW_20210110_050000_CNN_Newsroom_Live.frames1fps/001054.jpg,No,.95,N/A,No,.95,N/A
CNNW_20210110_050000_CNN_Newsroom_Live.frames1fps/001055.jpg,No,.95,N/A,No,.95,N/A
CNNW_20210110_050000_CNN_Newsroom_Live.frames1fps/001056.jpg,No,.95,N/A,No,.95,N/A
CNNW_20210110_050000_CNN_Newsroom_Live.frames1fps/001057.jpg,No,.95,N/A,No,.95,N/A
CNNW_20210110_050000_CNN_Newsroom_Live.frames1fps/001058.jpg,No,.95,N/A,No,.95,N/A
CNNW_20210110_050000_CNN_Newsroom_Live.frames1fps/001059.jpg,No,.95,N/A,No,.95,N/A
CNNW_20210110_050000_CNN_Newsroom_Live.frames1fps/001060.jpg,No,.95,N/A,No,.95,N/A
CNNW_20210110_050000_CNN_Newsroom_Live.frames1fps/001061.jpg,No,.95,N/A,No,.95,N/A
CNNW_20210110_050000_CNN_Newsroom_Live.frames1fps/001062.jpg,No,.95,N/A,No,.95,N/A
CNNW_20210110_050000_CNN_Newsroom_Live.frames1fps/001063.jpg,No,.95,N/A,No,.95,N/A
CNNW_20210110_050000_CNN_Newsroom_Live.frames1fps/001064.jpg,No,.95,N/A,No,.95,N/A
CNNW_20210110_050000_CNN_Newsroom_Live.frames1fps/001065.jpg,No,.95,N/A,No,.95,N/A
CNNW_20210110_050000_CNN_Newsroom_Live.frames1fps/001066.jpg,No,.95,N/A,No,.95,N/A
CNNW_20210110_050000_CNN_Newsroom_Live.frames1fps/001067.jpg,No,.95,N/A,No,.95,N/A
CNNW_20210110_050000_CNN_Newsroom_Live.frames1fps/001068.jpg,No,.95,N/A,No,.95,N/A
CNNW_20210110_050000_CNN_Newsroom_Live.frames1fps/001069.jpg,No,.95,N/A,No,.95,N/A
CNNW_20210110_050000_CNN_Newsroom_Live.frames1fps/001070.jpg,No,.95,N/A,No,.95,N/A
CNNW_20210110_050000_CNN_Newsroom_Live.frames1fps/001071.jpg,No,.95,N/A,No,.95,N/A
CNNW_20210110_050000_CNN_Newsroom_Live.frames1fps/001072.jpg,No,.95,N/A,No,.95,N/A
CNNW_20210110_050000_CNN_Newsroom_Live.frames1fps/001073.jpg,No,.95,N/A,No,.95,N/A
CNNW_20210110_050000_CNN_Newsroom_Live.frames1fps/001074.jpg,No,.95,N/A,No,.95,N/A
CNNW_20210110_050000_CNN_Newsroom_Live.frames1fps/001075.jpg,No,.95,N/A,No,.95,N/A
CNNW_20210110_050000_CNN_Newsroom_Live.frames1fps/001076.jpg,No,.95,N/A,No,.95,N/A
CNNW_20210110_050000_CNN_Newsroom_Live.frames1fps/001077.jpg,No,.95,N/A,No,.95,N/A
CNNW_20210110_050000_CNN_Newsroom_Live.frames1fps/001078.jpg,No,.95,N/A,No,.95,N/A
CNNW_20210110_050000_CNN_Newsroom_Live.frames1fps/001079.jpg,No,.95,N/A,No,.95,N/A
CNNW_20210110_050000_CNN_Newsroom_Live.frames1fps/001080.jpg,No,.95,N/A,No,.95,N/A
CNNW_20210110_050000_CNN_Newsroom_Live.frames1fps/001081.jpg,No,.95,N/A,No,.95,N/A
CNNW_20210110_050000_CNN_Newsroom_Live.frames1fps/001082.jpg,No,.95,N/A,No,.95,N/A
CNNW_20210110_050000_CNN_Newsroom_Live.frames1fps/001083.jpg,No,.95,N/A,No,.95,N/A
CNNW_20210110_050000_CNN_Newsroom_Live.frames1fps/001084.jpg,No,.95,N/A,No,.95,N/A
CNNW_20210110_050000_CNN_Newsroom_Live.frames1fps/001085.jpg,No,.95,N/A,No,.95,N/A
CNNW_20210110_050000_CNN_Newsroom_Live.frames1fps/001086.jpg,No,.95,N/A,No,.95,N/A
CNNW_20210110_050000_CNN_Newsroom_Live.frames1fps/001087.jpg,No,.95,N/A,No,.95,N/A
CNNW_20210110_050000_CNN_Newsroom_Live.frames1fps/001088.jpg,No,.95,N/A,No,.95,N/A
CNNW_20210110_050000_CNN_Newsroom_Live.frames1fps/001089.jpg,No,.95,N/A,No,.95,N/A
CNNW_20210110_050000_CNN_Newsroom_Live.frames1fps/001090.jpg,No,.95,N/A,No,.95,N/A
CNNW_20210110_050000_CNN_Newsroom_Live.frames1fps/001091.jpg,No,.95,N/A,No,.95,N/A
CNNW_20210110_050000_CNN_Newsroom_Live.frames1fps/001092.jpg,No,.95,N/A,No,.95,N/A
CNNW_20210110_050000_CNN_Newsroom_Live.frames1fps/001093.jpg,No,.95,N/A,No,.95,N/A
CNNW_20210110_050000_CNN_Newsroom_Live.frames1fps/001094.jpg,No,.95,N/A,No,.95,N/A
CNNW_20210110_050000_CNN_Newsroom_Live.frames1fps/001095.jpg,No,.95,N/A,No,.95,N/A
CNNW_20210110_050000_CNN_Newsroom_Live.frames1fps/001096.jpg,No,.95,N/A,No,.95,N/A
CNNW_20210110_050000_CNN_Newsroom_Live.frames1fps/001097.jpg,No,.95,N/A,No,.95,N/A
CNNW_20210110_050000_CNN_Newsroom_Live.frames1fps/001098.jpg,No,.95,N/A,No,.95,N/A
CNNW_20210110_050000_CNN_Newsroom_Live.frames1fps/001099.jpg,No,.95,N/A,No,.95,N/A
CNNW_20210110_050000_CNN_Newsroom_Live.frames1fps/001100.jpg,No,.95,N/A,No,.95,N/A
CNNW_20210110_050000_CNN_Newsroom_Live.frames1fps/001101.jpg,No,.95,N/A,No,.95,N/A
CNNW_20210110_050000_CNN_Newsroom_Live.frames1fps/001102.jpg,No,.95,N/A,No,.95,N/A
CNNW_20210110_050000_CNN_Newsroom_Live.frames1fps/001103.jpg,No,.95,N/A,No,.95,N/A
CNNW_20210110_050000_CNN_Newsroom_Live.frames1fps/001104.jpg,No,.95,N/A,No,.95,N/A
CNNW_20210110_050000_CNN_Newsroom_Live.frames1fps/001105.jpg,No,.95,N/A,No,.95,N/A
CNNW_20210110_050000_CNN_Newsroom_Live.frames1fps/001106.jpg,No,.95,N/A,No,.95,N/A
CNNW_20210110_050000_CNN_Newsroom_Live.frames1fps/001107.jpg,No,.95,N/A,No,.95,N/A
CNNW_20210110_050000_CNN_Newsroom_Live.frames1fps/001108.jpg,No,.95,N/A,No,.95,N/A
CNNW_20210110_050000_CNN_Newsroom_Live.frames1fps/001109.jpg,No,.95,N/A,No,.95,N/A
CNNW_20210110_050000_CNN_Newsroom_Live.frames1fps/001110.jpg,No,.95,N/A,No,.95,N/A
CNNW_20210110_050000_CNN_Newsroom_Live.frames1fps/001111.jpg,No,.95,N/A,No,.95,N/A
CNNW_20210110_050000_CNN_Newsroom_Live.frames1fps/001112.jpg,No,.98,N/A,No,.98,N/A
CNNW_20210110_050000_CNN_Newsroom_Live.frames1fps/001113.jpg,No,.95,N/A,No,.95,N/A
CNNW_20210110_050000_CNN_Newsroom_Live.frames1fps/001114.jpg,No,.95,N/A,No,.95,N/A
CNNW_20210110_050000_CNN_Newsroom_Live.frames1fps/001115.jpg,No,.95,N/A,No,.95,N/A
CNNW_20210110_050000_CNN_Newsroom_Live.frames1fps/001116.jpg,No,1,N/A,No,1,N/A
CNNW_20210110_050000_CNN_Newsroom_Live.frames1fps/001117.jpg,No,.95,N/A,No,.95,N/A
CNNW_20210110_050000_CNN_Newsroom_Live.frames1fps/001118.jpg,No,.95,N/A,No,.95,N/A
CNNW_20210110_050000_CNN_Newsroom_Live.frames1fps/001119.jpg,No,.95,N/A,No,.95,N/A
CNNW_20210110_050000_CNN_Newsroom_Live.frames1fps/001120.jpg,No,.95,N/A,No,.95,N/A
CNNW_20210110_050000_CNN_Newsroom_Live.frames1fps/001121.jpg,No,.95,N/A,No,.95,N/A
CNNW_20210110_050000_CNN_Newsroom_Live.frames1fps/001122.jpg,No,.95,N/A,No,.95,N/A
CNNW_20210110_050000_CNN_Newsroom_Live.frames1fps/001123.jpg,No,.95,N/A,No,.95,N/A
CNNW_20210110_050000_CNN_Newsroom_Live.frames1fps/001124.jpg,No,.95,N/A,No,.95,N/A
CNNW_20210110_050000_CNN_Newsroom_Live.frames1fps/001125.jpg,No,.95,N/A,No,.95,N/A
CNNW_20210110_050000_CNN_Newsroom_Live.frames1fps/001126.jpg,No,.95,N/A,No,.95,N/A
CNNW_20210110_050000_CNN_Newsroom_Live.frames1fps/001127.jpg,No,.95,N/A,No,.95,N/A
CNNW_20210110_050000_CNN_Newsroom_Live.frames1fps/001128.jpg,No,.98,N/A,No,.98,N/A
CNNW_20210110_050000_CNN_Newsroom_Live.frames1fps/001129.jpg,No,.98,N/A,No,.98,N/A
CNNW_20210110_050000_CNN_Newsroom_Live.frames1fps/001130.jpg,No,.95,N/A,No,.95,N/A
CNNW_20210110_050000_CNN_Newsroom_Live.frames1fps/001131.jpg,No,.98,N/A,No,.98,N/A
CNNW_20210110_050000_CNN_Newsroom_Live.frames1fps/001132.jpg,No,.95,N/A,No,.95,N/A
CNNW_20210110_050000_CNN_Newsroom_Live.frames1fps/001133.jpg,No,.98,N/A,No,.98,N/A
CNNW_20210110_050000_CNN_Newsroom_Live.frames1fps/001134.jpg,No,.98,N/A,No,.98,N/A
CNNW_20210110_050000_CNN_Newsroom_Live.frames1fps/001135.jpg,No,.98,N/A,No,.98,N/A
CNNW_20210110_050000_CNN_Newsroom_Live.frames1fps/001136.jpg,No,.98,N/A,No,.98,N/A
CNNW_20210110_050000_CNN_Newsroom_Live.frames1fps/001137.jpg,No,.98,N/A,No,.98,N/A
CNNW_20210110_050000_CNN_Newsroom_Live.frames1fps/001138.jpg,No,.98,N/A,No,.98,N/A
CNNW_20210110_050000_CNN_Newsroom_Live.frames1fps/001139.jpg,No,.98,N/A,No,.98,N/A
CNNW_20210110_050000_CNN_Newsroom_Live.frames1fps/001140.jpg,No,.98,N/A,No,.98,N/A
CNNW_20210110_050000_CNN_Newsroom_Live.frames1fps/001141.jpg,No,.98,N/A,No,.98,N/A
CNNW_20210110_050000_CNN_Newsroom_Live.frames1fps/001142.jpg,No,.95,N/A,No,.95,N/A
CNNW_20210110_050000_CNN_Newsroom_Live.frames1fps/001143.jpg,No,.98,N/A,No,.98,N/A
CNNW_20210110_050000_CNN_Newsroom_Live.frames1fps/001144.jpg,No,.95,N/A,No,.95,N/A
CNNW_20210110_050000_CNN_Newsroom_Live.frames1fps/001145.jpg,No,.95,N/A,No,.95,N/A
CNNW_20210110_050000_CNN_Newsroom_Live.frames1fps/001146.jpg,No,.95,N/A,No,.95,N/A
CNNW_20210110_050000_CNN_Newsroom_Live.frames1fps/001147.jpg,No,.95,N/A,No,.95,N/A
CNNW_20210110_050000_CNN_Newsroom_Live.frames1fps/001148.jpg,No,.95,N/A,No,.95,N/A
CNNW_20210110_050000_CNN_Newsroom_Live.frames1fps/001149.jpg,No,.95,N/A,No,.95,N/A
CNNW_20210110_050000_CNN_Newsroom_Live.frames1fps/001150.jpg,No,.95,N/A,No,.95,N/A
CNNW_20210110_050000_CNN_Newsroom_Live.frames1fps/001151.jpg,No,.95,N/A,No,.95,N/A
CNNW_20210110_050000_CNN_Newsroom_Live.frames1fps/001152.jpg,No,.95,N/A,No,.95,N/A
CNNW_20210110_050000_CNN_Newsroom_Live.frames1fps/001153.jpg,No,.95,N/A,No,.95,N/A
CNNW_20210110_050000_CNN_Newsroom_Live.frames1fps/001154.jpg,No,.95,N/A,No,.95,N/A
CNNW_20210110_050000_CNN_Newsroom_Live.frames1fps/001155.jpg,No,1,N/A,No,1,N/A
CNNW_20210110_050000_CNN_Newsroom_Live.frames1fps/001156.jpg,No,1,N/A,No,1,N/A
CNNW_20210110_050000_CNN_Newsroom_Live.frames1fps/001157.jpg,No,1,N/A,No,1,N/A
CNNW_20210110_050000_CNN_Newsroom_Live.frames1fps/001158.jpg,No,.95,N/A,No,.95,N/A
CNNW_20210110_050000_CNN_Newsroom_Live.frames1fps/001159.jpg,No,.95,N/A,No,.95,N/A
CNNW_20210110_050000_CNN_Newsroom_Live.frames1fps/001160.jpg,No,.95,N/A,No,.95,N/A
CNNW_20210110_050000_CNN_Newsroom_Live.frames1fps/001161.jpg,No,.95,N/A,No,.95,N/A
CNNW_20210110_050000_CNN_Newsroom_Live.frames1fps/001162.jpg,No,.95,N/A,No,.95,N/A
CNNW_20210110_050000_CNN_Newsroom_Live.frames1fps/001163.jpg,No,.95,N/A,No,.95,N/A
CNNW_20210110_050000_CNN_Newsroom_Live.frames1fps/001164.jpg,No,.95,N/A,No,.95,N/A
CNNW_20210110_050000_CNN_Newsroom_Live.frames1fps/001165.jpg,No,.95,N/A,No,.95,N/A
CNNW_20210110_050000_CNN_Newsroom_Live.frames1fps/001166.jpg,No,.95,N/A,No,.95,N/A
CNNW_20210110_050000_CNN_Newsroom_Live.frames1fps/001167.jpg,No,.95,N/A,No,.95,N/A
CNNW_20210110_050000_CNN_Newsroom_Live.frames1fps/001168.jpg,No,.95,N/A,No,.95,N/A
CNNW_20210110_050000_CNN_Newsroom_Live.frames1fps/001169.jpg,No,.95,N/A,No,.95,N/A
CNNW_20210110_050000_CNN_Newsroom_Live.frames1fps/001170.jpg,No,.95,N/A,No,.95,N/A
CNNW_20210110_050000_CNN_Newsroom_Live.frames1fps/001171.jpg,No,.95,N/A,No,.95,N/A
CNNW_20210110_050000_CNN_Newsroom_Live.frames1fps/001172.jpg,No,.95,N/A,No,.95,N/A
CNNW_20210110_050000_CNN_Newsroom_Live.frames1fps/001173.jpg,No,.95,N/A,No,.95,N/A
CNNW_20210110_050000_CNN_Newsroom_Live.frames1fps/001174.jpg,No,.95,N/A,No,.95,N/A
CNNW_20210110_050000_CNN_Newsroom_Live.frames1fps/001175.jpg,No,.95,N/A,No,.95,N/A
CNNW_20210110_050000_CNN_Newsroom_Live.frames1fps/001176.jpg,No,.95,N/A,No,.95,N/A
CNNW_20210110_050000_CNN_Newsroom_Live.frames1fps/001177.jpg,No,.95,N/A,No,.95,N/A
CNNW_20210110_050000_CNN_Newsroom_Live.frames1fps/001178.jpg,No,.95,N/A,No,.95,N/A
CNNW_20210110_050000_CNN_Newsroom_Live.frames1fps/001179.jpg,No,.95,N/A,No,.95,N/A
CNNW_20210110_050000_CNN_Newsroom_Live.frames1fps/001180.jpg,No,.95,N/A,No,.95,N/A
CNNW_20210110_050000_CNN_Newsroom_Live.frames1fps/001181.jpg,No,.95,N/A,No,.95,N/A
CNNW_20210110_050000_CNN_Newsroom_Live.frames1fps/001182.jpg,No,.95,N/A,No,.95,N/A
CNNW_20210110_050000_CNN_Newsroom_Live.frames1fps/001183.jpg,No,.95,N/A,No,.95,N/A
CNNW_20210110_050000_CNN_Newsroom_Live.frames1fps/001184.jpg,No,.95,N/A,No,.95,N/A
CNNW_20210110_050000_CNN_Newsroom_Live.frames1fps/001185.jpg,No,.95,N/A,No,.95,N/A
CNNW_20210110_050000_CNN_Newsroom_Live.frames1fps/001186.jpg,No,.95,N/A,No,.95,N/A
CNNW_20210110_050000_CNN_Newsroom_Live.frames1fps/001187.jpg,No,.95,N/A,No,.95,N/A
CNNW_20210110_050000_CNN_Newsroom_Live.frames1fps/001188.jpg,No,1,N/A,No,1,N/A
CNNW_20210110_050000_CNN_Newsroom_Live.frames1fps/001189.jpg,No,.95,N/A,No,.95,N/A
CNNW_20210110_050000_CNN_Newsroom_Live.frames1fps/001190.jpg,No,.95,N/A,No,.95,N/A
CNNW_20210110_050000_CNN_Newsroom_Live.frames1fps/001191.jpg,No,.95,N/A,No,.95,N/A
CNNW_20210110_050000_CNN_Newsroom_Live.frames1fps/001192.jpg,No,.98,N/A,No,.98,N/A
CNNW_20210110_050000_CNN_Newsroom_Live.frames1fps/001193.jpg,No,.95,N/A,No,.95,N/A
CNNW_20210110_050000_CNN_Newsroom_Live.frames1fps/001194.jpg,No,.95,N/A,No,.95,N/A
CNNW_20210110_050000_CNN_Newsroom_Live.frames1fps/001195.jpg,No,.95,N/A,No,.95,N/A
CNNW_20210110_050000_CNN_Newsroom_Live.frames1fps/001196.jpg,No,.95,N/A,No,.95,N/A
CNNW_20210110_050000_CNN_Newsroom_Live.frames1fps/001197.jpg,No,.95,N/A,No,.95,N/A
CNNW_20210110_050000_CNN_Newsroom_Live.frames1fps/001198.jpg,No,.95,N/A,No,.95,N/A
CNNW_20210110_050000_CNN_Newsroom_Live.frames1fps/001199.jpg,No,.95,N/A,No,.95,N/A
CNNW_20210110_050000_CNN_Newsroom_Live.frames1fps/001200.jpg,No,.95,N/A,No,.95,N/A
CNNW_20210110_050000_CNN_Newsroom_Live.frames1fps/001201.jpg,No,.95,N/A,No,.95,N/A
CNNW_20210110_050000_CNN_Newsroom_Live.frames1fps/001202.jpg,No,.98,N/A,No,.98,N/A
CNNW_20210110_050000_CNN_Newsroom_Live.frames1fps/001203.jpg,No,.98,N/A,No,.98,N/A
CNNW_20210110_050000_CNN_Newsroom_Live.frames1fps/001204.jpg,No,.95,N/A,No,.95,N/A
CNNW_20210110_050000_CNN_Newsroom_Live.frames1fps/001205.jpg,No,.95,N/A,No,.95,N/A
CNNW_20210110_050000_CNN_Newsroom_Live.frames1fps/001206.jpg,No,.95,N/A,No,.95,N/A
CNNW_20210110_050000_CNN_Newsroom_Live.frames1fps/001207.jpg,No,.95,N/A,No,.95,N/A
CNNW_20210110_050000_CNN_Newsroom_Live.frames1fps/001208.jpg,No,.95,N/A,No,.95,N/A
CNNW_20210110_050000_CNN_Newsroom_Live.frames1fps/001209.jpg,No,.95,N/A,No,.95,N/A
CNNW_20210110_050000_CNN_Newsroom_Live.frames1fps/001210.jpg,No,.95,N/A,No,.95,N/A
CNNW_20210110_050000_CNN_Newsroom_Live.frames1fps/001211.jpg,No,.95,N/A,No,.95,N/A
CNNW_20210110_050000_CNN_Newsroom_Live.frames1fps/001212.jpg,No,.95,N/A,No,.95,N/A
CNNW_20210110_050000_CNN_Newsroom_Live.frames1fps/001213.jpg,No,.95,N/A,No,.95,N/A
CNNW_20210110_050000_CNN_Newsroom_Live.frames1fps/001214.jpg,No,.95,N/A,No,.95,N/A
CNNW_20210110_050000_CNN_Newsroom_Live.frames1fps/001215.jpg,No,.95,N/A,No,.95,N/A
CNNW_20210110_050000_CNN_Newsroom_Live.frames1fps/001216.jpg,No,.95,N/A,No,.95,N/A
CNNW_20210110_050000_CNN_Newsroom_Live.frames1fps/001217.jpg,No,.95,N/A,No,.95,N/A
CNNW_20210110_050000_CNN_Newsroom_Live.frames1fps/001218.jpg,No,.95,N/A,No,.95,N/A
CNNW_20210110_050000_CNN_Newsroom_Live.frames1fps/001219.jpg,No,.95,N/A,No,.95,N/A
CNNW_20210110_050000_CNN_Newsroom_Live.frames1fps/001220.jpg,No,.95,N/A,No,.95,N/A
CNNW_20210110_050000_CNN_Newsroom_Live.frames1fps/001221.jpg,No,.95,N/A,No,.95,N/A
CNNW_20210110_050000_CNN_Newsroom_Live.frames1fps/001222.jpg,No,.95,N/A,No,.95,N/A
CNNW_20210110_050000_CNN_Newsroom_Live.frames1fps/001223.jpg,No,.95,N/A,No,.95,N/A
CNNW_20210110_050000_CNN_Newsroom_Live.frames1fps/001224.jpg,No,.95,N/A,No,.95,N/A
CNNW_20210110_050000_CNN_Newsroom_Live.frames1fps/001225.jpg,No,.95,N/A,No,.95,N/A
CNNW_20210110_050000_CNN_Newsroom_Live.frames1fps/001226.jpg,No,1,N/A,No,1,N/A
CNNW_20210110_050000_CNN_Newsroom_Live.frames1fps/001227.jpg,No,1,N/A,No,1,N/A
CNNW_20210110_050000_CNN_Newsroom_Live.frames1fps/001228.jpg,No,.95,N/A,No,.95,N/A
CNNW_20210110_050000_CNN_Newsroom_Live.frames1fps/001229.jpg,No,.95,N/A,No,.95,N/A
CNNW_20210110_050000_CNN_Newsroom_Live.frames1fps/001230.jpg,No,.95,N/A,No,.95,N/A
CNNW_20210110_050000_CNN_Newsroom_Live.frames1fps/001231.jpg,No,.95,N/A,No,.95,N/A
CNNW_20210110_050000_CNN_Newsroom_Live.frames1fps/001232.jpg,No,.95,N/A,No,.95,N/A
CNNW_20210110_050000_CNN_Newsroom_Live.frames1fps/001233.jpg,No,.95,N/A,No,.95,N/A
CNNW_20210110_050000_CNN_Newsroom_Live.frames1fps/001234.jpg,No,.95,N/A,No,.95,N/A
CNNW_20210110_050000_CNN_Newsroom_Live.frames1fps/001235.jpg,No,.95,N/A,No,.95,N/A
CNNW_20210110_050000_CNN_Newsroom_Live.frames1fps/001236.jpg,No,.95,N/A,No,.95,N/A
CNNW_20210110_050000_CNN_Newsroom_Live.frames1fps/001237.jpg,No,.95,N/A,No,.95,N/A
CNNW_20210110_050000_CNN_Newsroom_Live.frames1fps/001238.jpg,No,.95,N/A,No,.95,N/A
CNNW_20210110_050000_CNN_Newsroom_Live.frames1fps/001239.jpg,No,.95,N/A,No,.95,N/A
CNNW_20210110_050000_CNN_Newsroom_Live.frames1fps/001240.jpg,No,.95,N/A,No,.95,N/A
CNNW_20210110_050000_CNN_Newsroom_Live.frames1fps/001241.jpg,No,.95,N/A,No,.95,N/A
CNNW_20210110_050000_CNN_Newsroom_Live.frames1fps/001242.jpg,No,.95,N/A,No,.95,N/A
CNNW_20210110_050000_CNN_Newsroom_Live.frames1fps/001243.jpg,No,.95,N/A,No,.95,N/A
CNNW_20210110_050000_CNN_Newsroom_Live.frames1fps/001244.jpg,No,.98,N/A,No,.98,N/A
CNNW_20210110_050000_CNN_Newsroom_Live.frames1fps/001245.jpg,No,.95,N/A,No,.95,N/A
CNNW_20210110_050000_CNN_Newsroom_Live.frames1fps/001246.jpg,No,.98,N/A,No,.98,N/A
CNNW_20210110_050000_CNN_Newsroom_Live.frames1fps/001247.jpg,No,.98,N/A,No,.98,N/A
CNNW_20210110_050000_CNN_Newsroom_Live.frames1fps/001248.jpg,No,.95,N/A,No,.95,N/A
CNNW_20210110_050000_CNN_Newsroom_Live.frames1fps/001249.jpg,No,.95,N/A,No,.95,N/A
CNNW_20210110_050000_CNN_Newsroom_Live.frames1fps/001250.jpg,No,.95,N/A,No,.95,N/A
CNNW_20210110_050000_CNN_Newsroom_Live.frames1fps/001251.jpg,No,.95,N/A,No,.95,N/A
CNNW_20210110_050000_CNN_Newsroom_Live.frames1fps/001252.jpg,No,.95,N/A,No,.95,N/A
CNNW_20210110_050000_CNN_Newsroom_Live.frames1fps/001253.jpg,No,.95,N/A,No,.95,N/A
CNNW_20210110_050000_CNN_Newsroom_Live.frames1fps/001254.jpg,No,.95,N/A,No,.95,N/A
CNNW_20210110_050000_CNN_Newsroom_Live.frames1fps/001255.jpg,No,.95,N/A,No,.95,N/A
CNNW_20210110_050000_CNN_Newsroom_Live.frames1fps/001256.jpg,No,.95,N/A,No,.95,N/A
CNNW_20210110_050000_CNN_Newsroom_Live.frames1fps/001257.jpg,No,.95,N/A,No,.95,N/A
CNNW_20210110_050000_CNN_Newsroom_Live.frames1fps/001258.jpg,No,.95,N/A,No,.95,N/A
CNNW_20210110_050000_CNN_Newsroom_Live.frames1fps/001259.jpg,No,.98,N/A,No,.98,N/A
CNNW_20210110_050000_CNN_Newsroom_Live.frames1fps/001260.jpg,No,.95,N/A,No,.95,N/A
CNNW_20210110_050000_CNN_Newsroom_Live.frames1fps/001261.jpg,No,.95,N/A,No,.95,N/A
CNNW_20210110_050000_CNN_Newsroom_Live.frames1fps/001262.jpg,No,.95,N/A,No,.95,N/A
CNNW_20210110_050000_CNN_Newsroom_Live.frames1fps/001263.jpg,No,.95,N/A,No,.95,N/A
CNNW_20210110_050000_CNN_Newsroom_Live.frames1fps/001264.jpg,No,.95,N/A,No,.95,N/A
CNNW_20210110_050000_CNN_Newsroom_Live.frames1fps/001265.jpg,No,.95,N/A,No,.95,N/A
CNNW_20210110_050000_CNN_Newsroom_Live.frames1fps/001266.jpg,No,.98,N/A,No,.98,N/A
CNNW_20210110_050000_CNN_Newsroom_Live.frames1fps/001267.jpg,No,.95,N/A,No,.95,N/A
CNNW_20210110_050000_CNN_Newsroom_Live.frames1fps/001268.jpg,No,.98,N/A,No,.98,N/A
CNNW_20210110_050000_CNN_Newsroom_Live.frames1fps/001269.jpg,No,.95,N/A,No,.95,N/A
CNNW_20210110_050000_CNN_Newsroom_Live.frames1fps/001270.jpg,No,.95,N/A,No,.95,N/A
CNNW_20210110_050000_CNN_Newsroom_Live.frames1fps/001271.jpg,No,.95,N/A,No,.95,N/A
CNNW_20210110_050000_CNN_Newsroom_Live.frames1fps/001272.jpg,No,.95,N/A,No,.95,N/A
CNNW_20210110_050000_CNN_Newsroom_Live.frames1fps/001273.jpg,No,1,N/A,No,1,N/A
CNNW_20210110_050000_CNN_Newsroom_Live.frames1fps/001274.jpg,No,.98,N/A,No,.98,N/A
CNNW_20210110_050000_CNN_Newsroom_Live.frames1fps/001275.jpg,No,.98,N/A,No,.98,N/A
CNNW_20210110_050000_CNN_Newsroom_Live.frames1fps/001276.jpg,No,.95,N/A,No,.95,N/A
CNNW_20210110_050000_CNN_Newsroom_Live.frames1fps/001277.jpg,No,1,N/A,No,1,N/A
CNNW_20210110_050000_CNN_Newsroom_Live.frames1fps/001278.jpg,No,.95,N/A,No,.95,N/A
CNNW_20210110_050000_CNN_Newsroom_Live.frames1fps/001279.jpg,No,.95,N/A,No,.95,N/A
CNNW_20210110_050000_CNN_Newsroom_Live.frames1fps/001280.jpg,No,.95,N/A,No,.95,N/A
CNNW_20210110_050000_CNN_Newsroom_Live.frames1fps/001281.jpg,No,.95,N/A,No,.95,N/A
CNNW_20210110_050000_CNN_Newsroom_Live.frames1fps/001282.jpg,No,.95,N/A,No,.95,N/A
CNNW_20210110_050000_CNN_Newsroom_Live.frames1fps/001283.jpg,No,1,N/A,No,1,N/A
CNNW_20210110_050000_CNN_Newsroom_Live.frames1fps/001284.jpg,No,1,N/A,No,1,N/A
CNNW_20210110_050000_CNN_Newsroom_Live.frames1fps/001285.jpg,No,.95,N/A,No,.95,N/A
CNNW_20210110_050000_CNN_Newsroom_Live.frames1fps/001286.jpg,No,.95,N/A,No,.95,N/A
CNNW_20210110_050000_CNN_Newsroom_Live.frames1fps/001287.jpg,No,.95,N/A,No,.95,N/A
CNNW_20210110_050000_CNN_Newsroom_Live.frames1fps/001288.jpg,No,.95,N/A,No,.95,N/A
CNNW_20210110_050000_CNN_Newsroom_Live.frames1fps/001289.jpg,No,.95,N/A,No,.95,N/A
CNNW_20210110_050000_CNN_Newsroom_Live.frames1fps/001290.jpg,No,.95,N/A,No,.95,N/A
CNNW_20210110_050000_CNN_Newsroom_Live.frames1fps/001291.jpg,No,.95,N/A,No,.95,N/A
CNNW_20210110_050000_CNN_Newsroom_Live.frames1fps/001292.jpg,No,.95,N/A,No,.95,N/A
CNNW_20210110_050000_CNN_Newsroom_Live.frames1fps/001293.jpg,No,.95,N/A,No,.95,N/A
CNNW_20210110_050000_CNN_Newsroom_Live.frames1fps/001294.jpg,No,.95,N/A,No,.95,N/A
CNNW_20210110_050000_CNN_Newsroom_Live.frames1fps/001295.jpg,No,.95,N/A,No,.95,N/A
CNNW_20210110_050000_CNN_Newsroom_Live.frames1fps/001296.jpg,No,.95,N/A,No,.95,N/A
CNNW_20210110_050000_CNN_Newsroom_Live.frames1fps/001297.jpg,No,.95,N/A,No,.95,N/A
CNNW_20210110_050000_CNN_Newsroom_Live.frames1fps/001298.jpg,No,.95,N/A,No,.95,N/A
CNNW_20210110_050000_CNN_Newsroom_Live.frames1fps/001299.jpg,No,.95,N/A,No,.95,N/A
CNNW_20210110_050000_CNN_Newsroom_Live.frames1fps/001300.jpg,No,.95,N/A,No,.95,N/A
CNNW_20210110_050000_CNN_Newsroom_Live.frames1fps/001301.jpg,No,.95,N/A,No,.95,N/A
CNNW_20210110_050000_CNN_Newsroom_Live.frames1fps/001302.jpg,No,.95,N/A,No,.95,N/A
CNNW_20210110_050000_CNN_Newsroom_Live.frames1fps/001303.jpg,No,.95,N/A,No,.95,N/A
CNNW_20210110_050000_CNN_Newsroom_Live.frames1fps/001304.jpg,No,.95,N/A,No,.95,N/A
CNNW_20210110_050000_CNN_Newsroom_Live.frames1fps/001305.jpg,No,.95,N/A,No,.95,N/A
CNNW_20210110_050000_CNN_Newsroom_Live.frames1fps/001306.jpg,No,.95,N/A,No,.95,N/A
CNNW_20210110_050000_CNN_Newsroom_Live.frames1fps/001307.jpg,No,.95,N/A,No,.95,N/A
CNNW_20210110_050000_CNN_Newsroom_Live.frames1fps/001308.jpg,No,.95,N/A,No,.95,N/A
CNNW_20210110_050000_CNN_Newsroom_Live.frames1fps/001309.jpg,No,.95,N/A,No,.95,N/A
CNNW_20210110_050000_CNN_Newsroom_Live.frames1fps/001310.jpg,No,.95,N/A,No,.95,N/A
CNNW_20210110_050000_CNN_Newsroom_Live.frames1fps/001311.jpg,No,.95,N/A,No,.95,N/A
CNNW_20210110_050000_CNN_Newsroom_Live.frames1fps/001312.jpg,No,.95,N/A,No,.95,N/A
CNNW_20210110_050000_CNN_Newsroom_Live.frames1fps/001313.jpg,No,.95,N/A,No,.95,N/A
CNNW_20210110_050000_CNN_Newsroom_Live.frames1fps/001314.jpg,No,.95,N/A,No,.95,N/A
CNNW_20210110_050000_CNN_Newsroom_Live.frames1fps/001315.jpg,No,.95,N/A,No,.95,N/A
CNNW_20210110_050000_CNN_Newsroom_Live.frames1fps/001316.jpg,No,.95,N/A,No,.95,N/A
CNNW_20210110_050000_CNN_Newsroom_Live.frames1fps/001317.jpg,No,.95,N/A,No,.95,N/A
CNNW_20210110_050000_CNN_Newsroom_Live.frames1fps/001318.jpg,No,.95,N/A,No,.95,N/A
CNNW_20210110_050000_CNN_Newsroom_Live.frames1fps/001319.jpg,No,.95,N/A,No,.95,N/A
CNNW_20210110_050000_CNN_Newsroom_Live.frames1fps/001320.jpg,No,.95,N/A,No,.95,N/A
CNNW_20210110_050000_CNN_Newsroom_Live.frames1fps/001321.jpg,No,.98,N/A,No,.98,N/A
CNNW_20210110_050000_CNN_Newsroom_Live.frames1fps/001322.jpg,No,.98,N/A,No,.98,N/A
CNNW_20210110_050000_CNN_Newsroom_Live.frames1fps/001323.jpg,No,.98,N/A,No,.98,N/A
CNNW_20210110_050000_CNN_Newsroom_Live.frames1fps/001324.jpg,No,.95,N/A,No,.95,N/A
CNNW_20210110_050000_CNN_Newsroom_Live.frames1fps/001325.jpg,No,.95,N/A,No,.95,N/A
CNNW_20210110_050000_CNN_Newsroom_Live.frames1fps/001326.jpg,No,.95,N/A,No,.95,N/A
CNNW_20210110_050000_CNN_Newsroom_Live.frames1fps/001327.jpg,No,.95,N/A,No,.95,N/A
CNNW_20210110_050000_CNN_Newsroom_Live.frames1fps/001328.jpg,No,.95,N/A,No,.95,N/A
CNNW_20210110_050000_CNN_Newsroom_Live.frames1fps/001329.jpg,No,.95,N/A,No,.95,N/A
CNNW_20210110_050000_CNN_Newsroom_Live.frames1fps/001330.jpg,No,.95,N/A,No,.95,N/A
CNNW_20210110_050000_CNN_Newsroom_Live.frames1fps/001331.jpg,No,.95,N/A,No,.95,N/A
CNNW_20210110_050000_CNN_Newsroom_Live.frames1fps/001332.jpg,No,.95,N/A,No,.95,N/A
CNNW_20210110_050000_CNN_Newsroom_Live.frames1fps/001333.jpg,No,.95,N/A,No,.95,N/A
CNNW_20210110_050000_CNN_Newsroom_Live.frames1fps/001334.jpg,No,.95,N/A,No,.95,N/A
CNNW_20210110_050000_CNN_Newsroom_Live.frames1fps/001335.jpg,No,.95,N/A,No,.95,N/A
CNNW_20210110_050000_CNN_Newsroom_Live.frames1fps/001336.jpg,No,.95,N/A,No,.95,N/A
CNNW_20210110_050000_CNN_Newsroom_Live.frames1fps/001337.jpg,No,.95,N/A,No,.95,N/A
CNNW_20210110_050000_CNN_Newsroom_Live.frames1fps/001338.jpg,No,.95,N/A,No,.95,N/A
CNNW_20210110_050000_CNN_Newsroom_Live.frames1fps/001339.jpg,No,.95,N/A,No,.95,N/A
CNNW_20210110_050000_CNN_Newsroom_Live.frames1fps/001340.jpg,No,.95,N/A,No,.95,N/A
CNNW_20210110_050000_CNN_Newsroom_Live.frames1fps/001341.jpg,No,.95,N/A,No,.95,N/A
CNNW_20210110_050000_CNN_Newsroom_Live.frames1fps/001342.jpg,No,.95,N/A,No,.95,N/A
CNNW_20210110_050000_CNN_Newsroom_Live.frames1fps/001343.jpg,No,.95,N/A,No,.95,N/A
CNNW_20210110_050000_CNN_Newsroom_Live.frames1fps/001344.jpg,No,.95,N/A,No,.95,N/A
CNNW_20210110_050000_CNN_Newsroom_Live.frames1fps/001345.jpg,No,.95,N/A,No,.95,N/A
CNNW_20210110_050000_CNN_Newsroom_Live.frames1fps/001346.jpg,No,.95,N/A,No,.95,N/A
CNNW_20210110_050000_CNN_Newsroom_Live.frames1fps/001347.jpg,No,.95,N/A,No,.95,N/A
CNNW_20210110_050000_CNN_Newsroom_Live.frames1fps/001348.jpg,No,.95,N/A,No,.95,N/A
CNNW_20210110_050000_CNN_Newsroom_Live.frames1fps/001349.jpg,No,.95,N/A,No,.95,N/A
CNNW_20210110_050000_CNN_Newsroom_Live.frames1fps/001350.jpg,No,.95,N/A,No,.95,N/A
CNNW_20210110_050000_CNN_Newsroom_Live.frames1fps/001351.jpg,No,.95,N/A,No,.95,N/A
CNNW_20210110_050000_CNN_Newsroom_Live.frames1fps/001352.jpg,No,.95,N/A,No,.95,N/A
CNNW_20210110_050000_CNN_Newsroom_Live.frames1fps/001353.jpg,No,.95,N/A,No,.95,N/A
CNNW_20210110_050000_CNN_Newsroom_Live.frames1fps/001354.jpg,No,.95,N/A,No,.95,N/A
CNNW_20210110_050000_CNN_Newsroom_Live.frames1fps/001355.jpg,No,.95,N/A,No,.95,N/A
CNNW_20210110_050000_CNN_Newsroom_Live.frames1fps/001356.jpg,No,.95,N/A,No,.95,N/A
CNNW_20210110_050000_CNN_Newsroom_Live.frames1fps/001357.jpg,No,.95,N/A,No,.95,N/A
CNNW_20210110_050000_CNN_Newsroom_Live.frames1fps/001358.jpg,No,.95,N/A,No,.95,N/A
CNNW_20210110_050000_CNN_Newsroom_Live.frames1fps/001359.jpg,No,.95,N/A,No,.95,N/A
CNNW_20210110_050000_CNN_Newsroom_Live.frames1fps/001360.jpg,No,.95,N/A,No,.95,N/A
CNNW_20210110_050000_CNN_Newsroom_Live.frames1fps/001361.jpg,No,.95,N/A,No,.95,N/A
CNNW_20210110_050000_CNN_Newsroom_Live.frames1fps/001362.jpg,No,.95,N/A,No,.95,N/A
CNNW_20210110_050000_CNN_Newsroom_Live.frames1fps/001363.jpg,No,.95,N/A,No,.95,N/A
CNNW_20210110_050000_CNN_Newsroom_Live.frames1fps/001364.jpg,No,.95,N/A,No,.95,N/A
CNNW_20210110_050000_CNN_Newsroom_Live.frames1fps/001365.jpg,No,.95,N/A,No,.95,N/A
CNNW_20210110_050000_CNN_Newsroom_Live.frames1fps/001366.jpg,No,.95,N/A,No,.95,N/A
CNNW_20210110_050000_CNN_Newsroom_Live.frames1fps/001367.jpg,No,.95,N/A,No,.95,N/A
CNNW_20210110_050000_CNN_Newsroom_Live.frames1fps/001368.jpg,No,.95,N/A,No,.95,N/A
CNNW_20210110_050000_CNN_Newsroom_Live.frames1fps/001369.jpg,No,.95,N/A,No,.95,N/A
CNNW_20210110_050000_CNN_Newsroom_Live.frames1fps/001370.jpg,No,.95,N/A,No,.95,N/A
CNNW_20210110_050000_CNN_Newsroom_Live.frames1fps/001371.jpg,No,.95,N/A,No,.95,N/A
CNNW_20210110_050000_CNN_Newsroom_Live.frames1fps/001372.jpg,No,.95,N/A,No,.95,N/A
CNNW_20210110_050000_CNN_Newsroom_Live.frames1fps/001373.jpg,No,.95,N/A,No,.95,N/A
CNNW_20210110_050000_CNN_Newsroom_Live.frames1fps/001374.jpg,No,.95,N/A,No,.95,N/A
CNNW_20210110_050000_CNN_Newsroom_Live.frames1fps/001375.jpg,No,.95,N/A,No,.95,N/A
CNNW_20210110_050000_CNN_Newsroom_Live.frames1fps/001376.jpg,No,.95,N/A,No,.95,N/A
CNNW_20210110_050000_CNN_Newsroom_Live.frames1fps/001377.jpg,No,.95,N/A,No,.95,N/A
CNNW_20210110_050000_CNN_Newsroom_Live.frames1fps/001378.jpg,No,.95,N/A,No,.95,N/A
CNNW_20210110_050000_CNN_Newsroom_Live.frames1fps/001379.jpg,No,.95,N/A,No,.95,N/A
CNNW_20210110_050000_CNN_Newsroom_Live.frames1fps/001380.jpg,No,.95,N/A,No,.95,N/A
CNNW_20210110_050000_CNN_Newsroom_Live.frames1fps/001381.jpg,No,.95,N/A,No,.95,N/A
CNNW_20210110_050000_CNN_Newsroom_Live.frames1fps/001382.jpg,No,.95,N/A,No,.95,N/A
CNNW_20210110_050000_CNN_Newsroom_Live.frames1fps/001383.jpg,No,.95,N/A,No,.95,N/A
CNNW_20210110_050000_CNN_Newsroom_Live.frames1fps/001384.jpg,No,.95,N/A,No,.95,N/A
CNNW_20210110_050000_CNN_Newsroom_Live.frames1fps/001385.jpg,No,.95,N/A,No,.95,N/A
CNNW_20210110_050000_CNN_Newsroom_Live.frames1fps/001386.jpg,No,.95,N/A,No,.95,N/A
CNNW_20210110_050000_CNN_Newsroom_Live.frames1fps/001387.jpg,No,.95,N/A,No,.95,N/A
CNNW_20210110_050000_CNN_Newsroom_Live.frames1fps/001388.jpg,No,.95,N/A,No,.95,N/A
CNNW_20210110_050000_CNN_Newsroom_Live.frames1fps/001389.jpg,No,.95,N/A,No,.95,N/A
CNNW_20210110_050000_CNN_Newsroom_Live.frames1fps/001390.jpg,No,.95,N/A,No,.95,N/A
CNNW_20210110_050000_CNN_Newsroom_Live.frames1fps/001391.jpg,No,.95,N/A,No,.95,N/A
CNNW_20210110_050000_CNN_Newsroom_Live.frames1fps/001392.jpg,No,.95,N/A,No,.95,N/A
CNNW_20210110_050000_CNN_Newsroom_Live.frames1fps/001393.jpg,No,.95,N/A,No,.95,N/A
CNNW_20210110_050000_CNN_Newsroom_Live.frames1fps/001394.jpg,No,.95,N/A,No,.95,N/A
CNNW_20210110_050000_CNN_Newsroom_Live.frames1fps/001395.jpg,No,.95,N/A,No,.95,N/A
CNNW_20210110_050000_CNN_Newsroom_Live.frames1fps/001396.jpg,No,.95,N/A,No,.95,N/A
CNNW_20210110_050000_CNN_Newsroom_Live.frames1fps/001397.jpg,No,.95,N/A,No,.95,N/A
CNNW_20210110_050000_CNN_Newsroom_Live.frames1fps/001398.jpg,No,.95,N/A,No,.95,N/A
CNNW_20210110_050000_CNN_Newsroom_Live.frames1fps/001399.jpg,No,.95,N/A,No,.95,N/A
CNNW_20210110_050000_CNN_Newsroom_Live.frames1fps/001400.jpg,No,.95,N/A,No,.95,N/A
CNNW_20210110_050000_CNN_Newsroom_Live.frames1fps/001401.jpg,No,.95,N/A,No,.95,N/A
CNNW_20210110_050000_CNN_Newsroom_Live.frames1fps/001402.jpg,No,.95,N/A,No,.95,N/A
CNNW_20210110_050000_CNN_Newsroom_Live.frames1fps/001403.jpg,No,.95,N/A,No,.95,N/A
CNNW_20210110_050000_CNN_Newsroom_Live.frames1fps/001404.jpg,No,.95,N/A,No,.95,N/A
CNNW_20210110_050000_CNN_Newsroom_Live.frames1fps/001405.jpg,No,.95,N/A,No,.95,N/A
CNNW_20210110_050000_CNN_Newsroom_Live.frames1fps/001406.jpg,No,.95,N/A,No,.95,N/A
CNNW_20210110_050000_CNN_Newsroom_Live.frames1fps/001407.jpg,No,.95,N/A,No,.95,N/A
CNNW_20210110_050000_CNN_Newsroom_Live.frames1fps/001408.jpg,No,.95,N/A,No,.95,N/A
CNNW_20210110_050000_CNN_Newsroom_Live.frames1fps/001409.jpg,No,.95,N/A,No,.95,N/A
CNNW_20210110_050000_CNN_Newsroom_Live.frames1fps/001410.jpg,No,.95,N/A,No,.95,N/A
CNNW_20210110_050000_CNN_Newsroom_Live.frames1fps/001411.jpg,No,.95,N/A,No,.95,N/A
CNNW_20210110_050000_CNN_Newsroom_Live.frames1fps/001412.jpg,No,.95,N/A,No,.95,N/A
CNNW_20210110_050000_CNN_Newsroom_Live.frames1fps/001413.jpg,No,.95,N/A,No,.95,N/A
CNNW_20210110_050000_CNN_Newsroom_Live.frames1fps/001414.jpg,No,.95,N/A,No,.95,N/A
CNNW_20210110_050000_CNN_Newsroom_Live.frames1fps/001415.jpg,No,.95,N/A,No,.95,N/A
CNNW_20210110_050000_CNN_Newsroom_Live.frames1fps/001416.jpg,No,.95,N/A,No,.95,N/A
CNNW_20210110_050000_CNN_Newsroom_Live.frames1fps/001417.jpg,No,.95,N/A,No,.95,N/A
CNNW_20210110_050000_CNN_Newsroom_Live.frames1fps/001418.jpg,No,.95,N/A,No,.95,N/A
CNNW_20210110_050000_CNN_Newsroom_Live.frames1fps/001419.jpg,No,.95,N/A,No,.95,N/A
CNNW_20210110_050000_CNN_Newsroom_Live.frames1fps/001420.jpg,No,.95,N/A,No,.95,N/A
CNNW_20210110_050000_CNN_Newsroom_Live.frames1fps/001421.jpg,No,.95,N/A,No,.95,N/A
CNNW_20210110_050000_CNN_Newsroom_Live.frames1fps/001422.jpg,No,.95,N/A,No,.95,N/A
CNNW_20210110_050000_CNN_Newsroom_Live.frames1fps/001423.jpg,No,.95,N/A,No,.95,N/A
CNNW_20210110_050000_CNN_Newsroom_Live.frames1fps/001424.jpg,No,.95,N/A,No,.95,N/A
CNNW_20210110_050000_CNN_Newsroom_Live.frames1fps/001425.jpg,No,.95,N/A,No,.95,N/A
CNNW_20210110_050000_CNN_Newsroom_Live.frames1fps/001426.jpg,No,.95,N/A,No,.95,N/A
CNNW_20210110_050000_CNN_Newsroom_Live.frames1fps/001427.jpg,No,.95,N/A,No,.95,N/A
CNNW_20210110_050000_CNN_Newsroom_Live.frames1fps/001428.jpg,No,.95,N/A,No,.95,N/A
CNNW_20210110_050000_CNN_Newsroom_Live.frames1fps/001429.jpg,No,.95,N/A,No,.95,N/A
CNNW_20210110_050000_CNN_Newsroom_Live.frames1fps/001430.jpg,No,.95,N/A,No,.95,N/A
CNNW_20210110_050000_CNN_Newsroom_Live.frames1fps/001431.jpg,No,.95,N/A,No,.95,N/A
CNNW_20210110_050000_CNN_Newsroom_Live.frames1fps/001432.jpg,No,.95,N/A,No,.95,N/A
CNNW_20210110_050000_CNN_Newsroom_Live.frames1fps/001433.jpg,No,.95,N/A,No,.95,N/A
CNNW_20210110_050000_CNN_Newsroom_Live.frames1fps/001434.jpg,No,.95,N/A,No,.95,N/A
CNNW_20210110_050000_CNN_Newsroom_Live.frames1fps/001435.jpg,No,.95,N/A,No,.95,N/A
CNNW_20210110_050000_CNN_Newsroom_Live.frames1fps/001436.jpg,No,.95,N/A,No,.95,N/A
CNNW_20210110_050000_CNN_Newsroom_Live.frames1fps/001437.jpg,No,.95,N/A,No,.95,N/A
CNNW_20210110_050000_CNN_Newsroom_Live.frames1fps/001438.jpg,No,.95,N/A,No,.95,N/A
CNNW_20210110_050000_CNN_Newsroom_Live.frames1fps/001439.jpg,No,.95,N/A,No,.95,N/A
CNNW_20210110_050000_CNN_Newsroom_Live.frames1fps/001440.jpg,No,.95,N/A,No,.95,N/A
CNNW_20210110_050000_CNN_Newsroom_Live.frames1fps/001441.jpg,No,.95,N/A,No,.95,N/A
CNNW_20210110_050000_CNN_Newsroom_Live.frames1fps/001442.jpg,No,.95,N/A,No,.95,N/A
CNNW_20210110_050000_CNN_Newsroom_Live.frames1fps/001443.jpg,No,.95,N/A,No,.95,N/A
CNNW_20210110_050000_CNN_Newsroom_Live.frames1fps/001444.jpg,No,.95,N/A,No,.95,N/A
CNNW_20210110_050000_CNN_Newsroom_Live.frames1fps/001445.jpg,No,.95,N/A,No,.95,N/A
CNNW_20210110_050000_CNN_Newsroom_Live.frames1fps/001446.jpg,No,.95,N/A,No,.95,N/A
CNNW_20210110_050000_CNN_Newsroom_Live.frames1fps/001447.jpg,No,.95,N/A,No,.95,N/A
CNNW_20210110_050000_CNN_Newsroom_Live.frames1fps/001448.jpg,No,.95,N/A,No,.95,N/A
CNNW_20210110_050000_CNN_Newsroom_Live.frames1fps/001449.jpg,No,.95,N/A,No,.95,N/A
CNNW_20210110_050000_CNN_Newsroom_Live.frames1fps/001450.jpg,No,.95,N/A,No,.95,N/A
CNNW_20210110_050000_CNN_Newsroom_Live.frames1fps/001451.jpg,No,.95,N/A,No,.95,N/A
CNNW_20210110_050000_CNN_Newsroom_Live.frames1fps/001452.jpg,No,.95,N/A,No,.95,N/A
CNNW_20210110_050000_CNN_Newsroom_Live.frames1fps/001453.jpg,No,.95,N/A,No,.95,N/A
CNNW_20210110_050000_CNN_Newsroom_Live.frames1fps/001454.jpg,No,.95,N/A,No,.95,N/A
CNNW_20210110_050000_CNN_Newsroom_Live.frames1fps/001455.jpg,No,.95,N/A,No,.95,N/A
CNNW_20210110_050000_CNN_Newsroom_Live.frames1fps/001456.jpg,No,.95,N/A,No,.95,N/A
CNNW_20210110_050000_CNN_Newsroom_Live.frames1fps/001457.jpg,No,.95,N/A,No,.95,N/A
CNNW_20210110_050000_CNN_Newsroom_Live.frames1fps/001458.jpg,No,.95,N/A,No,.95,N/A
CNNW_20210110_050000_CNN_Newsroom_Live.frames1fps/001459.jpg,No,.95,N/A,No,.95,N/A
CNNW_20210110_050000_CNN_Newsroom_Live.frames1fps/001460.jpg,No,.95,N/A,No,.95,N/A
CNNW_20210110_050000_CNN_Newsroom_Live.frames1fps/001461.jpg,No,.95,N/A,No,.95,N/A
CNNW_20210110_050000_CNN_Newsroom_Live.frames1fps/001462.jpg,No,.95,N/A,No,.95,N/A
CNNW_20210110_050000_CNN_Newsroom_Live.frames1fps/001463.jpg,No,.95,N/A,No,.95,N/A
CNNW_20210110_050000_CNN_Newsroom_Live.frames1fps/001464.jpg,No,.95,N/A,No,.95,N/A
CNNW_20210110_050000_CNN_Newsroom_Live.frames1fps/001465.jpg,No,.95,N/A,No,.95,N/A
CNNW_20210110_050000_CNN_Newsroom_Live.frames1fps/001466.jpg,No,.95,N/A,No,.95,N/A
CNNW_20210110_050000_CNN_Newsroom_Live.frames1fps/001467.jpg,No,.95,N/A,No,.95,N/A
CNNW_20210110_050000_CNN_Newsroom_Live.frames1fps/001468.jpg,No,.95,N/A,No,.95,N/A
CNNW_20210110_050000_CNN_Newsroom_Live.frames1fps/001469.jpg,No,.95,N/A,No,.95,N/A
CNNW_20210110_050000_CNN_Newsroom_Live.frames1fps/001470.jpg,No,.95,N/A,No,.95,N/A
CNNW_20210110_050000_CNN_Newsroom_Live.frames1fps/001471.jpg,No,.95,N/A,No,.95,N/A
CNNW_20210110_050000_CNN_Newsroom_Live.frames1fps/001472.jpg,No,.95,N/A,No,.95,N/A
CNNW_20210110_050000_CNN_Newsroom_Live.frames1fps/001473.jpg,No,.95,N/A,No,.95,N/A
CNNW_20210110_050000_CNN_Newsroom_Live.frames1fps/001474.jpg,No,.95,N/A,No,.95,N/A
CNNW_20210110_050000_CNN_Newsroom_Live.frames1fps/001475.jpg,No,.95,N/A,No,.95,N/A
CNNW_20210110_050000_CNN_Newsroom_Live.frames1fps/001476.jpg,No,.95,N/A,No,.95,N/A
CNNW_20210110_050000_CNN_Newsroom_Live.frames1fps/001477.jpg,No,.95,N/A,No,.95,N/A
CNNW_20210110_050000_CNN_Newsroom_Live.frames1fps/001478.jpg,No,.95,N/A,No,.95,N/A
CNNW_20210110_050000_CNN_Newsroom_Live.frames1fps/001479.jpg,No,.95,N/A,No,.95,N/A
CNNW_20210110_050000_CNN_Newsroom_Live.frames1fps/001480.jpg,No,.95,N/A,No,.95,N/A
CNNW_20210110_050000_CNN_Newsroom_Live.frames1fps/001481.jpg,No,.95,N/A,No,.95,N/A
CNNW_20210110_050000_CNN_Newsroom_Live.frames1fps/001482.jpg,No,.95,N/A,No,.95,N/A
CNNW_20210110_050000_CNN_Newsroom_Live.frames1fps/001483.jpg,No,.95,N/A,No,.95,N/A
CNNW_20210110_050000_CNN_Newsroom_Live.frames1fps/001484.jpg,No,.95,N/A,No,.95,N/A
CNNW_20210110_050000_CNN_Newsroom_Live.frames1fps/001485.jpg,No,.95,N/A,No,.95,N/A
CNNW_20210110_050000_CNN_Newsroom_Live.frames1fps/001486.jpg,No,.95,N/A,No,.95,N/A
CNNW_20210110_050000_CNN_Newsroom_Live.frames1fps/001487.jpg,No,.95,N/A,No,.95,N/A
CNNW_20210110_050000_CNN_Newsroom_Live.frames1fps/001488.jpg,No,.95,N/A,No,.95,N/A
CNNW_20210110_050000_CNN_Newsroom_Live.frames1fps/001489.jpg,No,.95,N/A,No,.95,N/A
CNNW_20210110_050000_CNN_Newsroom_Live.frames1fps/001490.jpg,No,.95,N/A,No,.95,N/A
CNNW_20210110_050000_CNN_Newsroom_Live.frames1fps/001491.jpg,No,.95,N/A,No,.95,N/A
CNNW_20210110_050000_CNN_Newsroom_Live.frames1fps/001492.jpg,No,.95,N/A,No,.95,N/A
CNNW_20210110_050000_CNN_Newsroom_Live.frames1fps/001493.jpg,No,.95,N/A,No,.95,N/A
CNNW_20210110_050000_CNN_Newsroom_Live.frames1fps/001494.jpg,No,.95,N/A,No,.95,N/A
CNNW_20210110_050000_CNN_Newsroom_Live.frames1fps/001495.jpg,No,.95,N/A,No,.95,N/A
CNNW_20210110_050000_CNN_Newsroom_Live.frames1fps/001496.jpg,No,.95,N/A,No,.95,N/A
CNNW_20210110_050000_CNN_Newsroom_Live.frames1fps/001497.jpg,No,.95,N/A,No,.95,N/A
CNNW_20210110_050000_CNN_Newsroom_Live.frames1fps/001498.jpg,No,.95,N/A,No,.95,N/A
CNNW_20210110_050000_CNN_Newsroom_Live.frames1fps/001499.jpg,No,.95,N/A,No,.95,N/A
CNNW_20210110_050000_CNN_Newsroom_Live.frames1fps/001500.jpg,No,.95,N/A,No,.95,N/A
CNNW_20210110_050000_CNN_Newsroom_Live.frames1fps/001501.jpg,No,.95,N/A,No,.95,N/A
CNNW_20210110_050000_CNN_Newsroom_Live.frames1fps/001502.jpg,No,.95,N/A,No,.95,N/A
CNNW_20210110_050000_CNN_Newsroom_Live.frames1fps/001503.jpg,No,.95,N/A,No,.95,N/A
CNNW_20210110_050000_CNN_Newsroom_Live.frames1fps/001504.jpg,No,.95,N/A,No,.95,N/A
CNNW_20210110_050000_CNN_Newsroom_Live.frames1fps/001505.jpg,No,.95,N/A,No,.95,N/A
CNNW_20210110_050000_CNN_Newsroom_Live.frames1fps/001506.jpg,No,.95,N/A,No,.95,N/A
CNNW_20210110_050000_CNN_Newsroom_Live.frames1fps/001507.jpg,No,.95,N/A,No,.95,N/A
CNNW_20210110_050000_CNN_Newsroom_Live.frames1fps/001508.jpg,No,.95,N/A,No,.95,N/A
CNNW_20210110_050000_CNN_Newsroom_Live.frames1fps/001509.jpg,No,.95,N/A,No,.95,N/A
CNNW_20210110_050000_CNN_Newsroom_Live.frames1fps/001510.jpg,No,.95,N/A,No,.95,N/A
CNNW_20210110_050000_CNN_Newsroom_Live.frames1fps/001511.jpg,No,.95,N/A,No,.95,N/A
CNNW_20210110_050000_CNN_Newsroom_Live.frames1fps/001512.jpg,No,.95,N/A,No,.95,N/A
CNNW_20210110_050000_CNN_Newsroom_Live.frames1fps/001513.jpg,No,.95,N/A,No,.95,N/A
CNNW_20210110_050000_CNN_Newsroom_Live.frames1fps/001514.jpg,No,.95,N/A,No,.95,N/A
CNNW_20210110_050000_CNN_Newsroom_Live.frames1fps/001515.jpg,No,.95,N/A,No,.95,N/A
CNNW_20210110_050000_CNN_Newsroom_Live.frames1fps/001516.jpg,No,.95,N/A,No,.95,N/A
CNNW_20210110_050000_CNN_Newsroom_Live.frames1fps/001517.jpg,No,.95,N/A,No,.95,N/A
CNNW_20210110_050000_CNN_Newsroom_Live.frames1fps/001518.jpg,No,.95,N/A,No,.95,N/A
CNNW_20210110_050000_CNN_Newsroom_Live.frames1fps/001519.jpg,No,.95,N/A,No,.95,N/A
CNNW_20210110_050000_CNN_Newsroom_Live.frames1fps/001520.jpg,No,.95,N/A,No,.95,N/A
CNNW_20210110_050000_CNN_Newsroom_Live.frames1fps/001521.jpg,No,.95,N/A,No,.95,N/A
CNNW_20210110_050000_CNN_Newsroom_Live.frames1fps/001522.jpg,No,.95,N/A,No,.95,N/A
CNNW_20210110_050000_CNN_Newsroom_Live.frames1fps/001523.jpg,No,.95,N/A,No,.95,N/A
CNNW_20210110_050000_CNN_Newsroom_Live.frames1fps/001524.jpg,No,.95,N/A,No,.95,N/A
CNNW_20210110_050000_CNN_Newsroom_Live.frames1fps/001525.jpg,No,.95,N/A,No,.95,N/A
CNNW_20210110_050000_CNN_Newsroom_Live.frames1fps/001526.jpg,No,.95,N/A,No,.95,N/A
CNNW_20210110_050000_CNN_Newsroom_Live.frames1fps/001527.jpg,No,.95,N/A,No,.95,N/A
CNNW_20210110_050000_CNN_Newsroom_Live.frames1fps/001528.jpg,No,.95,N/A,No,.95,N/A
CNNW_20210110_050000_CNN_Newsroom_Live.frames1fps/001529.jpg,No,.95,N/A,No,.95,N/A
CNNW_20210110_050000_CNN_Newsroom_Live.frames1fps/001530.jpg,No,.95,N/A,No,.95,N/A
CNNW_20210110_050000_CNN_Newsroom_Live.frames1fps/001531.jpg,No,.95,N/A,No,.95,N/A
CNNW_20210110_050000_CNN_Newsroom_Live.frames1fps/001532.jpg,No,.95,N/A,No,.95,N/A
CNNW_20210110_050000_CNN_Newsroom_Live.frames1fps/001533.jpg,No,.95,N/A,No,.95,N/A
CNNW_20210110_050000_CNN_Newsroom_Live.frames1fps/001534.jpg,No,.95,N/A,No,.95,N/A
CNNW_20210110_050000_CNN_Newsroom_Live.frames1fps/001535.jpg,No,.95,N/A,No,.95,N/A
CNNW_20210110_050000_CNN_Newsroom_Live.frames1fps/001536.jpg,No,.95,N/A,No,.95,N/A
CNNW_20210110_050000_CNN_Newsroom_Live.frames1fps/001537.jpg,No,.95,N/A,No,.95,N/A
CNNW_20210110_050000_CNN_Newsroom_Live.frames1fps/001538.jpg,No,.95,N/A,No,.95,N/A
CNNW_20210110_050000_CNN_Newsroom_Live.frames1fps/001539.jpg,No,.95,N/A,No,.95,N/A
CNNW_20210110_050000_CNN_Newsroom_Live.frames1fps/001540.jpg,No,.95,N/A,No,.95,N/A
CNNW_20210110_050000_CNN_Newsroom_Live.frames1fps/001541.jpg,No,.95,N/A,No,.95,N/A
CNNW_20210110_050000_CNN_Newsroom_Live.frames1fps/001542.jpg,No,.95,N/A,No,.95,N/A
CNNW_20210110_050000_CNN_Newsroom_Live.frames1fps/001543.jpg,No,.95,N/A,No,.95,N/A
CNNW_20210110_050000_CNN_Newsroom_Live.frames1fps/001544.jpg,No,.95,N/A,No,.95,N/A
CNNW_20210110_050000_CNN_Newsroom_Live.frames1fps/001545.jpg,No,.95,N/A,No,.95,N/A
CNNW_20210110_050000_CNN_Newsroom_Live.frames1fps/001546.jpg,No,.95,N/A,No,.95,N/A
CNNW_20210110_050000_CNN_Newsroom_Live.frames1fps/001547.jpg,No,.95,N/A,No,.95,N/A
CNNW_20210110_050000_CNN_Newsroom_Live.frames1fps/001548.jpg,No,.95,N/A,No,.95,N/A
CNNW_20210110_050000_CNN_Newsroom_Live.frames1fps/001549.jpg,No,.95,N/A,No,.95,N/A
CNNW_20210110_050000_CNN_Newsroom_Live.frames1fps/001550.jpg,No,.95,N/A,No,.95,N/A
CNNW_20210110_050000_CNN_Newsroom_Live.frames1fps/001551.jpg,No,.95,N/A,No,.95,N/A
CNNW_20210110_050000_CNN_Newsroom_Live.frames1fps/001552.jpg,No,.95,N/A,No,.95,N/A
CNNW_20210110_050000_CNN_Newsroom_Live.frames1fps/001553.jpg,No,.95,N/A,No,.95,N/A
CNNW_20210110_050000_CNN_Newsroom_Live.frames1fps/001554.jpg,No,.95,N/A,No,.95,N/A
CNNW_20210110_050000_CNN_Newsroom_Live.frames1fps/001555.jpg,No,.95,N/A,No,.95,N/A
CNNW_20210110_050000_CNN_Newsroom_Live.frames1fps/001556.jpg,No,.95,N/A,No,.95,N/A
CNNW_20210110_050000_CNN_Newsroom_Live.frames1fps/001557.jpg,No,.95,N/A,No,.95,N/A
CNNW_20210110_050000_CNN_Newsroom_Live.frames1fps/001558.jpg,No,.95,N/A,No,.95,N/A
CNNW_20210110_050000_CNN_Newsroom_Live.frames1fps/001559.jpg,No,.95,N/A,No,.95,N/A
CNNW_20210110_050000_CNN_Newsroom_Live.frames1fps/001560.jpg,No,.95,N/A,No,.95,N/A
CNNW_20210110_050000_CNN_Newsroom_Live.frames1fps/001561.jpg,No,.95,N/A,No,.95,N/A
CNNW_20210110_050000_CNN_Newsroom_Live.frames1fps/001562.jpg,No,.95,N/A,No,.95,N/A
CNNW_20210110_050000_CNN_Newsroom_Live.frames1fps/001563.jpg,No,.95,N/A,No,.95,N/A
CNNW_20210110_050000_CNN_Newsroom_Live.frames1fps/001564.jpg,No,.95,N/A,No,.95,N/A
CNNW_20210110_050000_CNN_Newsroom_Live.frames1fps/001565.jpg,No,.95,N/A,No,.95,N/A
CNNW_20210110_050000_CNN_Newsroom_Live.frames1fps/001566.jpg,No,.95,N/A,No,.95,N/A
CNNW_20210110_050000_CNN_Newsroom_Live.frames1fps/001567.jpg,No,.95,N/A,No,.95,N/A
CNNW_20210110_050000_CNN_Newsroom_Live.frames1fps/001568.jpg,No,.95,N/A,No,.95,N/A
CNNW_20210110_050000_CNN_Newsroom_Live.frames1fps/001569.jpg,No,.95,N/A,No,.95,N/A
CNNW_20210110_050000_CNN_Newsroom_Live.frames1fps/001570.jpg,No,.95,N/A,No,.95,N/A
CNNW_20210110_050000_CNN_Newsroom_Live.frames1fps/001571.jpg,No,.95,N/A,No,.95,N/A
CNNW_20210110_050000_CNN_Newsroom_Live.frames1fps/001572.jpg,No,.95,N/A,No,.95,N/A
CNNW_20210110_050000_CNN_Newsroom_Live.frames1fps/001573.jpg,No,.95,N/A,No,.95,N/A
CNNW_20210110_050000_CNN_Newsroom_Live.frames1fps/001574.jpg,No,.95,N/A,No,.95,N/A
CNNW_20210110_050000_CNN_Newsroom_Live.frames1fps/001575.jpg,No,.95,N/A,No,.95,N/A
CNNW_20210110_050000_CNN_Newsroom_Live.frames1fps/001576.jpg,No,.95,N/A,No,.95,N/A
CNNW_20210110_050000_CNN_Newsroom_Live.frames1fps/001577.jpg,No,.95,N/A,No,.95,N/A
CNNW_20210110_050000_CNN_Newsroom_Live.frames1fps/001578.jpg,No,.95,N/A,No,.95,N/A
CNNW_20210110_050000_CNN_Newsroom_Live.frames1fps/001579.jpg,No,.95,N/A,No,.95,N/A
CNNW_20210110_050000_CNN_Newsroom_Live.frames1fps/001580.jpg,No,.95,N/A,No,.95,N/A
CNNW_20210110_050000_CNN_Newsroom_Live.frames1fps/001581.jpg,No,.95,N/A,No,.95,N/A
CNNW_20210110_050000_CNN_Newsroom_Live.frames1fps/001582.jpg,No,.95,N/A,No,.95,N/A
CNNW_20210110_050000_CNN_Newsroom_Live.frames1fps/001583.jpg,No,.95,N/A,No,.95,N/A
CNNW_20210110_050000_CNN_Newsroom_Live.frames1fps/001584.jpg,No,.95,N/A,No,.95,N/A
CNNW_20210110_050000_CNN_Newsroom_Live.frames1fps/001585.jpg,No,.95,N/A,No,.95,N/A
CNNW_20210110_050000_CNN_Newsroom_Live.frames1fps/001586.jpg,No,.95,N/A,No,.95,N/A
CNNW_20210110_050000_CNN_Newsroom_Live.frames1fps/001587.jpg,No,.95,N/A,No,.95,N/A
CNNW_20210110_050000_CNN_Newsroom_Live.frames1fps/001588.jpg,No,.95,N/A,No,.95,N/A
CNNW_20210110_050000_CNN_Newsroom_Live.frames1fps/001589.jpg,No,.95,N/A,No,.95,N/A
CNNW_20210110_050000_CNN_Newsroom_Live.frames1fps/001590.jpg,No,.95,N/A,No,.95,N/A
CNNW_20210110_050000_CNN_Newsroom_Live.frames1fps/001591.jpg,No,.95,N/A,No,.95,N/A
CNNW_20210110_050000_CNN_Newsroom_Live.frames1fps/001592.jpg,No,.95,N/A,No,.95,N/A
CNNW_20210110_050000_CNN_Newsroom_Live.frames1fps/001593.jpg,No,.95,N/A,No,.95,N/A
CNNW_20210110_050000_CNN_Newsroom_Live.frames1fps/001594.jpg,No,.95,N/A,No,.95,N/A
CNNW_20210110_050000_CNN_Newsroom_Live.frames1fps/001595.jpg,No,.95,N/A,No,.95,N/A
CNNW_20210110_050000_CNN_Newsroom_Live.frames1fps/001596.jpg,No,.95,N/A,No,.95,N/A
CNNW_20210110_050000_CNN_Newsroom_Live.frames1fps/001597.jpg,No,.95,N/A,No,.95,N/A
CNNW_20210110_050000_CNN_Newsroom_Live.frames1fps/001598.jpg,No,.95,N/A,No,.95,N/A
CNNW_20210110_050000_CNN_Newsroom_Live.frames1fps/001599.jpg,No,.95,N/A,No,.95,N/A
CNNW_20210110_050000_CNN_Newsroom_Live.frames1fps/001600.jpg,No,.95,N/A,No,.95,N/A
CNNW_20210110_050000_CNN_Newsroom_Live.frames1fps/001601.jpg,No,.95,N/A,No,.95,N/A
CNNW_20210110_050000_CNN_Newsroom_Live.frames1fps/001602.jpg,No,.95,N/A,No,.95,N/A
CNNW_20210110_050000_CNN_Newsroom_Live.frames1fps/001603.jpg,No,.95,N/A,No,.95,N/A
CNNW_20210110_050000_CNN_Newsroom_Live.frames1fps/001604.jpg,No,.95,N/A,No,.95,N/A
CNNW_20210110_050000_CNN_Newsroom_Live.frames1fps/001605.jpg,No,.95,N/A,No,.95,N/A
CNNW_20210110_050000_CNN_Newsroom_Live.frames1fps/001606.jpg,No,.95,N/A,No,.95,N/A
CNNW_20210110_050000_CNN_Newsroom_Live.frames1fps/001607.jpg,No,.95,N/A,No,.95,N/A
CNNW_20210110_050000_CNN_Newsroom_Live.frames1fps/001608.jpg,No,.95,N/A,No,.95,N/A
CNNW_20210110_050000_CNN_Newsroom_Live.frames1fps/001609.jpg,No,.95,N/A,No,.95,N/A
CNNW_20210110_050000_CNN_Newsroom_Live.frames1fps/001610.jpg,No,.95,N/A,No,.95,N/A
CNNW_20210110_050000_CNN_Newsroom_Live.frames1fps/001611.jpg,No,.95,N/A,No,.95,N/A
CNNW_20210110_050000_CNN_Newsroom_Live.frames1fps/001612.jpg,No,.95,N/A,No,.95,N/A
CNNW_20210110_050000_CNN_Newsroom_Live.frames1fps/001613.jpg,No,.95,N/A,No,.95,N/A
CNNW_20210110_050000_CNN_Newsroom_Live.frames1fps/001614.jpg,No,.95,N/A,No,.95,N/A
CNNW_20210110_050000_CNN_Newsroom_Live.frames1fps/001615.jpg,No,.95,N/A,No,.95,N/A
CNNW_20210110_050000_CNN_Newsroom_Live.frames1fps/001616.jpg,No,.95,N/A,No,.95,N/A
CNNW_20210110_050000_CNN_Newsroom_Live.frames1fps/001617.jpg,No,.95,N/A,No,.95,N/A
CNNW_20210110_050000_CNN_Newsroom_Live.frames1fps/001618.jpg,No,.95,N/A,No,.95,N/A
CNNW_20210110_050000_CNN_Newsroom_Live.frames1fps/001619.jpg,No,.95,N/A,No,.95,N/A
CNNW_20210110_050000_CNN_Newsroom_Live.frames1fps/001620.jpg,No,.95,N/A,No,.95,N/A
CNNW_20210110_050000_CNN_Newsroom_Live.frames1fps/001621.jpg,No,.95,N/A,No,.95,N/A
CNNW_20210110_050000_CNN_Newsroom_Live.frames1fps/001622.jpg,No,.95,N/A,No,.95,N/A
CNNW_20210110_050000_CNN_Newsroom_Live.frames1fps/001623.jpg,No,.95,N/A,No,.95,N/A
CNNW_20210110_050000_CNN_Newsroom_Live.frames1fps/001624.jpg,No,.95,N/A,No,.95,N/A
CNNW_20210110_050000_CNN_Newsroom_Live.frames1fps/001625.jpg,No,.95,N/A,No,.95,N/A
CNNW_20210110_050000_CNN_Newsroom_Live.frames1fps/001626.jpg,No,.95,N/A,No,.95,N/A
CNNW_20210110_050000_CNN_Newsroom_Live.frames1fps/001627.jpg,No,.95,N/A,No,.95,N/A
CNNW_20210110_050000_CNN_Newsroom_Live.frames1fps/001628.jpg,No,.95,N/A,No,.95,N/A
CNNW_20210110_050000_CNN_Newsroom_Live.frames1fps/001629.jpg,No,.95,N/A,No,.95,N/A
CNNW_20210110_050000_CNN_Newsroom_Live.frames1fps/001630.jpg,No,.95,N/A,No,.95,N/A
CNNW_20210110_050000_CNN_Newsroom_Live.frames1fps/001631.jpg,No,.95,N/A,No,.95,N/A
CNNW_20210110_050000_CNN_Newsroom_Live.frames1fps/001632.jpg,No,.95,N/A,No,.95,N/A
CNNW_20210110_050000_CNN_Newsroom_Live.frames1fps/001633.jpg,No,.95,N/A,No,.95,N/A
CNNW_20210110_050000_CNN_Newsroom_Live.frames1fps/001634.jpg,No,.95,N/A,No,.95,N/A
CNNW_20210110_050000_CNN_Newsroom_Live.frames1fps/001635.jpg,No,.95,N/A,No,.95,N/A
CNNW_20210110_050000_CNN_Newsroom_Live.frames1fps/001636.jpg,No,.95,N/A,No,.95,N/A
CNNW_20210110_050000_CNN_Newsroom_Live.frames1fps/001637.jpg,No,.95,N/A,No,.95,N/A
CNNW_20210110_050000_CNN_Newsroom_Live.frames1fps/001638.jpg,No,.95,N/A,No,.95,N/A
CNNW_20210110_050000_CNN_Newsroom_Live.frames1fps/001639.jpg,No,.95,N/A,No,.95,N/A
CNNW_20210110_050000_CNN_Newsroom_Live.frames1fps/001640.jpg,No,.95,N/A,No,.95,N/A
CNNW_20210110_050000_CNN_Newsroom_Live.frames1fps/001641.jpg,No,.95,N/A,No,.95,N/A
CNNW_20210110_050000_CNN_Newsroom_Live.frames1fps/001642.jpg,No,.95,N/A,No,.95,N/A
CNNW_20210110_050000_CNN_Newsroom_Live.frames1fps/001643.jpg,No,.95,N/A,No,.95,N/A
CNNW_20210110_050000_CNN_Newsroom_Live.frames1fps/001644.jpg,No,.95,N/A,No,.95,N/A
CNNW_20210110_050000_CNN_Newsroom_Live.frames1fps/001645.jpg,No,.95,N/A,No,.95,N/A
CNNW_20210110_050000_CNN_Newsroom_Live.frames1fps/001646.jpg,No,.95,N/A,No,.95,N/A
CNNW_20210110_050000_CNN_Newsroom_Live.frames1fps/001647.jpg,No,.95,N/A,No,.95,N/A
CNNW_20210110_050000_CNN_Newsroom_Live.frames1fps/001648.jpg,No,.95,N/A,No,.95,N/A
CNNW_20210110_050000_CNN_Newsroom_Live.frames1fps/001649.jpg,No,.95,N/A,No,.95,N/A
CNNW_20210110_050000_CNN_Newsroom_Live.frames1fps/001650.jpg,No,.95,N/A,No,.95,N/A
CNNW_20210110_050000_CNN_Newsroom_Live.frames1fps/001651.jpg,No,.95,N/A,No,.95,N/A
CNNW_20210110_050000_CNN_Newsroom_Live.frames1fps/001652.jpg,No,.95,N/A,No,.95,N/A
CNNW_20210110_050000_CNN_Newsroom_Live.frames1fps/001653.jpg,No,.95,N/A,No,.95,N/A
CNNW_20210110_050000_CNN_Newsroom_Live.frames1fps/001654.jpg,No,.95,N/A,No,.95,N/A
CNNW_20210110_050000_CNN_Newsroom_Live.frames1fps/001655.jpg,No,.95,N/A,No,.95,N/A
CNNW_20210110_050000_CNN_Newsroom_Live.frames1fps/001656.jpg,No,.95,N/A,No,.95,N/A
CNNW_20210110_050000_CNN_Newsroom_Live.frames1fps/001657.jpg,No,.95,N/A,No,.95,N/A
CNNW_20210110_050000_CNN_Newsroom_Live.frames1fps/001658.jpg,No,.95,N/A,No,.95,N/A
CNNW_20210110_050000_CNN_Newsroom_Live.frames1fps/001659.jpg,No,.95,N/A,No,.95,N/A
CNNW_20210110_050000_CNN_Newsroom_Live.frames1fps/001660.jpg,No,.95,N/A,No,.95,N/A
CNNW_20210110_050000_CNN_Newsroom_Live.frames1fps/001661.jpg,No,.95,N/A,No,.95,N/A
CNNW_20210110_050000_CNN_Newsroom_Live.frames1fps/001662.jpg,No,.98,N/A,No,.98,N/A
CNNW_20210110_050000_CNN_Newsroom_Live.frames1fps/001663.jpg,No,1,N/A,No,1,N/A
CNNW_20210110_050000_CNN_Newsroom_Live.frames1fps/001664.jpg,No,.95,N/A,No,.95,N/A
CNNW_20210110_050000_CNN_Newsroom_Live.frames1fps/001665.jpg,No,.95,N/A,No,.95,N/A
CNNW_20210110_050000_CNN_Newsroom_Live.frames1fps/001666.jpg,No,.95,N/A,No,.95,N/A
CNNW_20210110_050000_CNN_Newsroom_Live.frames1fps/001667.jpg,No,.95,N/A,No,.95,N/A
CNNW_20210110_050000_CNN_Newsroom_Live.frames1fps/001668.jpg,No,.95,N/A,No,.95,N/A
CNNW_20210110_050000_CNN_Newsroom_Live.frames1fps/001669.jpg,No,.95,N/A,No,.95,N/A
CNNW_20210110_050000_CNN_Newsroom_Live.frames1fps/001670.jpg,No,.95,N/A,No,.95,N/A
CNNW_20210110_050000_CNN_Newsroom_Live.frames1fps/001671.jpg,No,.95,N/A,No,.95,N/A
CNNW_20210110_050000_CNN_Newsroom_Live.frames1fps/001672.jpg,No,.95,N/A,No,.95,N/A
CNNW_20210110_050000_CNN_Newsroom_Live.frames1fps/001673.jpg,No,.95,N/A,No,.95,N/A
CNNW_20210110_050000_CNN_Newsroom_Live.frames1fps/001674.jpg,No,.95,N/A,No,.95,N/A
CNNW_20210110_050000_CNN_Newsroom_Live.frames1fps/001675.jpg,No,.95,N/A,No,.95,N/A
CNNW_20210110_050000_CNN_Newsroom_Live.frames1fps/001676.jpg,No,.95,N/A,No,.95,N/A
CNNW_20210110_050000_CNN_Newsroom_Live.frames1fps/001677.jpg,No,.95,N/A,No,.95,N/A
CNNW_20210110_050000_CNN_Newsroom_Live.frames1fps/001678.jpg,No,.95,N/A,No,.95,N/A
CNNW_20210110_050000_CNN_Newsroom_Live.frames1fps/001679.jpg,No,.95,N/A,No,.95,N/A
CNNW_20210110_050000_CNN_Newsroom_Live.frames1fps/001680.jpg,No,.95,N/A,No,.95,N/A
CNNW_20210110_050000_CNN_Newsroom_Live.frames1fps/001681.jpg,No,.95,N/A,No,.95,N/A
CNNW_20210110_050000_CNN_Newsroom_Live.frames1fps/001682.jpg,No,.95,N/A,No,.95,N/A
CNNW_20210110_050000_CNN_Newsroom_Live.frames1fps/001683.jpg,No,.95,N/A,No,.95,N/A
CNNW_20210110_050000_CNN_Newsroom_Live.frames1fps/001684.jpg,No,.95,N/A,No,.95,N/A
CNNW_20210110_050000_CNN_Newsroom_Live.frames1fps/001685.jpg,No,.95,N/A,No,.95,N/A
CNNW_20210110_050000_CNN_Newsroom_Live.frames1fps/001686.jpg,No,.95,N/A,No,.95,N/A
CNNW_20210110_050000_CNN_Newsroom_Live.frames1fps/001687.jpg,No,.95,N/A,No,.95,N/A
CNNW_20210110_050000_CNN_Newsroom_Live.frames1fps/001688.jpg,No,.95,N/A,No,.95,N/A
CNNW_20210110_050000_CNN_Newsroom_Live.frames1fps/001689.jpg,No,.95,N/A,No,.95,N/A
CNNW_20210110_050000_CNN_Newsroom_Live.frames1fps/001690.jpg,No,.95,N/A,No,.95,N/A
CNNW_20210110_050000_CNN_Newsroom_Live.frames1fps/001691.jpg,No,.98,N/A,No,.98,N/A
CNNW_20210110_050000_CNN_Newsroom_Live.frames1fps/001692.jpg,No,.98,N/A,No,.98,N/A
CNNW_20210110_050000_CNN_Newsroom_Live.frames1fps/001693.jpg,No,.98,N/A,No,.98,N/A
CNNW_20210110_050000_CNN_Newsroom_Live.frames1fps/001694.jpg,No,.95,N/A,No,.95,N/A
CNNW_20210110_050000_CNN_Newsroom_Live.frames1fps/001695.jpg,No,.95,N/A,No,.95,N/A
CNNW_20210110_050000_CNN_Newsroom_Live.frames1fps/001696.jpg,No,1,N/A,No,1,N/A
CNNW_20210110_050000_CNN_Newsroom_Live.frames1fps/001697.jpg,No,.95,N/A,No,.95,N/A
CNNW_20210110_050000_CNN_Newsroom_Live.frames1fps/001698.jpg,No,.95,N/A,No,.95,N/A
CNNW_20210110_050000_CNN_Newsroom_Live.frames1fps/001699.jpg,No,.95,N/A,No,.95,N/A
CNNW_20210110_050000_CNN_Newsroom_Live.frames1fps/001700.jpg,No,.95,N/A,No,.95,N/A
CNNW_20210110_050000_CNN_Newsroom_Live.frames1fps/001701.jpg,No,.95,N/A,No,.95,N/A
CNNW_20210110_050000_CNN_Newsroom_Live.frames1fps/001702.jpg,No,.95,N/A,No,.95,N/A
CNNW_20210110_050000_CNN_Newsroom_Live.frames1fps/001703.jpg,No,.95,N/A,No,.95,N/A
CNNW_20210110_050000_CNN_Newsroom_Live.frames1fps/001704.jpg,No,.95,N/A,No,.95,N/A
CNNW_20210110_050000_CNN_Newsroom_Live.frames1fps/001705.jpg,No,.95,N/A,No,.95,N/A
CNNW_20210110_050000_CNN_Newsroom_Live.frames1fps/001706.jpg,No,.95,N/A,No,.95,N/A
CNNW_20210110_050000_CNN_Newsroom_Live.frames1fps/001707.jpg,No,.95,N/A,No,.95,N/A
CNNW_20210110_050000_CNN_Newsroom_Live.frames1fps/001708.jpg,No,.95,N/A,No,.95,N/A
CNNW_20210110_050000_CNN_Newsroom_Live.frames1fps/001709.jpg,No,.95,N/A,No,.95,N/A
CNNW_20210110_050000_CNN_Newsroom_Live.frames1fps/001710.jpg,No,.95,N/A,No,.95,N/A
CNNW_20210110_050000_CNN_Newsroom_Live.frames1fps/001711.jpg,No,1,N/A,No,1,N/A
CNNW_20210110_050000_CNN_Newsroom_Live.frames1fps/001712.jpg,No,.98,N/A,No,.98,N/A
CNNW_20210110_050000_CNN_Newsroom_Live.frames1fps/001713.jpg,No,.95,N/A,No,.95,N/A
CNNW_20210110_050000_CNN_Newsroom_Live.frames1fps/001714.jpg,No,.98,N/A,No,.98,N/A
CNNW_20210110_050000_CNN_Newsroom_Live.frames1fps/001715.jpg,No,.98,N/A,No,.98,N/A
CNNW_20210110_050000_CNN_Newsroom_Live.frames1fps/001716.jpg,No,.98,N/A,No,.98,N/A
CNNW_20210110_050000_CNN_Newsroom_Live.frames1fps/001717.jpg,No,.98,N/A,No,.98,N/A
CNNW_20210110_050000_CNN_Newsroom_Live.frames1fps/001718.jpg,No,.95,N/A,No,.95,N/A
CNNW_20210110_050000_CNN_Newsroom_Live.frames1fps/001719.jpg,No,.95,N/A,No,.95,N/A
CNNW_20210110_050000_CNN_Newsroom_Live.frames1fps/001720.jpg,No,.98,N/A,No,.98,N/A
CNNW_20210110_050000_CNN_Newsroom_Live.frames1fps/001721.jpg,No,1,N/A,No,1,N/A
CNNW_20210110_050000_CNN_Newsroom_Live.frames1fps/001722.jpg,No,.95,N/A,No,.95,N/A
CNNW_20210110_050000_CNN_Newsroom_Live.frames1fps/001723.jpg,No,.98,N/A,No,.98,N/A
CNNW_20210110_050000_CNN_Newsroom_Live.frames1fps/001724.jpg,No,.95,N/A,No,.95,N/A
CNNW_20210110_050000_CNN_Newsroom_Live.frames1fps/001725.jpg,No,.98,N/A,No,.98,N/A
CNNW_20210110_050000_CNN_Newsroom_Live.frames1fps/001726.jpg,No,.98,N/A,No,.98,N/A
CNNW_20210110_050000_CNN_Newsroom_Live.frames1fps/001727.jpg,No,.98,N/A,No,.98,N/A
CNNW_20210110_050000_CNN_Newsroom_Live.frames1fps/001728.jpg,No,.98,N/A,No,.98,N/A
CNNW_20210110_050000_CNN_Newsroom_Live.frames1fps/001729.jpg,No,.98,N/A,No,.98,N/A
CNNW_20210110_050000_CNN_Newsroom_Live.frames1fps/001730.jpg,No,.95,N/A,No,.95,N/A
CNNW_20210110_050000_CNN_Newsroom_Live.frames1fps/001731.jpg,No,.95,N/A,No,.95,N/A
CNNW_20210110_050000_CNN_Newsroom_Live.frames1fps/001732.jpg,No,.98,N/A,No,.98,N/A
CNNW_20210110_050000_CNN_Newsroom_Live.frames1fps/001733.jpg,No,.95,N/A,No,.95,N/A
CNNW_20210110_050000_CNN_Newsroom_Live.frames1fps/001734.jpg,No,.95,N/A,No,.95,N/A
CNNW_20210110_050000_CNN_Newsroom_Live.frames1fps/001735.jpg,No,.98,N/A,No,.98,N/A
CNNW_20210110_050000_CNN_Newsroom_Live.frames1fps/001736.jpg,No,.98,N/A,No,.98,N/A
CNNW_20210110_050000_CNN_Newsroom_Live.frames1fps/001737.jpg,No,.95,N/A,No,.95,N/A
CNNW_20210110_050000_CNN_Newsroom_Live.frames1fps/001738.jpg,No,.95,N/A,No,.95,N/A
CNNW_20210110_050000_CNN_Newsroom_Live.frames1fps/001739.jpg,No,.95,N/A,No,.95,N/A
CNNW_20210110_050000_CNN_Newsroom_Live.frames1fps/001740.jpg,No,.95,N/A,No,.95,N/A
CNNW_20210110_050000_CNN_Newsroom_Live.frames1fps/001741.jpg,No,.95,N/A,No,.95,N/A
CNNW_20210110_050000_CNN_Newsroom_Live.frames1fps/001742.jpg,No,.95,N/A,No,.95,N/A
CNNW_20210110_050000_CNN_Newsroom_Live.frames1fps/001743.jpg,No,.95,N/A,No,.95,N/A
CNNW_20210110_050000_CNN_Newsroom_Live.frames1fps/001744.jpg,No,.95,N/A,No,.95,N/A
CNNW_20210110_050000_CNN_Newsroom_Live.frames1fps/001745.jpg,No,.95,N/A,No,.95,N/A
CNNW_20210110_050000_CNN_Newsroom_Live.frames1fps/001746.jpg,No,.95,N/A,No,.95,N/A
CNNW_20210110_050000_CNN_Newsroom_Live.frames1fps/001747.jpg,No,.95,N/A,No,.95,N/A
CNNW_20210110_050000_CNN_Newsroom_Live.frames1fps/001748.jpg,No,.95,N/A,No,.95,N/A
CNNW_20210110_050000_CNN_Newsroom_Live.frames1fps/001749.jpg,No,.98,N/A,No,.98,N/A
CNNW_20210110_050000_CNN_Newsroom_Live.frames1fps/001750.jpg,No,.98,N/A,No,.98,N/A
CNNW_20210110_050000_CNN_Newsroom_Live.frames1fps/001751.jpg,No,.98,N/A,No,.98,N/A
CNNW_20210110_050000_CNN_Newsroom_Live.frames1fps/001752.jpg,No,.95,N/A,No,.95,N/A
CNNW_20210110_050000_CNN_Newsroom_Live.frames1fps/001753.jpg,No,.95,N/A,No,.95,N/A
CNNW_20210110_050000_CNN_Newsroom_Live.frames1fps/001754.jpg,No,.95,N/A,No,.95,N/A
CNNW_20210110_050000_CNN_Newsroom_Live.frames1fps/001755.jpg,No,.95,N/A,No,.95,N/A
CNNW_20210110_050000_CNN_Newsroom_Live.frames1fps/001756.jpg,No,.95,N/A,No,.95,N/A
CNNW_20210110_050000_CNN_Newsroom_Live.frames1fps/001757.jpg,No,.95,N/A,No,.95,N/A
CNNW_20210110_050000_CNN_Newsroom_Live.frames1fps/001758.jpg,No,.95,N/A,No,.95,N/A
CNNW_20210110_050000_CNN_Newsroom_Live.frames1fps/001759.jpg,No,.95,N/A,No,.95,N/A
CNNW_20210110_050000_CNN_Newsroom_Live.frames1fps/001760.jpg,No,.95,N/A,No,.95,N/A
CNNW_20210110_050000_CNN_Newsroom_Live.frames1fps/001761.jpg,No,.95,N/A,No,.95,N/A
CNNW_20210110_050000_CNN_Newsroom_Live.frames1fps/001762.jpg,No,.95,N/A,No,.95,N/A
CNNW_20210110_050000_CNN_Newsroom_Live.frames1fps/001763.jpg,No,.95,N/A,No,.95,N/A
CNNW_20210110_050000_CNN_Newsroom_Live.frames1fps/001764.jpg,No,.95,N/A,No,.95,N/A
CNNW_20210110_050000_CNN_Newsroom_Live.frames1fps/001765.jpg,No,.95,N/A,No,.95,N/A
CNNW_20210110_050000_CNN_Newsroom_Live.frames1fps/001766.jpg,No,.95,N/A,No,.95,N/A
CNNW_20210110_050000_CNN_Newsroom_Live.frames1fps/001767.jpg,No,.95,N/A,No,.95,N/A
CNNW_20210110_050000_CNN_Newsroom_Live.frames1fps/001768.jpg,No,.95,N/A,No,.95,N/A
CNNW_20210110_050000_CNN_Newsroom_Live.frames1fps/001769.jpg,No,.95,N/A,No,.95,N/A
CNNW_20210110_050000_CNN_Newsroom_Live.frames1fps/001770.jpg,No,.95,N/A,No,.95,N/A
CNNW_20210110_050000_CNN_Newsroom_Live.frames1fps/001771.jpg,No,.95,N/A,No,.95,N/A
CNNW_20210110_050000_CNN_Newsroom_Live.frames1fps/001772.jpg,No,.95,N/A,No,.95,N/A
CNNW_20210110_050000_CNN_Newsroom_Live.frames1fps/001773.jpg,No,.98,N/A,No,.98,N/A
CNNW_20210110_050000_CNN_Newsroom_Live.frames1fps/001774.jpg,No,.95,N/A,No,.95,N/A
CNNW_20210110_050000_CNN_Newsroom_Live.frames1fps/001775.jpg,No,.95,N/A,No,.95,N/A
CNNW_20210110_050000_CNN_Newsroom_Live.frames1fps/001776.jpg,No,.95,N/A,No,.95,N/A
CNNW_20210110_050000_CNN_Newsroom_Live.frames1fps/001777.jpg,No,.95,N/A,No,.95,N/A
CNNW_20210110_050000_CNN_Newsroom_Live.frames1fps/001778.jpg,No,.95,N/A,No,.95,N/A
CNNW_20210110_050000_CNN_Newsroom_Live.frames1fps/001779.jpg,No,.95,N/A,No,.95,N/A
CNNW_20210110_050000_CNN_Newsroom_Live.frames1fps/001780.jpg,No,.95,N/A,No,.95,N/A
CNNW_20210110_050000_CNN_Newsroom_Live.frames1fps/001781.jpg,No,.95,N/A,No,.95,N/A
CNNW_20210110_050000_CNN_Newsroom_Live.frames1fps/001782.jpg,No,.95,N/A,No,.95,N/A
CNNW_20210110_050000_CNN_Newsroom_Live.frames1fps/001783.jpg,No,.95,N/A,No,.95,N/A
CNNW_20210110_050000_CNN_Newsroom_Live.frames1fps/001784.jpg,No,.95,N/A,No,.95,N/A
CNNW_20210110_050000_CNN_Newsroom_Live.frames1fps/001785.jpg,No,1,N/A,No,1,N/A
CNNW_20210110_050000_CNN_Newsroom_Live.frames1fps/001786.jpg,No,.95,N/A,No,.95,N/A
CNNW_20210110_050000_CNN_Newsroom_Live.frames1fps/001787.jpg,No,.95,N/A,No,.95,N/A
CNNW_20210110_050000_CNN_Newsroom_Live.frames1fps/001788.jpg,No,.98,N/A,No,.98,N/A
CNNW_20210110_050000_CNN_Newsroom_Live.frames1fps/001789.jpg,No,.95,N/A,No,.95,N/A
CNNW_20210110_050000_CNN_Newsroom_Live.frames1fps/001790.jpg,No,.95,N/A,No,.95,N/A
CNNW_20210110_050000_CNN_Newsroom_Live.frames1fps/001791.jpg,No,.95,N/A,No,.95,N/A
CNNW_20210110_050000_CNN_Newsroom_Live.frames1fps/001792.jpg,No,.95,N/A,No,.95,N/A
CNNW_20210110_050000_CNN_Newsroom_Live.frames1fps/001793.jpg,No,.95,N/A,No,.95,N/A
CNNW_20210110_050000_CNN_Newsroom_Live.frames1fps/001794.jpg,No,.95,N/A,No,.95,N/A
CNNW_20210110_050000_CNN_Newsroom_Live.frames1fps/001795.jpg,No,.95,N/A,No,.95,N/A
CNNW_20210110_050000_CNN_Newsroom_Live.frames1fps/001796.jpg,No,.95,N/A,No,.95,N/A
CNNW_20210110_050000_CNN_Newsroom_Live.frames1fps/001797.jpg,No,.95,N/A,No,.95,N/A
CNNW_20210110_050000_CNN_Newsroom_Live.frames1fps/001798.jpg,No,.95,N/A,No,.95,N/A
CNNW_20210110_050000_CNN_Newsroom_Live.frames1fps/001799.jpg,No,.95,N/A,No,.95,N/A
CNNW_20210110_050000_CNN_Newsroom_Live.frames1fps/001800.jpg,No,.95,N/A,No,.95,N/A
CNNW_20210110_050000_CNN_Newsroom_Live.frames1fps/001801.jpg,No,.95,N/A,No,.95,N/A
CNNW_20210110_050000_CNN_Newsroom_Live.frames1fps/001802.jpg,No,.95,N/A,No,.95,N/A
CNNW_20210110_050000_CNN_Newsroom_Live.frames1fps/001803.jpg,No,.95,N/A,No,.95,N/A
CNNW_20210110_050000_CNN_Newsroom_Live.frames1fps/001804.jpg,No,.95,N/A,No,.95,N/A
CNNW_20210110_050000_CNN_Newsroom_Live.frames1fps/001805.jpg,No,.95,N/A,No,.95,N/A
CNNW_20210110_050000_CNN_Newsroom_Live.frames1fps/001806.jpg,No,.95,N/A,No,.95,N/A
CNNW_20210110_050000_CNN_Newsroom_Live.frames1fps/001807.jpg,No,.98,N/A,No,.98,N/A
CNNW_20210110_050000_CNN_Newsroom_Live.frames1fps/001808.jpg,No,.95,N/A,No,.95,N/A
CNNW_20210110_050000_CNN_Newsroom_Live.frames1fps/001809.jpg,No,.95,N/A,No,.95,N/A
CNNW_20210110_050000_CNN_Newsroom_Live.frames1fps/001810.jpg,No,.95,N/A,No,.95,N/A
CNNW_20210110_050000_CNN_Newsroom_Live.frames1fps/001811.jpg,No,.95,N/A,No,.95,N/A
CNNW_20210110_050000_CNN_Newsroom_Live.frames1fps/001812.jpg,No,.98,N/A,No,.98,N/A
CNNW_20210110_050000_CNN_Newsroom_Live.frames1fps/001813.jpg,No,.95,N/A,No,.95,N/A
CNNW_20210110_050000_CNN_Newsroom_Live.frames1fps/001814.jpg,No,.95,N/A,No,.95,N/A
CNNW_20210110_050000_CNN_Newsroom_Live.frames1fps/001815.jpg,No,.95,N/A,No,.95,N/A
CNNW_20210110_050000_CNN_Newsroom_Live.frames1fps/001816.jpg,No,.95,N/A,No,.95,N/A
CNNW_20210110_050000_CNN_Newsroom_Live.frames1fps/001817.jpg,No,.98,N/A,No,.98,N/A
CNNW_20210110_050000_CNN_Newsroom_Live.frames1fps/001818.jpg,No,.95,N/A,No,.95,N/A
CNNW_20210110_050000_CNN_Newsroom_Live.frames1fps/001819.jpg,No,.95,N/A,No,.95,N/A
CNNW_20210110_050000_CNN_Newsroom_Live.frames1fps/001820.jpg,No,.98,N/A,No,.98,N/A
CNNW_20210110_050000_CNN_Newsroom_Live.frames1fps/001821.jpg,No,.95,N/A,No,.95,N/A
CNNW_20210110_050000_CNN_Newsroom_Live.frames1fps/001822.jpg,No,.95,N/A,No,.95,N/A
CNNW_20210110_050000_CNN_Newsroom_Live.frames1fps/001823.jpg,No,.95,N/A,No,.95,N/A
CNNW_20210110_050000_CNN_Newsroom_Live.frames1fps/001824.jpg,No,.95,N/A,No,.95,N/A
CNNW_20210110_050000_CNN_Newsroom_Live.frames1fps/001825.jpg,No,.95,N/A,No,.95,N/A
CNNW_20210110_050000_CNN_Newsroom_Live.frames1fps/001826.jpg,No,.95,N/A,No,.95,N/A
CNNW_20210110_050000_CNN_Newsroom_Live.frames1fps/001827.jpg,No,.98,N/A,No,.98,N/A
CNNW_20210110_050000_CNN_Newsroom_Live.frames1fps/001828.jpg,No,1,N/A,No,1,N/A
CNNW_20210110_050000_CNN_Newsroom_Live.frames1fps/001829.jpg,No,.98,N/A,No,.98,N/A
CNNW_20210110_050000_CNN_Newsroom_Live.frames1fps/001830.jpg,No,.98,N/A,No,.98,N/A
CNNW_20210110_050000_CNN_Newsroom_Live.frames1fps/001831.jpg,No,.95,N/A,No,.95,N/A
CNNW_20210110_050000_CNN_Newsroom_Live.frames1fps/001832.jpg,No,.98,N/A,No,.98,N/A
CNNW_20210110_050000_CNN_Newsroom_Live.frames1fps/001833.jpg,No,.95,N/A,No,.95,N/A
CNNW_20210110_050000_CNN_Newsroom_Live.frames1fps/001834.jpg,No,.95,N/A,No,.95,N/A
CNNW_20210110_050000_CNN_Newsroom_Live.frames1fps/001835.jpg,No,.95,N/A,No,.95,N/A
CNNW_20210110_050000_CNN_Newsroom_Live.frames1fps/001836.jpg,No,.95,N/A,No,.95,N/A
CNNW_20210110_050000_CNN_Newsroom_Live.frames1fps/001837.jpg,No,.95,N/A,No,.95,N/A
CNNW_20210110_050000_CNN_Newsroom_Live.frames1fps/001838.jpg,No,.95,N/A,No,.95,N/A
CNNW_20210110_050000_CNN_Newsroom_Live.frames1fps/001839.jpg,No,.95,N/A,No,.95,N/A
CNNW_20210110_050000_CNN_Newsroom_Live.frames1fps/001840.jpg,No,.95,N/A,No,.95,N/A
CNNW_20210110_050000_CNN_Newsroom_Live.frames1fps/001841.jpg,No,.95,N/A,No,.95,N/A
CNNW_20210110_050000_CNN_Newsroom_Live.frames1fps/001842.jpg,No,.95,N/A,No,.95,N/A
CNNW_20210110_050000_CNN_Newsroom_Live.frames1fps/001843.jpg,No,.95,N/A,No,.95,N/A
CNNW_20210110_050000_CNN_Newsroom_Live.frames1fps/001844.jpg,No,.95,N/A,No,.95,N/A
CNNW_20210110_050000_CNN_Newsroom_Live.frames1fps/001845.jpg,No,.95,N/A,No,.95,N/A
CNNW_20210110_050000_CNN_Newsroom_Live.frames1fps/001846.jpg,No,.95,N/A,No,.95,N/A
CNNW_20210110_050000_CNN_Newsroom_Live.frames1fps/001847.jpg,No,.95,N/A,No,.95,N/A
CNNW_20210110_050000_CNN_Newsroom_Live.frames1fps/001848.jpg,No,.95,N/A,No,.95,N/A
CNNW_20210110_050000_CNN_Newsroom_Live.frames1fps/001849.jpg,No,.95,N/A,No,.95,N/A
CNNW_20210110_050000_CNN_Newsroom_Live.frames1fps/001850.jpg,No,.95,N/A,No,.95,N/A
CNNW_20210110_050000_CNN_Newsroom_Live.frames1fps/001851.jpg,No,1,N/A,No,1,N/A
CNNW_20210110_050000_CNN_Newsroom_Live.frames1fps/001852.jpg,No,.95,N/A,No,.95,N/A
CNNW_20210110_050000_CNN_Newsroom_Live.frames1fps/001853.jpg,No,.95,N/A,No,.95,N/A
CNNW_20210110_050000_CNN_Newsroom_Live.frames1fps/001854.jpg,No,.95,N/A,No,.95,N/A
CNNW_20210110_050000_CNN_Newsroom_Live.frames1fps/001855.jpg,No,1,N/A,No,1,N/A
CNNW_20210110_050000_CNN_Newsroom_Live.frames1fps/001856.jpg,No,.95,N/A,No,.95,N/A
CNNW_20210110_050000_CNN_Newsroom_Live.frames1fps/001857.jpg,No,.95,N/A,No,.95,N/A
CNNW_20210110_050000_CNN_Newsroom_Live.frames1fps/001858.jpg,No,.95,N/A,No,.95,N/A
CNNW_20210110_050000_CNN_Newsroom_Live.frames1fps/001859.jpg,No,.98,N/A,No,.98,N/A
CNNW_20210110_050000_CNN_Newsroom_Live.frames1fps/001860.jpg,No,1,N/A,No,1,N/A
CNNW_20210110_050000_CNN_Newsroom_Live.frames1fps/001861.jpg,No,1,N/A,No,1,N/A
CNNW_20210110_050000_CNN_Newsroom_Live.frames1fps/001862.jpg,No,.95,N/A,No,.95,N/A
CNNW_20210110_050000_CNN_Newsroom_Live.frames1fps/001863.jpg,No,.95,N/A,No,.95,N/A
CNNW_20210110_050000_CNN_Newsroom_Live.frames1fps/001864.jpg,No,.95,N/A,No,.95,N/A
CNNW_20210110_050000_CNN_Newsroom_Live.frames1fps/001865.jpg,No,.95,N/A,No,.95,N/A
CNNW_20210110_050000_CNN_Newsroom_Live.frames1fps/001866.jpg,No,1,N/A,No,1,N/A
CNNW_20210110_050000_CNN_Newsroom_Live.frames1fps/001867.jpg,No,.95,N/A,No,.95,N/A
CNNW_20210110_050000_CNN_Newsroom_Live.frames1fps/001868.jpg,No,.95,N/A,No,.95,N/A
CNNW_20210110_050000_CNN_Newsroom_Live.frames1fps/001869.jpg,Yes,.95,X (X logo),No,.95,N/A
CNNW_20210110_050000_CNN_Newsroom_Live.frames1fps/001870.jpg,No,.98,N/A,No,.98,N/A
CNNW_20210110_050000_CNN_Newsroom_Live.frames1fps/001871.jpg,No,.98,N/A,No,.98,N/A
CNNW_20210110_050000_CNN_Newsroom_Live.frames1fps/001872.jpg,No,1,N/A,No,1,N/A
CNNW_20210110_050000_CNN_Newsroom_Live.frames1fps/001873.jpg,No,.98,N/A,No,.98,N/A
CNNW_20210110_050000_CNN_Newsroom_Live.frames1fps/001874.jpg,No,.95,N/A,No,.95,N/A
CNNW_20210110_050000_CNN_Newsroom_Live.frames1fps/001875.jpg,No,.98,N/A,No,.98,N/A
CNNW_20210110_050000_CNN_Newsroom_Live.frames1fps/001876.jpg,No,1,N/A,No,1,N/A
CNNW_20210110_050000_CNN_Newsroom_Live.frames1fps/001877.jpg,No,1,N/A,No,1,N/A
CNNW_20210110_050000_CNN_Newsroom_Live.frames1fps/001878.jpg,No,.98,N/A,No,.98,N/A
CNNW_20210110_050000_CNN_Newsroom_Live.frames1fps/001879.jpg,No,.95,N/A,No,.95,N/A
CNNW_20210110_050000_CNN_Newsroom_Live.frames1fps/001880.jpg,No,.95,N/A,No,.95,N/A
CNNW_20210110_050000_CNN_Newsroom_Live.frames1fps/001881.jpg,No,.95,N/A,No,.95,N/A
CNNW_20210110_050000_CNN_Newsroom_Live.frames1fps/001882.jpg,No,.95,N/A,No,.95,N/A
CNNW_20210110_050000_CNN_Newsroom_Live.frames1fps/001883.jpg,No,.95,N/A,No,.95,N/A
CNNW_20210110_050000_CNN_Newsroom_Live.frames1fps/001884.jpg,No,.95,N/A,No,.95,N/A
CNNW_20210110_050000_CNN_Newsroom_Live.frames1fps/001885.jpg,No,.95,N/A,No,.95,N/A
CNNW_20210110_050000_CNN_Newsroom_Live.frames1fps/001886.jpg,No,.95,N/A,No,.95,N/A
CNNW_20210110_050000_CNN_Newsroom_Live.frames1fps/001887.jpg,No,.95,N/A,No,.95,N/A
CNNW_20210110_050000_CNN_Newsroom_Live.frames1fps/001888.jpg,No,.95,N/A,No,.95,N/A
CNNW_20210110_050000_CNN_Newsroom_Live.frames1fps/001889.jpg,No,.95,N/A,No,.95,N/A
CNNW_20210110_050000_CNN_Newsroom_Live.frames1fps/001890.jpg,No,.95,N/A,No,.95,N/A
CNNW_20210110_050000_CNN_Newsroom_Live.frames1fps/001891.jpg,No,.95,N/A,No,.95,N/A
CNNW_20210110_050000_CNN_Newsroom_Live.frames1fps/001892.jpg,No,.95,N/A,No,.95,N/A
CNNW_20210110_050000_CNN_Newsroom_Live.frames1fps/001893.jpg,No,.95,N/A,No,.95,N/A
CNNW_20210110_050000_CNN_Newsroom_Live.frames1fps/001894.jpg,No,.95,N/A,No,.95,N/A
CNNW_20210110_050000_CNN_Newsroom_Live.frames1fps/001895.jpg,No,.95,N/A,No,.95,N/A
CNNW_20210110_050000_CNN_Newsroom_Live.frames1fps/001896.jpg,No,.95,N/A,No,.95,N/A
CNNW_20210110_050000_CNN_Newsroom_Live.frames1fps/001897.jpg,No,.95,N/A,No,.95,N/A
CNNW_20210110_050000_CNN_Newsroom_Live.frames1fps/001898.jpg,No,.95,N/A,No,.95,N/A
CNNW_20210110_050000_CNN_Newsroom_Live.frames1fps/001899.jpg,No,.95,N/A,No,.95,N/A
CNNW_20210110_050000_CNN_Newsroom_Live.frames1fps/001900.jpg,No,.95,N/A,No,.95,N/A
CNNW_20210110_050000_CNN_Newsroom_Live.frames1fps/001901.jpg,No,.95,N/A,No,.95,N/A
CNNW_20210110_050000_CNN_Newsroom_Live.frames1fps/001902.jpg,No,.95,N/A,No,.95,N/A
CNNW_20210110_050000_CNN_Newsroom_Live.frames1fps/001903.jpg,No,.95,N/A,No,.95,N/A
CNNW_20210110_050000_CNN_Newsroom_Live.frames1fps/001904.jpg,No,.95,N/A,No,.95,N/A
CNNW_20210110_050000_CNN_Newsroom_Live.frames1fps/001905.jpg,No,.95,N/A,No,.95,N/A
CNNW_20210110_050000_CNN_Newsroom_Live.frames1fps/001906.jpg,No,.95,N/A,No,.95,N/A
CNNW_20210110_050000_CNN_Newsroom_Live.frames1fps/001907.jpg,No,.95,N/A,No,.95,N/A
CNNW_20210110_050000_CNN_Newsroom_Live.frames1fps/001908.jpg,No,.95,N/A,No,.95,N/A
CNNW_20210110_050000_CNN_Newsroom_Live.frames1fps/001909.jpg,No,.95,N/A,No,.95,N/A
CNNW_20210110_050000_CNN_Newsroom_Live.frames1fps/001910.jpg,No,.95,N/A,No,.95,N/A
CNNW_20210110_050000_CNN_Newsroom_Live.frames1fps/001911.jpg,No,.95,N/A,No,.95,N/A
CNNW_20210110_050000_CNN_Newsroom_Live.frames1fps/001912.jpg,No,.95,N/A,No,.95,N/A
CNNW_20210110_050000_CNN_Newsroom_Live.frames1fps/001913.jpg,No,.95,N/A,No,.95,N/A
CNNW_20210110_050000_CNN_Newsroom_Live.frames1fps/001914.jpg,No,.95,N/A,No,.95,N/A
CNNW_20210110_050000_CNN_Newsroom_Live.frames1fps/001915.jpg,No,.95,N/A,No,.95,N/A
CNNW_20210110_050000_CNN_Newsroom_Live.frames1fps/001916.jpg,No,.95,N/A,No,.95,N/A
CNNW_20210110_050000_CNN_Newsroom_Live.frames1fps/001917.jpg,No,.95,N/A,No,.95,N/A
CNNW_20210110_050000_CNN_Newsroom_Live.frames1fps/001918.jpg,No,.95,N/A,No,.95,N/A
CNNW_20210110_050000_CNN_Newsroom_Live.frames1fps/001919.jpg,No,.95,N/A,No,.95,N/A
CNNW_20210110_050000_CNN_Newsroom_Live.frames1fps/001920.jpg,No,.95,N/A,No,.95,N/A
CNNW_20210110_050000_CNN_Newsroom_Live.frames1fps/001921.jpg,No,.95,N/A,No,.95,N/A
CNNW_20210110_050000_CNN_Newsroom_Live.frames1fps/001922.jpg,No,.95,N/A,No,.95,N/A
CNNW_20210110_050000_CNN_Newsroom_Live.frames1fps/001923.jpg,No,.95,N/A,No,.95,N/A
CNNW_20210110_050000_CNN_Newsroom_Live.frames1fps/001924.jpg,No,.95,N/A,No,.95,N/A
CNNW_20210110_050000_CNN_Newsroom_Live.frames1fps/001925.jpg,No,.95,N/A,No,.95,N/A
CNNW_20210110_050000_CNN_Newsroom_Live.frames1fps/001926.jpg,No,.95,N/A,No,.95,N/A
CNNW_20210110_050000_CNN_Newsroom_Live.frames1fps/001927.jpg,No,.95,N/A,No,.95,N/A
CNNW_20210110_050000_CNN_Newsroom_Live.frames1fps/001928.jpg,No,.95,N/A,No,.95,N/A
CNNW_20210110_050000_CNN_Newsroom_Live.frames1fps/001929.jpg,No,.95,N/A,No,.95,N/A
CNNW_20210110_050000_CNN_Newsroom_Live.frames1fps/001930.jpg,No,.95,N/A,No,.95,N/A
CNNW_20210110_050000_CNN_Newsroom_Live.frames1fps/001931.jpg,No,.95,N/A,No,.95,N/A
CNNW_20210110_050000_CNN_Newsroom_Live.frames1fps/001932.jpg,No,.95,N/A,No,.95,N/A
CNNW_20210110_050000_CNN_Newsroom_Live.frames1fps/001933.jpg,No,.95,N/A,No,.95,N/A
CNNW_20210110_050000_CNN_Newsroom_Live.frames1fps/001934.jpg,No,.95,N/A,No,.95,N/A
CNNW_20210110_050000_CNN_Newsroom_Live.frames1fps/001935.jpg,No,.95,N/A,No,.95,N/A
CNNW_20210110_050000_CNN_Newsroom_Live.frames1fps/001936.jpg,No,.95,N/A,No,.95,N/A
CNNW_20210110_050000_CNN_Newsroom_Live.frames1fps/001937.jpg,No,.95,N/A,No,.95,N/A
CNNW_20210110_050000_CNN_Newsroom_Live.frames1fps/001938.jpg,No,.95,N/A,No,.95,N/A
CNNW_20210110_050000_CNN_Newsroom_Live.frames1fps/001939.jpg,No,.95,N/A,No,.95,N/A
CNNW_20210110_050000_CNN_Newsroom_Live.frames1fps/001940.jpg,No,.95,N/A,No,.95,N/A
CNNW_20210110_050000_CNN_Newsroom_Live.frames1fps/001941.jpg,No,.95,N/A,No,.95,N/A
CNNW_20210110_050000_CNN_Newsroom_Live.frames1fps/001942.jpg,No,.95,N/A,No,.95,N/A
CNNW_20210110_050000_CNN_Newsroom_Live.frames1fps/001943.jpg,No,.95,N/A,No,.95,N/A
CNNW_20210110_050000_CNN_Newsroom_Live.frames1fps/001944.jpg,No,.95,N/A,No,.95,N/A
CNNW_20210110_050000_CNN_Newsroom_Live.frames1fps/001945.jpg,No,.95,N/A,No,.95,N/A
CNNW_20210110_050000_CNN_Newsroom_Live.frames1fps/001946.jpg,No,.95,N/A,No,.95,N/A
CNNW_20210110_050000_CNN_Newsroom_Live.frames1fps/001947.jpg,No,.95,N/A,No,.95,N/A
CNNW_20210110_050000_CNN_Newsroom_Live.frames1fps/001948.jpg,No,.95,N/A,No,.95,N/A
CNNW_20210110_050000_CNN_Newsroom_Live.frames1fps/001949.jpg,No,.95,N/A,No,.95,N/A
CNNW_20210110_050000_CNN_Newsroom_Live.frames1fps/001950.jpg,No,.95,N/A,No,.95,N/A
CNNW_20210110_050000_CNN_Newsroom_Live.frames1fps/001951.jpg,No,.95,N/A,No,.95,N/A
CNNW_20210110_050000_CNN_Newsroom_Live.frames1fps/001952.jpg,No,.95,N/A,No,.95,N/A
CNNW_20210110_050000_CNN_Newsroom_Live.frames1fps/001953.jpg,No,.95,N/A,No,.95,N/A
CNNW_20210110_050000_CNN_Newsroom_Live.frames1fps/001954.jpg,No,.95,N/A,No,.95,N/A
CNNW_20210110_050000_CNN_Newsroom_Live.frames1fps/001955.jpg,No,.95,N/A,No,.95,N/A
CNNW_20210110_050000_CNN_Newsroom_Live.frames1fps/001956.jpg,No,.95,N/A,No,.95,N/A
CNNW_20210110_050000_CNN_Newsroom_Live.frames1fps/001957.jpg,No,.95,N/A,No,.95,N/A
CNNW_20210110_050000_CNN_Newsroom_Live.frames1fps/001958.jpg,No,.95,N/A,No,.95,N/A
CNNW_20210110_050000_CNN_Newsroom_Live.frames1fps/001959.jpg,No,.95,N/A,No,.95,N/A
CNNW_20210110_050000_CNN_Newsroom_Live.frames1fps/001960.jpg,No,.95,N/A,No,.95,N/A
CNNW_20210110_050000_CNN_Newsroom_Live.frames1fps/001961.jpg,No,.95,N/A,No,.95,N/A
CNNW_20210110_050000_CNN_Newsroom_Live.frames1fps/001962.jpg,No,.95,N/A,No,.95,N/A
CNNW_20210110_050000_CNN_Newsroom_Live.frames1fps/001963.jpg,No,.95,N/A,No,.95,N/A
CNNW_20210110_050000_CNN_Newsroom_Live.frames1fps/001964.jpg,No,.95,N/A,No,.95,N/A
CNNW_20210110_050000_CNN_Newsroom_Live.frames1fps/001965.jpg,No,.95,N/A,No,.95,N/A
CNNW_20210110_050000_CNN_Newsroom_Live.frames1fps/001966.jpg,No,.95,N/A,No,.95,N/A
CNNW_20210110_050000_CNN_Newsroom_Live.frames1fps/001967.jpg,No,.95,N/A,No,.95,N/A
CNNW_20210110_050000_CNN_Newsroom_Live.frames1fps/001968.jpg,No,.95,N/A,No,.95,N/A
CNNW_20210110_050000_CNN_Newsroom_Live.frames1fps/001969.jpg,No,.95,N/A,No,.95,N/A
CNNW_20210110_050000_CNN_Newsroom_Live.frames1fps/001970.jpg,No,.95,N/A,No,.95,N/A
CNNW_20210110_050000_CNN_Newsroom_Live.frames1fps/001971.jpg,No,.95,N/A,No,.95,N/A
CNNW_20210110_050000_CNN_Newsroom_Live.frames1fps/001972.jpg,No,.95,N/A,No,.95,N/A
CNNW_20210110_050000_CNN_Newsroom_Live.frames1fps/001973.jpg,No,.95,N/A,No,.95,N/A
CNNW_20210110_050000_CNN_Newsroom_Live.frames1fps/001974.jpg,No,.95,N/A,No,.95,N/A
CNNW_20210110_050000_CNN_Newsroom_Live.frames1fps/001975.jpg,No,.95,N/A,No,.95,N/A
CNNW_20210110_050000_CNN_Newsroom_Live.frames1fps/001976.jpg,No,.95,N/A,No,.95,N/A
CNNW_20210110_050000_CNN_Newsroom_Live.frames1fps/001977.jpg,No,.95,N/A,No,.95,N/A
CNNW_20210110_050000_CNN_Newsroom_Live.frames1fps/001978.jpg,No,.95,N/A,No,.95,N/A
CNNW_20210110_050000_CNN_Newsroom_Live.frames1fps/001979.jpg,No,.95,N/A,No,.95,N/A
CNNW_20210110_050000_CNN_Newsroom_Live.frames1fps/001980.jpg,No,.95,N/A,No,.95,N/A
CNNW_20210110_050000_CNN_Newsroom_Live.frames1fps/001981.jpg,No,.95,N/A,No,.95,N/A
CNNW_20210110_050000_CNN_Newsroom_Live.frames1fps/001982.jpg,No,.95,N/A,No,.95,N/A
CNNW_20210110_050000_CNN_Newsroom_Live.frames1fps/001983.jpg,No,.95,N/A,No,.95,N/A
CNNW_20210110_050000_CNN_Newsroom_Live.frames1fps/001984.jpg,No,.95,N/A,No,.95,N/A
CNNW_20210110_050000_CNN_Newsroom_Live.frames1fps/001985.jpg,No,.95,N/A,No,.95,N/A
CNNW_20210110_050000_CNN_Newsroom_Live.frames1fps/001986.jpg,No,.95,N/A,No,.95,N/A
CNNW_20210110_050000_CNN_Newsroom_Live.frames1fps/001987.jpg,No,.95,N/A,No,.95,N/A
CNNW_20210110_050000_CNN_Newsroom_Live.frames1fps/001988.jpg,No,.95,N/A,No,.95,N/A
CNNW_20210110_050000_CNN_Newsroom_Live.frames1fps/001989.jpg,No,.95,N/A,No,.95,N/A
CNNW_20210110_050000_CNN_Newsroom_Live.frames1fps/001990.jpg,No,.95,N/A,No,.95,N/A
CNNW_20210110_050000_CNN_Newsroom_Live.frames1fps/001991.jpg,No,.95,N/A,No,.95,N/A
CNNW_20210110_050000_CNN_Newsroom_Live.frames1fps/001992.jpg,No,.95,N/A,No,.95,N/A
CNNW_20210110_050000_CNN_Newsroom_Live.frames1fps/001993.jpg,No,.95,N/A,No,.95,N/A
CNNW_20210110_050000_CNN_Newsroom_Live.frames1fps/001994.jpg,No,.95,N/A,No,.95,N/A
CNNW_20210110_050000_CNN_Newsroom_Live.frames1fps/001995.jpg,No,.95,N/A,No,.95,N/A
CNNW_20210110_050000_CNN_Newsroom_Live.frames1fps/001996.jpg,No,.95,N/A,No,.95,N/A
CNNW_20210110_050000_CNN_Newsroom_Live.frames1fps/001997.jpg,No,.95,N/A,No,.95,N/A
CNNW_20210110_050000_CNN_Newsroom_Live.frames1fps/001998.jpg,No,.95,N/A,No,.95,N/A
CNNW_20210110_050000_CNN_Newsroom_Live.frames1fps/001999.jpg,No,.95,N/A,No,.95,N/A
CNNW_20210110_050000_CNN_Newsroom_Live.frames1fps/002000.jpg,No,.95,N/A,No,.95,N/A
CNNW_20210110_050000_CNN_Newsroom_Live.frames1fps/002001.jpg,No,.95,N/A,No,.95,N/A
CNNW_20210110_050000_CNN_Newsroom_Live.frames1fps/002002.jpg,No,.95,N/A,No,.95,N/A
CNNW_20210110_050000_CNN_Newsroom_Live.frames1fps/002003.jpg,No,.95,N/A,No,.95,N/A
CNNW_20210110_050000_CNN_Newsroom_Live.frames1fps/002004.jpg,No,.95,N/A,No,.95,N/A
CNNW_20210110_050000_CNN_Newsroom_Live.frames1fps/002005.jpg,No,.95,N/A,No,.95,N/A
CNNW_20210110_050000_CNN_Newsroom_Live.frames1fps/002006.jpg,No,.95,N/A,No,.95,N/A
CNNW_20210110_050000_CNN_Newsroom_Live.frames1fps/002007.jpg,No,.95,N/A,No,.95,N/A
CNNW_20210110_050000_CNN_Newsroom_Live.frames1fps/002008.jpg,No,.95,N/A,No,.95,N/A
CNNW_20210110_050000_CNN_Newsroom_Live.frames1fps/002009.jpg,No,.95,N/A,No,.95,N/A
CNNW_20210110_050000_CNN_Newsroom_Live.frames1fps/002010.jpg,No,.95,N/A,No,.95,N/A
CNNW_20210110_050000_CNN_Newsroom_Live.frames1fps/002011.jpg,No,.95,N/A,No,.95,N/A
CNNW_20210110_050000_CNN_Newsroom_Live.frames1fps/002012.jpg,No,.95,N/A,No,.95,N/A
CNNW_20210110_050000_CNN_Newsroom_Live.frames1fps/002013.jpg,No,.95,N/A,No,.95,N/A
CNNW_20210110_050000_CNN_Newsroom_Live.frames1fps/002014.jpg,No,.95,N/A,No,.95,N/A
CNNW_20210110_050000_CNN_Newsroom_Live.frames1fps/002015.jpg,No,.95,N/A,No,.95,N/A
CNNW_20210110_050000_CNN_Newsroom_Live.frames1fps/002016.jpg,No,.95,N/A,No,.95,N/A
CNNW_20210110_050000_CNN_Newsroom_Live.frames1fps/002017.jpg,No,.95,N/A,No,.95,N/A
CNNW_20210110_050000_CNN_Newsroom_Live.frames1fps/002018.jpg,No,.95,N/A,No,.95,N/A
CNNW_20210110_050000_CNN_Newsroom_Live.frames1fps/002019.jpg,No,.95,N/A,No,.95,N/A
CNNW_20210110_050000_CNN_Newsroom_Live.frames1fps/002020.jpg,No,.95,N/A,No,.95,N/A
CNNW_20210110_050000_CNN_Newsroom_Live.frames1fps/002021.jpg,No,.95,N/A,No,.95,N/A
CNNW_20210110_050000_CNN_Newsroom_Live.frames1fps/002022.jpg,No,.95,N/A,No,.95,N/A
CNNW_20210110_050000_CNN_Newsroom_Live.frames1fps/002023.jpg,No,.95,N/A,No,.95,N/A
CNNW_20210110_050000_CNN_Newsroom_Live.frames1fps/002024.jpg,No,.95,N/A,No,.95,N/A
CNNW_20210110_050000_CNN_Newsroom_Live.frames1fps/002025.jpg,No,.95,N/A,No,.95,N/A
CNNW_20210110_050000_CNN_Newsroom_Live.frames1fps/002026.jpg,No,.95,N/A,No,.95,N/A
CNNW_20210110_050000_CNN_Newsroom_Live.frames1fps/002027.jpg,No,.95,N/A,No,.95,N/A
CNNW_20210110_050000_CNN_Newsroom_Live.frames1fps/002028.jpg,No,.95,N/A,No,.95,N/A
CNNW_20210110_050000_CNN_Newsroom_Live.frames1fps/002029.jpg,No,.95,N/A,No,.95,N/A
CNNW_20210110_050000_CNN_Newsroom_Live.frames1fps/002030.jpg,No,.95,N/A,No,.95,N/A
CNNW_20210110_050000_CNN_Newsroom_Live.frames1fps/002031.jpg,No,.95,N/A,No,.95,N/A
CNNW_20210110_050000_CNN_Newsroom_Live.frames1fps/002032.jpg,No,.95,N/A,No,.95,N/A
CNNW_20210110_050000_CNN_Newsroom_Live.frames1fps/002033.jpg,No,.95,N/A,No,.95,N/A
CNNW_20210110_050000_CNN_Newsroom_Live.frames1fps/002034.jpg,No,.95,N/A,No,.95,N/A
CNNW_20210110_050000_CNN_Newsroom_Live.frames1fps/002035.jpg,No,.95,N/A,No,.95,N/A
CNNW_20210110_050000_CNN_Newsroom_Live.frames1fps/002036.jpg,No,.95,N/A,No,.95,N/A
CNNW_20210110_050000_CNN_Newsroom_Live.frames1fps/002037.jpg,No,.95,N/A,No,.95,N/A
CNNW_20210110_050000_CNN_Newsroom_Live.frames1fps/002038.jpg,No,.95,N/A,No,.95,N/A
CNNW_20210110_050000_CNN_Newsroom_Live.frames1fps/002039.jpg,No,.95,N/A,No,.95,N/A
CNNW_20210110_050000_CNN_Newsroom_Live.frames1fps/002040.jpg,No,.95,N/A,No,.95,N/A
CNNW_20210110_050000_CNN_Newsroom_Live.frames1fps/002041.jpg,No,.95,N/A,No,.95,N/A
CNNW_20210110_050000_CNN_Newsroom_Live.frames1fps/002042.jpg,No,.95,N/A,No,.95,N/A
CNNW_20210110_050000_CNN_Newsroom_Live.frames1fps/002043.jpg,No,.95,N/A,No,.95,N/A
CNNW_20210110_050000_CNN_Newsroom_Live.frames1fps/002044.jpg,No,.95,N/A,No,.95,N/A
CNNW_20210110_050000_CNN_Newsroom_Live.frames1fps/002045.jpg,No,.95,N/A,No,.95,N/A
CNNW_20210110_050000_CNN_Newsroom_Live.frames1fps/002046.jpg,No,.95,N/A,No,.95,N/A
CNNW_20210110_050000_CNN_Newsroom_Live.frames1fps/002047.jpg,No,.95,N/A,No,.95,N/A
CNNW_20210110_050000_CNN_Newsroom_Live.frames1fps/002048.jpg,No,.95,N/A,No,.95,N/A
CNNW_20210110_050000_CNN_Newsroom_Live.frames1fps/002049.jpg,No,.95,N/A,No,.95,N/A
CNNW_20210110_050000_CNN_Newsroom_Live.frames1fps/002050.jpg,No,.95,N/A,No,.95,N/A
CNNW_20210110_050000_CNN_Newsroom_Live.frames1fps/002051.jpg,No,.95,N/A,No,.95,N/A
CNNW_20210110_050000_CNN_Newsroom_Live.frames1fps/002052.jpg,No,.95,N/A,No,.95,N/A
CNNW_20210110_050000_CNN_Newsroom_Live.frames1fps/002053.jpg,No,.95,N/A,No,.95,N/A
CNNW_20210110_050000_CNN_Newsroom_Live.frames1fps/002054.jpg,No,.95,N/A,No,.95,N/A
CNNW_20210110_050000_CNN_Newsroom_Live.frames1fps/002055.jpg,No,.95,N/A,No,.95,N/A
CNNW_20210110_050000_CNN_Newsroom_Live.frames1fps/002056.jpg,No,.95,N/A,No,.95,N/A
CNNW_20210110_050000_CNN_Newsroom_Live.frames1fps/002057.jpg,No,.95,N/A,No,.95,N/A
CNNW_20210110_050000_CNN_Newsroom_Live.frames1fps/002058.jpg,No,.95,N/A,No,.95,N/A
CNNW_20210110_050000_CNN_Newsroom_Live.frames1fps/002059.jpg,No,.95,N/A,No,.95,N/A
CNNW_20210110_050000_CNN_Newsroom_Live.frames1fps/002060.jpg,No,.95,N/A,No,.95,N/A
CNNW_20210110_050000_CNN_Newsroom_Live.frames1fps/002061.jpg,No,.95,N/A,No,.95,N/A
CNNW_20210110_050000_CNN_Newsroom_Live.frames1fps/002062.jpg,No,.95,N/A,No,.95,N/A
CNNW_20210110_050000_CNN_Newsroom_Live.frames1fps/002063.jpg,No,.95,N/A,No,.95,N/A
CNNW_20210110_050000_CNN_Newsroom_Live.frames1fps/002064.jpg,No,.95,N/A,No,.95,N/A
CNNW_20210110_050000_CNN_Newsroom_Live.frames1fps/002065.jpg,No,.95,N/A,No,.95,N/A
CNNW_20210110_050000_CNN_Newsroom_Live.frames1fps/002066.jpg,No,.95,N/A,No,.95,N/A
CNNW_20210110_050000_CNN_Newsroom_Live.frames1fps/002067.jpg,No,.95,N/A,No,.95,N/A
CNNW_20210110_050000_CNN_Newsroom_Live.frames1fps/002068.jpg,No,.95,N/A,No,.95,N/A
CNNW_20210110_050000_CNN_Newsroom_Live.frames1fps/002069.jpg,No,.95,N/A,No,.95,N/A
CNNW_20210110_050000_CNN_Newsroom_Live.frames1fps/002070.jpg,No,.95,N/A,No,.95,N/A
CNNW_20210110_050000_CNN_Newsroom_Live.frames1fps/002071.jpg,No,.95,N/A,No,.95,N/A
CNNW_20210110_050000_CNN_Newsroom_Live.frames1fps/002072.jpg,No,.95,N/A,No,.95,N/A
CNNW_20210110_050000_CNN_Newsroom_Live.frames1fps/002073.jpg,No,.95,N/A,No,.95,N/A
CNNW_20210110_050000_CNN_Newsroom_Live.frames1fps/002074.jpg,No,.95,N/A,No,.95,N/A
CNNW_20210110_050000_CNN_Newsroom_Live.frames1fps/002075.jpg,No,.95,N/A,No,.95,N/A
CNNW_20210110_050000_CNN_Newsroom_Live.frames1fps/002076.jpg,No,.95,N/A,No,.95,N/A
CNNW_20210110_050000_CNN_Newsroom_Live.frames1fps/002077.jpg,No,.95,N/A,No,.95,N/A
CNNW_20210110_050000_CNN_Newsroom_Live.frames1fps/002078.jpg,No,.95,N/A,No,.95,N/A
CNNW_20210110_050000_CNN_Newsroom_Live.frames1fps/002079.jpg,No,.95,N/A,No,.95,N/A
CNNW_20210110_050000_CNN_Newsroom_Live.frames1fps/002080.jpg,No,.95,N/A,No,.95,N/A
CNNW_20210110_050000_CNN_Newsroom_Live.frames1fps/002081.jpg,No,.95,N/A,No,.95,N/A
CNNW_20210110_050000_CNN_Newsroom_Live.frames1fps/002082.jpg,No,.95,N/A,No,.95,N/A
CNNW_20210110_050000_CNN_Newsroom_Live.frames1fps/002083.jpg,No,.95,N/A,No,.95,N/A
CNNW_20210110_050000_CNN_Newsroom_Live.frames1fps/002084.jpg,No,.95,N/A,No,.95,N/A
CNNW_20210110_050000_CNN_Newsroom_Live.frames1fps/002085.jpg,No,.95,N/A,No,.95,N/A
CNNW_20210110_050000_CNN_Newsroom_Live.frames1fps/002086.jpg,No,.95,N/A,No,.95,N/A
CNNW_20210110_050000_CNN_Newsroom_Live.frames1fps/002087.jpg,No,.95,N/A,No,.95,N/A
CNNW_20210110_050000_CNN_Newsroom_Live.frames1fps/002088.jpg,No,.95,N/A,No,.95,N/A
CNNW_20210110_050000_CNN_Newsroom_Live.frames1fps/002089.jpg,No,.95,N/A,No,.95,N/A
CNNW_20210110_050000_CNN_Newsroom_Live.frames1fps/002090.jpg,No,.95,N/A,No,.95,N/A
CNNW_20210110_050000_CNN_Newsroom_Live.frames1fps/002091.jpg,No,.95,N/A,No,.95,N/A
CNNW_20210110_050000_CNN_Newsroom_Live.frames1fps/002092.jpg,No,.95,N/A,No,.95,N/A
CNNW_20210110_050000_CNN_Newsroom_Live.frames1fps/002093.jpg,No,.95,N/A,No,.95,N/A
CNNW_20210110_050000_CNN_Newsroom_Live.frames1fps/002094.jpg,No,.95,N/A,No,.95,N/A
CNNW_20210110_050000_CNN_Newsroom_Live.frames1fps/002095.jpg,No,.95,N/A,No,.95,N/A
CNNW_20210110_050000_CNN_Newsroom_Live.frames1fps/002096.jpg,No,.95,N/A,No,.95,N/A
CNNW_20210110_050000_CNN_Newsroom_Live.frames1fps/002097.jpg,No,.95,N/A,No,.95,N/A
CNNW_20210110_050000_CNN_Newsroom_Live.frames1fps/002098.jpg,No,.95,N/A,No,.95,N/A
CNNW_20210110_050000_CNN_Newsroom_Live.frames1fps/002099.jpg,No,.95,N/A,No,.95,N/A
CNNW_20210110_050000_CNN_Newsroom_Live.frames1fps/002100.jpg,No,.95,N/A,No,.95,N/A
CNNW_20210110_050000_CNN_Newsroom_Live.frames1fps/002101.jpg,No,.95,N/A,No,.95,N/A
CNNW_20210110_050000_CNN_Newsroom_Live.frames1fps/002102.jpg,No,.95,N/A,No,.95,N/A
CNNW_20210110_050000_CNN_Newsroom_Live.frames1fps/002103.jpg,No,.95,N/A,No,.95,N/A
CNNW_20210110_050000_CNN_Newsroom_Live.frames1fps/002104.jpg,No,.95,N/A,No,.95,N/A
CNNW_20210110_050000_CNN_Newsroom_Live.frames1fps/002105.jpg,No,.95,N/A,No,.95,N/A
CNNW_20210110_050000_CNN_Newsroom_Live.frames1fps/002106.jpg,No,.95,N/A,No,.95,N/A
CNNW_20210110_050000_CNN_Newsroom_Live.frames1fps/002107.jpg,No,.95,N/A,No,.95,N/A
CNNW_20210110_050000_CNN_Newsroom_Live.frames1fps/002108.jpg,No,.95,N/A,No,.95,N/A
CNNW_20210110_050000_CNN_Newsroom_Live.frames1fps/002109.jpg,No,.95,N/A,No,.95,N/A
CNNW_20210110_050000_CNN_Newsroom_Live.frames1fps/002110.jpg,No,.95,N/A,No,.95,N/A
CNNW_20210110_050000_CNN_Newsroom_Live.frames1fps/002111.jpg,No,.95,N/A,No,.95,N/A
CNNW_20210110_050000_CNN_Newsroom_Live.frames1fps/002112.jpg,No,.95,N/A,No,.95,N/A
CNNW_20210110_050000_CNN_Newsroom_Live.frames1fps/002113.jpg,No,.95,N/A,No,.95,N/A
CNNW_20210110_050000_CNN_Newsroom_Live.frames1fps/002114.jpg,No,.95,N/A,No,.95,N/A
CNNW_20210110_050000_CNN_Newsroom_Live.frames1fps/002115.jpg,No,.95,N/A,No,.95,N/A
CNNW_20210110_050000_CNN_Newsroom_Live.frames1fps/002116.jpg,No,.95,N/A,No,.95,N/A
CNNW_20210110_050000_CNN_Newsroom_Live.frames1fps/002117.jpg,No,.95,N/A,No,.95,N/A
CNNW_20210110_050000_CNN_Newsroom_Live.frames1fps/002118.jpg,No,.95,N/A,No,.95,N/A
CNNW_20210110_050000_CNN_Newsroom_Live.frames1fps/002119.jpg,No,.95,N/A,No,.95,N/A
CNNW_20210110_050000_CNN_Newsroom_Live.frames1fps/002120.jpg,No,.95,N/A,No,.95,N/A
CNNW_20210110_050000_CNN_Newsroom_Live.frames1fps/002121.jpg,No,.95,N/A,No,.95,N/A
CNNW_20210110_050000_CNN_Newsroom_Live.frames1fps/002122.jpg,No,.95,N/A,No,.95,N/A
CNNW_20210110_050000_CNN_Newsroom_Live.frames1fps/002123.jpg,No,.95,N/A,No,.95,N/A
CNNW_20210110_050000_CNN_Newsroom_Live.frames1fps/002124.jpg,No,.95,N/A,No,.95,N/A
CNNW_20210110_050000_CNN_Newsroom_Live.frames1fps/002125.jpg,No,.95,N/A,No,.95,N/A
CNNW_20210110_050000_CNN_Newsroom_Live.frames1fps/002126.jpg,No,.95,N/A,No,.95,N/A
CNNW_20210110_050000_CNN_Newsroom_Live.frames1fps/002127.jpg,No,.95,N/A,No,.95,N/A
CNNW_20210110_050000_CNN_Newsroom_Live.frames1fps/002128.jpg,No,.95,N/A,No,.95,N/A
CNNW_20210110_050000_CNN_Newsroom_Live.frames1fps/002129.jpg,No,.95,N/A,No,.95,N/A
CNNW_20210110_050000_CNN_Newsroom_Live.frames1fps/002130.jpg,No,.95,N/A,No,.95,N/A
CNNW_20210110_050000_CNN_Newsroom_Live.frames1fps/002131.jpg,No,.95,N/A,No,.95,N/A
CNNW_20210110_050000_CNN_Newsroom_Live.frames1fps/002132.jpg,No,.95,N/A,No,.95,N/A
CNNW_20210110_050000_CNN_Newsroom_Live.frames1fps/002133.jpg,No,.95,N/A,No,.95,N/A
CNNW_20210110_050000_CNN_Newsroom_Live.frames1fps/002134.jpg,No,.95,N/A,No,.95,N/A
CNNW_20210110_050000_CNN_Newsroom_Live.frames1fps/002135.jpg,No,.95,N/A,No,.95,N/A
CNNW_20210110_050000_CNN_Newsroom_Live.frames1fps/002136.jpg,No,.95,N/A,No,.95,N/A
CNNW_20210110_050000_CNN_Newsroom_Live.frames1fps/002137.jpg,No,.95,N/A,No,.95,N/A
CNNW_20210110_050000_CNN_Newsroom_Live.frames1fps/002138.jpg,No,.95,N/A,No,.95,N/A
CNNW_20210110_050000_CNN_Newsroom_Live.frames1fps/002139.jpg,No,.95,N/A,No,.95,N/A
CNNW_20210110_050000_CNN_Newsroom_Live.frames1fps/002140.jpg,No,.95,N/A,No,.95,N/A
CNNW_20210110_050000_CNN_Newsroom_Live.frames1fps/002141.jpg,No,.95,N/A,No,.95,N/A
CNNW_20210110_050000_CNN_Newsroom_Live.frames1fps/002142.jpg,No,.95,N/A,No,.95,N/A
CNNW_20210110_050000_CNN_Newsroom_Live.frames1fps/002143.jpg,No,.95,N/A,No,.95,N/A
CNNW_20210110_050000_CNN_Newsroom_Live.frames1fps/002144.jpg,No,.95,N/A,No,.95,N/A
CNNW_20210110_050000_CNN_Newsroom_Live.frames1fps/002145.jpg,No,.95,N/A,No,.95,N/A
CNNW_20210110_050000_CNN_Newsroom_Live.frames1fps/002146.jpg,No,.95,N/A,No,.95,N/A
CNNW_20210110_050000_CNN_Newsroom_Live.frames1fps/002147.jpg,No,.95,N/A,No,.95,N/A
CNNW_20210110_050000_CNN_Newsroom_Live.frames1fps/002148.jpg,No,.95,N/A,No,.95,N/A
CNNW_20210110_050000_CNN_Newsroom_Live.frames1fps/002149.jpg,No,.95,N/A,No,.95,N/A
CNNW_20210110_050000_CNN_Newsroom_Live.frames1fps/002150.jpg,No,.95,N/A,No,.95,N/A
CNNW_20210110_050000_CNN_Newsroom_Live.frames1fps/002151.jpg,No,.95,N/A,No,.95,N/A
CNNW_20210110_050000_CNN_Newsroom_Live.frames1fps/002152.jpg,No,.95,N/A,No,.95,N/A
CNNW_20210110_050000_CNN_Newsroom_Live.frames1fps/002153.jpg,No,.95,N/A,No,.95,N/A
CNNW_20210110_050000_CNN_Newsroom_Live.frames1fps/002154.jpg,No,.95,N/A,No,.95,N/A
CNNW_20210110_050000_CNN_Newsroom_Live.frames1fps/002155.jpg,No,.95,N/A,No,.95,N/A
CNNW_20210110_050000_CNN_Newsroom_Live.frames1fps/002156.jpg,No,.95,N/A,No,.95,N/A
CNNW_20210110_050000_CNN_Newsroom_Live.frames1fps/002157.jpg,No,.95,N/A,No,.95,N/A
CNNW_20210110_050000_CNN_Newsroom_Live.frames1fps/002158.jpg,No,.95,N/A,No,.95,N/A
CNNW_20210110_050000_CNN_Newsroom_Live.frames1fps/002159.jpg,No,.95,N/A,No,.95,N/A
CNNW_20210110_050000_CNN_Newsroom_Live.frames1fps/002160.jpg,No,.95,N/A,No,.95,N/A
CNNW_20210110_050000_CNN_Newsroom_Live.frames1fps/002161.jpg,No,.95,N/A,No,.95,N/A
CNNW_20210110_050000_CNN_Newsroom_Live.frames1fps/002162.jpg,No,.95,N/A,No,.95,N/A
CNNW_20210110_050000_CNN_Newsroom_Live.frames1fps/002163.jpg,No,.95,N/A,No,.95,N/A
CNNW_20210110_050000_CNN_Newsroom_Live.frames1fps/002164.jpg,No,.95,N/A,No,.95,N/A
CNNW_20210110_050000_CNN_Newsroom_Live.frames1fps/002165.jpg,No,.95,N/A,No,.95,N/A
CNNW_20210110_050000_CNN_Newsroom_Live.frames1fps/002166.jpg,No,.95,N/A,No,.95,N/A
CNNW_20210110_050000_CNN_Newsroom_Live.frames1fps/002167.jpg,No,.95,N/A,No,.95,N/A
CNNW_20210110_050000_CNN_Newsroom_Live.frames1fps/002168.jpg,No,.95,N/A,No,.95,N/A
CNNW_20210110_050000_CNN_Newsroom_Live.frames1fps/002169.jpg,No,.95,N/A,No,.95,N/A
CNNW_20210110_050000_CNN_Newsroom_Live.frames1fps/002170.jpg,No,.95,N/A,No,.95,N/A
CNNW_20210110_050000_CNN_Newsroom_Live.frames1fps/002171.jpg,No,.95,N/A,No,.95,N/A
CNNW_20210110_050000_CNN_Newsroom_Live.frames1fps/002172.jpg,No,.95,N/A,No,.95,N/A
CNNW_20210110_050000_CNN_Newsroom_Live.frames1fps/002173.jpg,No,.95,N/A,No,.95,N/A
CNNW_20210110_050000_CNN_Newsroom_Live.frames1fps/002174.jpg,No,.95,N/A,No,.95,N/A
CNNW_20210110_050000_CNN_Newsroom_Live.frames1fps/002175.jpg,No,.95,N/A,No,.95,N/A
CNNW_20210110_050000_CNN_Newsroom_Live.frames1fps/002176.jpg,No,.95,N/A,No,.95,N/A
CNNW_20210110_050000_CNN_Newsroom_Live.frames1fps/002177.jpg,No,.95,N/A,No,.95,N/A
CNNW_20210110_050000_CNN_Newsroom_Live.frames1fps/002178.jpg,No,.95,N/A,No,.95,N/A
CNNW_20210110_050000_CNN_Newsroom_Live.frames1fps/002179.jpg,No,.95,N/A,No,.95,N/A
CNNW_20210110_050000_CNN_Newsroom_Live.frames1fps/002180.jpg,No,.95,N/A,No,.95,N/A
CNNW_20210110_050000_CNN_Newsroom_Live.frames1fps/002181.jpg,No,.95,N/A,No,.95,N/A
CNNW_20210110_050000_CNN_Newsroom_Live.frames1fps/002182.jpg,No,.95,N/A,No,.95,N/A
CNNW_20210110_050000_CNN_Newsroom_Live.frames1fps/002183.jpg,No,.95,N/A,No,.95,N/A
CNNW_20210110_050000_CNN_Newsroom_Live.frames1fps/002184.jpg,No,.95,N/A,No,.95,N/A
CNNW_20210110_050000_CNN_Newsroom_Live.frames1fps/002185.jpg,No,.95,N/A,No,.95,N/A
CNNW_20210110_050000_CNN_Newsroom_Live.frames1fps/002186.jpg,No,.95,N/A,No,.95,N/A
CNNW_20210110_050000_CNN_Newsroom_Live.frames1fps/002187.jpg,No,.95,N/A,No,.95,N/A
CNNW_20210110_050000_CNN_Newsroom_Live.frames1fps/002188.jpg,No,.95,N/A,No,.95,N/A
CNNW_20210110_050000_CNN_Newsroom_Live.frames1fps/002189.jpg,No,.95,N/A,No,.95,N/A
CNNW_20210110_050000_CNN_Newsroom_Live.frames1fps/002190.jpg,No,.95,N/A,No,.95,N/A
CNNW_20210110_050000_CNN_Newsroom_Live.frames1fps/002191.jpg,No,.95,N/A,No,.95,N/A
CNNW_20210110_050000_CNN_Newsroom_Live.frames1fps/002192.jpg,No,.95,N/A,No,.95,N/A
CNNW_20210110_050000_CNN_Newsroom_Live.frames1fps/002193.jpg,No,.95,N/A,No,.95,N/A
CNNW_20210110_050000_CNN_Newsroom_Live.frames1fps/002194.jpg,No,.95,N/A,No,.95,N/A
CNNW_20210110_050000_CNN_Newsroom_Live.frames1fps/002195.jpg,No,.95,N/A,No,.95,N/A
CNNW_20210110_050000_CNN_Newsroom_Live.frames1fps/002196.jpg,No,.95,N/A,No,.95,N/A
CNNW_20210110_050000_CNN_Newsroom_Live.frames1fps/002197.jpg,No,.95,N/A,No,.95,N/A
CNNW_20210110_050000_CNN_Newsroom_Live.frames1fps/002198.jpg,No,.95,N/A,No,.95,N/A
CNNW_20210110_050000_CNN_Newsroom_Live.frames1fps/002199.jpg,No,.95,N/A,No,.95,N/A
CNNW_20210110_050000_CNN_Newsroom_Live.frames1fps/002200.jpg,No,.95,N/A,No,.95,N/A
CNNW_20210110_050000_CNN_Newsroom_Live.frames1fps/002201.jpg,No,.95,N/A,No,.95,N/A
CNNW_20210110_050000_CNN_Newsroom_Live.frames1fps/002202.jpg,No,.95,N/A,No,.95,N/A
CNNW_20210110_050000_CNN_Newsroom_Live.frames1fps/002203.jpg,No,.95,N/A,No,.95,N/A
CNNW_20210110_050000_CNN_Newsroom_Live.frames1fps/002204.jpg,No,.95,N/A,No,.95,N/A
CNNW_20210110_050000_CNN_Newsroom_Live.frames1fps/002205.jpg,No,.95,N/A,No,.95,N/A
CNNW_20210110_050000_CNN_Newsroom_Live.frames1fps/002206.jpg,No,.95,N/A,No,.95,N/A
CNNW_20210110_050000_CNN_Newsroom_Live.frames1fps/002207.jpg,No,.95,N/A,No,.95,N/A
CNNW_20210110_050000_CNN_Newsroom_Live.frames1fps/002208.jpg,No,.95,N/A,No,.95,N/A
CNNW_20210110_050000_CNN_Newsroom_Live.frames1fps/002209.jpg,No,.95,N/A,No,.95,N/A
CNNW_20210110_050000_CNN_Newsroom_Live.frames1fps/002210.jpg,No,.95,N/A,No,.95,N/A
CNNW_20210110_050000_CNN_Newsroom_Live.frames1fps/002211.jpg,No,.95,N/A,No,.95,N/A
CNNW_20210110_050000_CNN_Newsroom_Live.frames1fps/002212.jpg,No,.95,N/A,No,.95,N/A
CNNW_20210110_050000_CNN_Newsroom_Live.frames1fps/002213.jpg,No,.95,N/A,No,.95,N/A
CNNW_20210110_050000_CNN_Newsroom_Live.frames1fps/002214.jpg,No,.95,N/A,No,.95,N/A
CNNW_20210110_050000_CNN_Newsroom_Live.frames1fps/002215.jpg,No,.95,N/A,No,.95,N/A
CNNW_20210110_050000_CNN_Newsroom_Live.frames1fps/002216.jpg,No,.95,N/A,No,.95,N/A
CNNW_20210110_050000_CNN_Newsroom_Live.frames1fps/002217.jpg,No,.95,N/A,No,.95,N/A
CNNW_20210110_050000_CNN_Newsroom_Live.frames1fps/002218.jpg,No,.95,N/A,No,.95,N/A
CNNW_20210110_050000_CNN_Newsroom_Live.frames1fps/002219.jpg,No,.95,N/A,No,.95,N/A
CNNW_20210110_050000_CNN_Newsroom_Live.frames1fps/002220.jpg,No,.95,N/A,No,.95,N/A
CNNW_20210110_050000_CNN_Newsroom_Live.frames1fps/002221.jpg,No,.95,N/A,No,.95,N/A
CNNW_20210110_050000_CNN_Newsroom_Live.frames1fps/002222.jpg,No,.95,N/A,No,.95,N/A
CNNW_20210110_050000_CNN_Newsroom_Live.frames1fps/002223.jpg,No,.95,N/A,No,.95,N/A
CNNW_20210110_050000_CNN_Newsroom_Live.frames1fps/002224.jpg,No,.95,N/A,No,.95,N/A
CNNW_20210110_050000_CNN_Newsroom_Live.frames1fps/002225.jpg,No,.95,N/A,No,.95,N/A
CNNW_20210110_050000_CNN_Newsroom_Live.frames1fps/002226.jpg,No,.95,N/A,No,.95,N/A
CNNW_20210110_050000_CNN_Newsroom_Live.frames1fps/002227.jpg,No,.95,N/A,No,.95,N/A
CNNW_20210110_050000_CNN_Newsroom_Live.frames1fps/002228.jpg,No,.95,N/A,No,.95,N/A
CNNW_20210110_050000_CNN_Newsroom_Live.frames1fps/002229.jpg,No,.95,N/A,No,.95,N/A
CNNW_20210110_050000_CNN_Newsroom_Live.frames1fps/002230.jpg,No,.95,N/A,No,.95,N/A
CNNW_20210110_050000_CNN_Newsroom_Live.frames1fps/002231.jpg,No,.95,N/A,No,.95,N/A
CNNW_20210110_050000_CNN_Newsroom_Live.frames1fps/002232.jpg,No,.95,N/A,No,.95,N/A
CNNW_20210110_050000_CNN_Newsroom_Live.frames1fps/002233.jpg,No,.95,N/A,No,.95,N/A
CNNW_20210110_050000_CNN_Newsroom_Live.frames1fps/002234.jpg,No,.95,N/A,No,.95,N/A
CNNW_20210110_050000_CNN_Newsroom_Live.frames1fps/002235.jpg,No,.95,N/A,No,.95,N/A
CNNW_20210110_050000_CNN_Newsroom_Live.frames1fps/002236.jpg,No,.95,N/A,No,.95,N/A
CNNW_20210110_050000_CNN_Newsroom_Live.frames1fps/002237.jpg,No,.95,N/A,No,.95,N/A
CNNW_20210110_050000_CNN_Newsroom_Live.frames1fps/002238.jpg,No,.95,N/A,No,.95,N/A
CNNW_20210110_050000_CNN_Newsroom_Live.frames1fps/002239.jpg,No,.95,N/A,No,.95,N/A
CNNW_20210110_050000_CNN_Newsroom_Live.frames1fps/002240.jpg,No,.95,N/A,No,.95,N/A
CNNW_20210110_050000_CNN_Newsroom_Live.frames1fps/002241.jpg,No,.95,N/A,No,.95,N/A
CNNW_20210110_050000_CNN_Newsroom_Live.frames1fps/002242.jpg,No,.95,N/A,No,.95,N/A
CNNW_20210110_050000_CNN_Newsroom_Live.frames1fps/002243.jpg,No,.95,N/A,No,.95,N/A
CNNW_20210110_050000_CNN_Newsroom_Live.frames1fps/002244.jpg,No,.95,N/A,No,.95,N/A
CNNW_20210110_050000_CNN_Newsroom_Live.frames1fps/002245.jpg,No,.95,N/A,No,.95,N/A
CNNW_20210110_050000_CNN_Newsroom_Live.frames1fps/002246.jpg,No,.95,N/A,No,.95,N/A
CNNW_20210110_050000_CNN_Newsroom_Live.frames1fps/002247.jpg,No,.95,N/A,No,.95,N/A
CNNW_20210110_050000_CNN_Newsroom_Live.frames1fps/002248.jpg,No,.95,N/A,No,.95,N/A
CNNW_20210110_050000_CNN_Newsroom_Live.frames1fps/002249.jpg,No,.95,N/A,No,.95,N/A
CNNW_20210110_050000_CNN_Newsroom_Live.frames1fps/002250.jpg,No,.95,N/A,No,.95,N/A
CNNW_20210110_050000_CNN_Newsroom_Live.frames1fps/002251.jpg,No,.95,N/A,No,.95,N/A
CNNW_20210110_050000_CNN_Newsroom_Live.frames1fps/002252.jpg,No,.95,N/A,No,.95,N/A
CNNW_20210110_050000_CNN_Newsroom_Live.frames1fps/002253.jpg,No,.95,N/A,No,.95,N/A
CNNW_20210110_050000_CNN_Newsroom_Live.frames1fps/002254.jpg,No,.95,N/A,No,.95,N/A
CNNW_20210110_050000_CNN_Newsroom_Live.frames1fps/002255.jpg,No,.95,N/A,No,.95,N/A
CNNW_20210110_050000_CNN_Newsroom_Live.frames1fps/002256.jpg,No,.95,N/A,No,.95,N/A
CNNW_20210110_050000_CNN_Newsroom_Live.frames1fps/002257.jpg,No,.95,N/A,No,.95,N/A
CNNW_20210110_050000_CNN_Newsroom_Live.frames1fps/002258.jpg,No,.95,N/A,No,.95,N/A
CNNW_20210110_050000_CNN_Newsroom_Live.frames1fps/002259.jpg,No,.95,N/A,No,.95,N/A
CNNW_20210110_050000_CNN_Newsroom_Live.frames1fps/002260.jpg,No,.95,N/A,No,.95,N/A
CNNW_20210110_050000_CNN_Newsroom_Live.frames1fps/002261.jpg,No,.95,N/A,No,.95,N/A
CNNW_20210110_050000_CNN_Newsroom_Live.frames1fps/002262.jpg,No,.95,N/A,No,.95,N/A
CNNW_20210110_050000_CNN_Newsroom_Live.frames1fps/002263.jpg,No,.95,N/A,No,.95,N/A
CNNW_20210110_050000_CNN_Newsroom_Live.frames1fps/002264.jpg,No,.95,N/A,No,.95,N/A
CNNW_20210110_050000_CNN_Newsroom_Live.frames1fps/002265.jpg,No,.95,N/A,No,.95,N/A
CNNW_20210110_050000_CNN_Newsroom_Live.frames1fps/002266.jpg,No,.95,N/A,No,.95,N/A
CNNW_20210110_050000_CNN_Newsroom_Live.frames1fps/002267.jpg,No,.95,N/A,No,.95,N/A
CNNW_20210110_050000_CNN_Newsroom_Live.frames1fps/002268.jpg,No,.95,N/A,No,.95,N/A
CNNW_20210110_050000_CNN_Newsroom_Live.frames1fps/002269.jpg,No,.95,N/A,No,.95,N/A
CNNW_20210110_050000_CNN_Newsroom_Live.frames1fps/002270.jpg,No,.95,N/A,No,.95,N/A
CNNW_20210110_050000_CNN_Newsroom_Live.frames1fps/002271.jpg,No,.95,N/A,No,.95,N/A
CNNW_20210110_050000_CNN_Newsroom_Live.frames1fps/002272.jpg,No,.95,N/A,No,.95,N/A
CNNW_20210110_050000_CNN_Newsroom_Live.frames1fps/002273.jpg,No,.95,N/A,No,.95,N/A
CNNW_20210110_050000_CNN_Newsroom_Live.frames1fps/002274.jpg,No,.95,N/A,No,.95,N/A
CNNW_20210110_050000_CNN_Newsroom_Live.frames1fps/002275.jpg,No,.95,N/A,No,.95,N/A
CNNW_20210110_050000_CNN_Newsroom_Live.frames1fps/002276.jpg,No,.95,N/A,No,.95,N/A
CNNW_20210110_050000_CNN_Newsroom_Live.frames1fps/002277.jpg,No,.95,N/A,No,.95,N/A
CNNW_20210110_050000_CNN_Newsroom_Live.frames1fps/002278.jpg,No,.95,N/A,No,.95,N/A
CNNW_20210110_050000_CNN_Newsroom_Live.frames1fps/002279.jpg,No,.95,N/A,No,.95,N/A
CNNW_20210110_050000_CNN_Newsroom_Live.frames1fps/002280.jpg,No,.95,N/A,No,.95,N/A
CNNW_20210110_050000_CNN_Newsroom_Live.frames1fps/002281.jpg,No,.95,N/A,No,.95,N/A
CNNW_20210110_050000_CNN_Newsroom_Live.frames1fps/002282.jpg,No,.95,N/A,No,.95,N/A
CNNW_20210110_050000_CNN_Newsroom_Live.frames1fps/002283.jpg,No,.95,N/A,No,.95,N/A
CNNW_20210110_050000_CNN_Newsroom_Live.frames1fps/002284.jpg,No,.95,N/A,No,.95,N/A
CNNW_20210110_050000_CNN_Newsroom_Live.frames1fps/002285.jpg,No,.95,N/A,No,.95,N/A
CNNW_20210110_050000_CNN_Newsroom_Live.frames1fps/002286.jpg,No,.95,N/A,No,.95,N/A
CNNW_20210110_050000_CNN_Newsroom_Live.frames1fps/002287.jpg,No,.95,N/A,No,.95,N/A
CNNW_20210110_050000_CNN_Newsroom_Live.frames1fps/002288.jpg,No,.95,N/A,No,.95,N/A
CNNW_20210110_050000_CNN_Newsroom_Live.frames1fps/002289.jpg,No,.95,N/A,No,.95,N/A
CNNW_20210110_050000_CNN_Newsroom_Live.frames1fps/002290.jpg,No,.95,N/A,No,.95,N/A
CNNW_20210110_050000_CNN_Newsroom_Live.frames1fps/002291.jpg,No,.95,N/A,No,.95,N/A
CNNW_20210110_050000_CNN_Newsroom_Live.frames1fps/002292.jpg,No,.95,N/A,No,.95,N/A
CNNW_20210110_050000_CNN_Newsroom_Live.frames1fps/002293.jpg,No,.95,N/A,No,.95,N/A
CNNW_20210110_050000_CNN_Newsroom_Live.frames1fps/002294.jpg,No,.95,N/A,No,.95,N/A
CNNW_20210110_050000_CNN_Newsroom_Live.frames1fps/002295.jpg,No,.95,N/A,No,.95,N/A
CNNW_20210110_050000_CNN_Newsroom_Live.frames1fps/002296.jpg,No,.95,N/A,No,.95,N/A
CNNW_20210110_050000_CNN_Newsroom_Live.frames1fps/002297.jpg,No,.95,N/A,No,.95,N/A
CNNW_20210110_050000_CNN_Newsroom_Live.frames1fps/002298.jpg,No,.95,N/A,No,.95,N/A
CNNW_20210110_050000_CNN_Newsroom_Live.frames1fps/002299.jpg,No,.95,N/A,No,.95,N/A
CNNW_20210110_050000_CNN_Newsroom_Live.frames1fps/002300.jpg,No,.95,N/A,No,.95,N/A
CNNW_20210110_050000_CNN_Newsroom_Live.frames1fps/002301.jpg,No,.95,N/A,No,.95,N/A
CNNW_20210110_050000_CNN_Newsroom_Live.frames1fps/002302.jpg,No,.95,N/A,No,.95,N/A
CNNW_20210110_050000_CNN_Newsroom_Live.frames1fps/002303.jpg,No,.95,N/A,No,.95,N/A
CNNW_20210110_050000_CNN_Newsroom_Live.frames1fps/002304.jpg,No,.95,N/A,No,.95,N/A
CNNW_20210110_050000_CNN_Newsroom_Live.frames1fps/002305.jpg,No,.95,N/A,No,.95,N/A
CNNW_20210110_050000_CNN_Newsroom_Live.frames1fps/002306.jpg,No,.95,N/A,No,.95,N/A
CNNW_20210110_050000_CNN_Newsroom_Live.frames1fps/002307.jpg,No,.95,N/A,No,.95,N/A
CNNW_20210110_050000_CNN_Newsroom_Live.frames1fps/002308.jpg,No,.95,N/A,No,.95,N/A
CNNW_20210110_050000_CNN_Newsroom_Live.frames1fps/002309.jpg,No,.95,N/A,No,.95,N/A
CNNW_20210110_050000_CNN_Newsroom_Live.frames1fps/002310.jpg,No,.95,N/A,No,.95,N/A
CNNW_20210110_050000_CNN_Newsroom_Live.frames1fps/002311.jpg,No,.95,N/A,No,.95,N/A
CNNW_20210110_050000_CNN_Newsroom_Live.frames1fps/002312.jpg,No,.95,N/A,No,.95,N/A
CNNW_20210110_050000_CNN_Newsroom_Live.frames1fps/002313.jpg,No,.95,N/A,No,.95,N/A
CNNW_20210110_050000_CNN_Newsroom_Live.frames1fps/002314.jpg,No,.95,N/A,No,.95,N/A
CNNW_20210110_050000_CNN_Newsroom_Live.frames1fps/002315.jpg,No,.95,N/A,No,.95,N/A
CNNW_20210110_050000_CNN_Newsroom_Live.frames1fps/002316.jpg,No,.95,N/A,No,.95,N/A
CNNW_20210110_050000_CNN_Newsroom_Live.frames1fps/002317.jpg,No,.95,N/A,No,.95,N/A
CNNW_20210110_050000_CNN_Newsroom_Live.frames1fps/002318.jpg,No,.95,N/A,No,.95,N/A
CNNW_20210110_050000_CNN_Newsroom_Live.frames1fps/002319.jpg,No,.95,N/A,No,.95,N/A
CNNW_20210110_050000_CNN_Newsroom_Live.frames1fps/002320.jpg,No,.95,N/A,No,.95,N/A
CNNW_20210110_050000_CNN_Newsroom_Live.frames1fps/002321.jpg,No,.95,N/A,No,.95,N/A
CNNW_20210110_050000_CNN_Newsroom_Live.frames1fps/002322.jpg,No,.95,N/A,No,.95,N/A
CNNW_20210110_050000_CNN_Newsroom_Live.frames1fps/002323.jpg,No,.95,N/A,No,.95,N/A
CNNW_20210110_050000_CNN_Newsroom_Live.frames1fps/002324.jpg,No,.95,N/A,No,.95,N/A
CNNW_20210110_050000_CNN_Newsroom_Live.frames1fps/002325.jpg,No,.95,N/A,No,.95,N/A
CNNW_20210110_050000_CNN_Newsroom_Live.frames1fps/002326.jpg,No,.95,N/A,No,.95,N/A
CNNW_20210110_050000_CNN_Newsroom_Live.frames1fps/002327.jpg,No,.95,N/A,No,.95,N/A
CNNW_20210110_050000_CNN_Newsroom_Live.frames1fps/002328.jpg,No,.95,N/A,No,.95,N/A
CNNW_20210110_050000_CNN_Newsroom_Live.frames1fps/002329.jpg,No,.95,N/A,No,.95,N/A
CNNW_20210110_050000_CNN_Newsroom_Live.frames1fps/002330.jpg,No,.95,N/A,No,.95,N/A
CNNW_20210110_050000_CNN_Newsroom_Live.frames1fps/002331.jpg,No,.95,N/A,No,.95,N/A
CNNW_20210110_050000_CNN_Newsroom_Live.frames1fps/002332.jpg,No,.95,N/A,No,.95,N/A
CNNW_20210110_050000_CNN_Newsroom_Live.frames1fps/002333.jpg,No,.95,N/A,No,.95,N/A
CNNW_20210110_050000_CNN_Newsroom_Live.frames1fps/002334.jpg,No,.95,N/A,No,.95,N/A
CNNW_20210110_050000_CNN_Newsroom_Live.frames1fps/002335.jpg,No,.95,N/A,No,.95,N/A
CNNW_20210110_050000_CNN_Newsroom_Live.frames1fps/002336.jpg,No,.95,N/A,No,.95,N/A
CNNW_20210110_050000_CNN_Newsroom_Live.frames1fps/002337.jpg,No,.95,N/A,No,.95,N/A
CNNW_20210110_050000_CNN_Newsroom_Live.frames1fps/002338.jpg,No,.95,N/A,No,.95,N/A
CNNW_20210110_050000_CNN_Newsroom_Live.frames1fps/002339.jpg,No,.95,N/A,No,.95,N/A
CNNW_20210110_050000_CNN_Newsroom_Live.frames1fps/002340.jpg,No,.95,N/A,No,.95,N/A
CNNW_20210110_050000_CNN_Newsroom_Live.frames1fps/002341.jpg,No,.95,N/A,No,.95,N/A
CNNW_20210110_050000_CNN_Newsroom_Live.frames1fps/002342.jpg,No,.95,N/A,No,.95,N/A
CNNW_20210110_050000_CNN_Newsroom_Live.frames1fps/002343.jpg,No,.95,N/A,No,.95,N/A
CNNW_20210110_050000_CNN_Newsroom_Live.frames1fps/002344.jpg,No,.95,N/A,No,.95,N/A
CNNW_20210110_050000_CNN_Newsroom_Live.frames1fps/002345.jpg,No,.95,N/A,No,.95,N/A
CNNW_20210110_050000_CNN_Newsroom_Live.frames1fps/002346.jpg,No,.95,N/A,No,.95,N/A
CNNW_20210110_050000_CNN_Newsroom_Live.frames1fps/002347.jpg,No,.95,N/A,No,.95,N/A
CNNW_20210110_050000_CNN_Newsroom_Live.frames1fps/002348.jpg,No,.95,N/A,No,.95,N/A
CNNW_20210110_050000_CNN_Newsroom_Live.frames1fps/002349.jpg,No,.95,N/A,No,.95,N/A
CNNW_20210110_050000_CNN_Newsroom_Live.frames1fps/002350.jpg,No,.95,N/A,No,.95,N/A
CNNW_20210110_050000_CNN_Newsroom_Live.frames1fps/002351.jpg,No,.95,N/A,No,.95,N/A
CNNW_20210110_050000_CNN_Newsroom_Live.frames1fps/002352.jpg,No,.95,N/A,No,.95,N/A
CNNW_20210110_050000_CNN_Newsroom_Live.frames1fps/002353.jpg,No,.95,N/A,No,.95,N/A
CNNW_20210110_050000_CNN_Newsroom_Live.frames1fps/002354.jpg,No,.95,N/A,No,.95,N/A
CNNW_20210110_050000_CNN_Newsroom_Live.frames1fps/002355.jpg,No,.95,N/A,No,.95,N/A
CNNW_20210110_050000_CNN_Newsroom_Live.frames1fps/002356.jpg,No,.95,N/A,No,.95,N/A
CNNW_20210110_050000_CNN_Newsroom_Live.frames1fps/002357.jpg,No,.95,N/A,No,.95,N/A
CNNW_20210110_050000_CNN_Newsroom_Live.frames1fps/002358.jpg,No,.95,N/A,No,.95,N/A
CNNW_20210110_050000_CNN_Newsroom_Live.frames1fps/002359.jpg,No,.95,N/A,No,.95,N/A
CNNW_20210110_050000_CNN_Newsroom_Live.frames1fps/002360.jpg,No,.95,N/A,No,.95,N/A
CNNW_20210110_050000_CNN_Newsroom_Live.frames1fps/002361.jpg,No,.95,N/A,No,.95,N/A
CNNW_20210110_050000_CNN_Newsroom_Live.frames1fps/002362.jpg,No,.95,N/A,No,.95,N/A
CNNW_20210110_050000_CNN_Newsroom_Live.frames1fps/002363.jpg,No,.95,N/A,No,.95,N/A
CNNW_20210110_050000_CNN_Newsroom_Live.frames1fps/002364.jpg,No,.95,N/A,No,.95,N/A
CNNW_20210110_050000_CNN_Newsroom_Live.frames1fps/002365.jpg,No,.95,N/A,No,.95,N/A
CNNW_20210110_050000_CNN_Newsroom_Live.frames1fps/002366.jpg,No,.95,N/A,No,.95,N/A
CNNW_20210110_050000_CNN_Newsroom_Live.frames1fps/002367.jpg,No,.95,N/A,No,.95,N/A
CNNW_20210110_050000_CNN_Newsroom_Live.frames1fps/002368.jpg,No,.95,N/A,No,.95,N/A
CNNW_20210110_050000_CNN_Newsroom_Live.frames1fps/002369.jpg,No,.95,N/A,No,.95,N/A
CNNW_20210110_050000_CNN_Newsroom_Live.frames1fps/002370.jpg,No,.95,N/A,No,.95,N/A
CNNW_20210110_050000_CNN_Newsroom_Live.frames1fps/002371.jpg,No,.95,N/A,No,.95,N/A
CNNW_20210110_050000_CNN_Newsroom_Live.frames1fps/002372.jpg,No,.95,N/A,No,.95,N/A
CNNW_20210110_050000_CNN_Newsroom_Live.frames1fps/002373.jpg,No,.95,N/A,No,.95,N/A
CNNW_20210110_050000_CNN_Newsroom_Live.frames1fps/002374.jpg,No,.95,N/A,No,.95,N/A
CNNW_20210110_050000_CNN_Newsroom_Live.frames1fps/002375.jpg,No,.95,N/A,No,.95,N/A
CNNW_20210110_050000_CNN_Newsroom_Live.frames1fps/002376.jpg,No,.95,N/A,No,.95,N/A
CNNW_20210110_050000_CNN_Newsroom_Live.frames1fps/002377.jpg,No,.95,N/A,No,.95,N/A
CNNW_20210110_050000_CNN_Newsroom_Live.frames1fps/002378.jpg,No,.95,N/A,No,.95,N/A
CNNW_20210110_050000_CNN_Newsroom_Live.frames1fps/002379.jpg,No,.95,N/A,No,.95,N/A
CNNW_20210110_050000_CNN_Newsroom_Live.frames1fps/002380.jpg,No,.95,N/A,No,.95,N/A
CNNW_20210110_050000_CNN_Newsroom_Live.frames1fps/002381.jpg,No,.95,N/A,No,.95,N/A
CNNW_20210110_050000_CNN_Newsroom_Live.frames1fps/002382.jpg,No,.95,N/A,No,.95,N/A
CNNW_20210110_050000_CNN_Newsroom_Live.frames1fps/002383.jpg,No,.95,N/A,No,.95,N/A
CNNW_20210110_050000_CNN_Newsroom_Live.frames1fps/002384.jpg,No,.95,N/A,No,.95,N/A
CNNW_20210110_050000_CNN_Newsroom_Live.frames1fps/002385.jpg,No,.95,N/A,No,.95,N/A
CNNW_20210110_050000_CNN_Newsroom_Live.frames1fps/002386.jpg,No,.95,N/A,No,.95,N/A
CNNW_20210110_050000_CNN_Newsroom_Live.frames1fps/002387.jpg,No,.95,N/A,No,.95,N/A
CNNW_20210110_050000_CNN_Newsroom_Live.frames1fps/002388.jpg,No,.95,N/A,No,.95,N/A
CNNW_20210110_050000_CNN_Newsroom_Live.frames1fps/002389.jpg,No,.95,N/A,No,.95,N/A
CNNW_20210110_050000_CNN_Newsroom_Live.frames1fps/002390.jpg,No,.95,N/A,No,.95,N/A
CNNW_20210110_050000_CNN_Newsroom_Live.frames1fps/002391.jpg,No,.95,N/A,No,.95,N/A
CNNW_20210110_050000_CNN_Newsroom_Live.frames1fps/002392.jpg,No,.95,N/A,No,.95,N/A
CNNW_20210110_050000_CNN_Newsroom_Live.frames1fps/002393.jpg,No,.95,N/A,No,.95,N/A
CNNW_20210110_050000_CNN_Newsroom_Live.frames1fps/002394.jpg,No,.95,N/A,No,.95,N/A
CNNW_20210110_050000_CNN_Newsroom_Live.frames1fps/002395.jpg,No,.95,N/A,No,.95,N/A
CNNW_20210110_050000_CNN_Newsroom_Live.frames1fps/002396.jpg,No,.95,N/A,No,.95,N/A
CNNW_20210110_050000_CNN_Newsroom_Live.frames1fps/002397.jpg,No,.95,N/A,No,.95,N/A
CNNW_20210110_050000_CNN_Newsroom_Live.frames1fps/002398.jpg,No,.95,N/A,No,.95,N/A
CNNW_20210110_050000_CNN_Newsroom_Live.frames1fps/002399.jpg,No,.95,N/A,No,.95,N/A
CNNW_20210110_050000_CNN_Newsroom_Live.frames1fps/002400.jpg,No,.95,N/A,No,.95,N/A
CNNW_20210110_050000_CNN_Newsroom_Live.frames1fps/002401.jpg,No,.95,N/A,No,.95,N/A
CNNW_20210110_050000_CNN_Newsroom_Live.frames1fps/002402.jpg,No,.95,N/A,No,.95,N/A
CNNW_20210110_050000_CNN_Newsroom_Live.frames1fps/002403.jpg,No,.95,N/A,No,.95,N/A
CNNW_20210110_050000_CNN_Newsroom_Live.frames1fps/002404.jpg,No,.95,N/A,No,.95,N/A
CNNW_20210110_050000_CNN_Newsroom_Live.frames1fps/002405.jpg,No,.95,N/A,No,.95,N/A
CNNW_20210110_050000_CNN_Newsroom_Live.frames1fps/002406.jpg,No,.95,N/A,No,.95,N/A
CNNW_20210110_050000_CNN_Newsroom_Live.frames1fps/002407.jpg,No,.95,N/A,No,.95,N/A
CNNW_20210110_050000_CNN_Newsroom_Live.frames1fps/002408.jpg,No,.95,N/A,No,.95,N/A
CNNW_20210110_050000_CNN_Newsroom_Live.frames1fps/002409.jpg,No,.95,N/A,No,.95,N/A
CNNW_20210110_050000_CNN_Newsroom_Live.frames1fps/002410.jpg,No,.95,N/A,No,.95,N/A
CNNW_20210110_050000_CNN_Newsroom_Live.frames1fps/002411.jpg,No,.95,N/A,No,.95,N/A
CNNW_20210110_050000_CNN_Newsroom_Live.frames1fps/002412.jpg,No,.95,N/A,No,.95,N/A
CNNW_20210110_050000_CNN_Newsroom_Live.frames1fps/002413.jpg,No,.95,N/A,No,.95,N/A
CNNW_20210110_050000_CNN_Newsroom_Live.frames1fps/002414.jpg,No,.95,N/A,No,.95,N/A
CNNW_20210110_050000_CNN_Newsroom_Live.frames1fps/002415.jpg,No,.95,N/A,No,.95,N/A
CNNW_20210110_050000_CNN_Newsroom_Live.frames1fps/002416.jpg,No,.95,N/A,No,.95,N/A
CNNW_20210110_050000_CNN_Newsroom_Live.frames1fps/002417.jpg,No,.95,N/A,No,.95,N/A
CNNW_20210110_050000_CNN_Newsroom_Live.frames1fps/002418.jpg,No,.95,N/A,No,.95,N/A
CNNW_20210110_050000_CNN_Newsroom_Live.frames1fps/002419.jpg,No,.95,N/A,No,.95,N/A
CNNW_20210110_050000_CNN_Newsroom_Live.frames1fps/002420.jpg,No,.95,N/A,No,.95,N/A
CNNW_20210110_050000_CNN_Newsroom_Live.frames1fps/002421.jpg,No,.95,N/A,No,.95,N/A
CNNW_20210110_050000_CNN_Newsroom_Live.frames1fps/002422.jpg,No,.95,N/A,No,.95,N/A
CNNW_20210110_050000_CNN_Newsroom_Live.frames1fps/002423.jpg,No,.95,N/A,No,.95,N/A
CNNW_20210110_050000_CNN_Newsroom_Live.frames1fps/002424.jpg,No,.95,N/A,No,.95,N/A
CNNW_20210110_050000_CNN_Newsroom_Live.frames1fps/002425.jpg,No,.95,N/A,No,.95,N/A
CNNW_20210110_050000_CNN_Newsroom_Live.frames1fps/002426.jpg,No,.95,N/A,No,.95,N/A
CNNW_20210110_050000_CNN_Newsroom_Live.frames1fps/002427.jpg,No,.95,N/A,No,.95,N/A
CNNW_20210110_050000_CNN_Newsroom_Live.frames1fps/002428.jpg,No,.95,N/A,No,.95,N/A
CNNW_20210110_050000_CNN_Newsroom_Live.frames1fps/002429.jpg,No,.95,N/A,No,.95,N/A
CNNW_20210110_050000_CNN_Newsroom_Live.frames1fps/002430.jpg,No,.95,N/A,No,.95,N/A
CNNW_20210110_050000_CNN_Newsroom_Live.frames1fps/002431.jpg,No,.95,N/A,No,.95,N/A
CNNW_20210110_050000_CNN_Newsroom_Live.frames1fps/002432.jpg,No,.95,N/A,No,.95,N/A
CNNW_20210110_050000_CNN_Newsroom_Live.frames1fps/002433.jpg,No,.95,N/A,No,.95,N/A
CNNW_20210110_050000_CNN_Newsroom_Live.frames1fps/002434.jpg,No,.95,N/A,No,.95,N/A
CNNW_20210110_050000_CNN_Newsroom_Live.frames1fps/002435.jpg,No,.95,N/A,No,.95,N/A
CNNW_20210110_050000_CNN_Newsroom_Live.frames1fps/002436.jpg,No,.95,N/A,No,.95,N/A
CNNW_20210110_050000_CNN_Newsroom_Live.frames1fps/002437.jpg,No,.95,N/A,No,.95,N/A
CNNW_20210110_050000_CNN_Newsroom_Live.frames1fps/002438.jpg,No,.95,N/A,No,.95,N/A
CNNW_20210110_050000_CNN_Newsroom_Live.frames1fps/002439.jpg,No,.95,N/A,No,.95,N/A
CNNW_20210110_050000_CNN_Newsroom_Live.frames1fps/002440.jpg,No,.95,N/A,No,.95,N/A
CNNW_20210110_050000_CNN_Newsroom_Live.frames1fps/002441.jpg,No,.95,N/A,No,.95,N/A
CNNW_20210110_050000_CNN_Newsroom_Live.frames1fps/002442.jpg,No,.95,N/A,No,.95,N/A
CNNW_20210110_050000_CNN_Newsroom_Live.frames1fps/002443.jpg,No,.95,N/A,No,.95,N/A
CNNW_20210110_050000_CNN_Newsroom_Live.frames1fps/002444.jpg,No,.95,N/A,No,.95,N/A
CNNW_20210110_050000_CNN_Newsroom_Live.frames1fps/002445.jpg,No,.95,N/A,No,.95,N/A
CNNW_20210110_050000_CNN_Newsroom_Live.frames1fps/002446.jpg,No,.95,N/A,No,.95,N/A
CNNW_20210110_050000_CNN_Newsroom_Live.frames1fps/002447.jpg,No,.95,N/A,No,.95,N/A
CNNW_20210110_050000_CNN_Newsroom_Live.frames1fps/002448.jpg,No,.95,N/A,No,.95,N/A
CNNW_20210110_050000_CNN_Newsroom_Live.frames1fps/002449.jpg,No,.95,N/A,No,.95,N/A
CNNW_20210110_050000_CNN_Newsroom_Live.frames1fps/002450.jpg,No,.95,N/A,No,.95,N/A
CNNW_20210110_050000_CNN_Newsroom_Live.frames1fps/002451.jpg,No,.95,N/A,No,.95,N/A
CNNW_20210110_050000_CNN_Newsroom_Live.frames1fps/002452.jpg,No,.95,N/A,No,.95,N/A
CNNW_20210110_050000_CNN_Newsroom_Live.frames1fps/002453.jpg,No,.95,N/A,No,.95,N/A
CNNW_20210110_050000_CNN_Newsroom_Live.frames1fps/002454.jpg,No,.95,N/A,No,.95,N/A
CNNW_20210110_050000_CNN_Newsroom_Live.frames1fps/002455.jpg,No,.95,N/A,No,.95,N/A
CNNW_20210110_050000_CNN_Newsroom_Live.frames1fps/002456.jpg,No,.95,N/A,No,.95,N/A
CNNW_20210110_050000_CNN_Newsroom_Live.frames1fps/002457.jpg,No,.95,N/A,No,.95,N/A
CNNW_20210110_050000_CNN_Newsroom_Live.frames1fps/002458.jpg,No,.95,N/A,No,.95,N/A
CNNW_20210110_050000_CNN_Newsroom_Live.frames1fps/002459.jpg,No,.95,N/A,No,.95,N/A
CNNW_20210110_050000_CNN_Newsroom_Live.frames1fps/002460.jpg,No,.95,N/A,No,.95,N/A
CNNW_20210110_050000_CNN_Newsroom_Live.frames1fps/002461.jpg,No,.95,N/A,No,.95,N/A
CNNW_20210110_050000_CNN_Newsroom_Live.frames1fps/002462.jpg,No,.95,N/A,No,.95,N/A
CNNW_20210110_050000_CNN_Newsroom_Live.frames1fps/002463.jpg,No,.95,N/A,No,.95,N/A
CNNW_20210110_050000_CNN_Newsroom_Live.frames1fps/002464.jpg,No,.95,N/A,No,.95,N/A
CNNW_20210110_050000_CNN_Newsroom_Live.frames1fps/002465.jpg,No,.95,N/A,No,.95,N/A
CNNW_20210110_050000_CNN_Newsroom_Live.frames1fps/002466.jpg,No,.95,N/A,No,.95,N/A
CNNW_20210110_050000_CNN_Newsroom_Live.frames1fps/002467.jpg,No,.95,N/A,No,.95,N/A
CNNW_20210110_050000_CNN_Newsroom_Live.frames1fps/002468.jpg,No,.95,N/A,No,.95,N/A
CNNW_20210110_050000_CNN_Newsroom_Live.frames1fps/002469.jpg,No,.95,N/A,No,.95,N/A
CNNW_20210110_050000_CNN_Newsroom_Live.frames1fps/002470.jpg,No,.95,N/A,No,.95,N/A
CNNW_20210110_050000_CNN_Newsroom_Live.frames1fps/002471.jpg,No,.95,N/A,No,.95,N/A
CNNW_20210110_050000_CNN_Newsroom_Live.frames1fps/002472.jpg,No,.95,N/A,No,.95,N/A
CNNW_20210110_050000_CNN_Newsroom_Live.frames1fps/002473.jpg,No,.95,N/A,No,.95,N/A
CNNW_20210110_050000_CNN_Newsroom_Live.frames1fps/002474.jpg,No,.95,N/A,No,.95,N/A
CNNW_20210110_050000_CNN_Newsroom_Live.frames1fps/002475.jpg,No,.95,N/A,No,.95,N/A
CNNW_20210110_050000_CNN_Newsroom_Live.frames1fps/002476.jpg,No,.95,N/A,No,.95,N/A
CNNW_20210110_050000_CNN_Newsroom_Live.frames1fps/002477.jpg,No,.95,N/A,No,.95,N/A
CNNW_20210110_050000_CNN_Newsroom_Live.frames1fps/002478.jpg,No,.95,N/A,No,.95,N/A
CNNW_20210110_050000_CNN_Newsroom_Live.frames1fps/002479.jpg,No,.95,N/A,No,.95,N/A
CNNW_20210110_050000_CNN_Newsroom_Live.frames1fps/002480.jpg,No,.95,N/A,No,.95,N/A
CNNW_20210110_050000_CNN_Newsroom_Live.frames1fps/002481.jpg,No,.95,N/A,No,.95,N/A
CNNW_20210110_050000_CNN_Newsroom_Live.frames1fps/002482.jpg,No,.95,N/A,No,.95,N/A
CNNW_20210110_050000_CNN_Newsroom_Live.frames1fps/002483.jpg,No,.95,N/A,No,.95,N/A
CNNW_20210110_050000_CNN_Newsroom_Live.frames1fps/002484.jpg,No,.95,N/A,No,.95,N/A
CNNW_20210110_050000_CNN_Newsroom_Live.frames1fps/002485.jpg,No,.95,N/A,No,.95,N/A
CNNW_20210110_050000_CNN_Newsroom_Live.frames1fps/002486.jpg,No,.95,N/A,No,.95,N/A
CNNW_20210110_050000_CNN_Newsroom_Live.frames1fps/002487.jpg,No,.95,N/A,No,.95,N/A
CNNW_20210110_050000_CNN_Newsroom_Live.frames1fps/002488.jpg,No,.95,N/A,No,.95,N/A
CNNW_20210110_050000_CNN_Newsroom_Live.frames1fps/002489.jpg,No,.95,N/A,No,.95,N/A
CNNW_20210110_050000_CNN_Newsroom_Live.frames1fps/002490.jpg,No,.95,N/A,No,.95,N/A
CNNW_20210110_050000_CNN_Newsroom_Live.frames1fps/002491.jpg,No,.95,N/A,No,.95,N/A
CNNW_20210110_050000_CNN_Newsroom_Live.frames1fps/002492.jpg,No,.95,N/A,No,.95,N/A
CNNW_20210110_050000_CNN_Newsroom_Live.frames1fps/002493.jpg,No,.95,N/A,No,.95,N/A
CNNW_20210110_050000_CNN_Newsroom_Live.frames1fps/002494.jpg,No,.95,N/A,No,.95,N/A
CNNW_20210110_050000_CNN_Newsroom_Live.frames1fps/002495.jpg,No,.95,N/A,No,.95,N/A
CNNW_20210110_050000_CNN_Newsroom_Live.frames1fps/002496.jpg,No,.95,N/A,No,.95,N/A
CNNW_20210110_050000_CNN_Newsroom_Live.frames1fps/002497.jpg,No,.95,N/A,No,.95,N/A
CNNW_20210110_050000_CNN_Newsroom_Live.frames1fps/002498.jpg,No,.95,N/A,No,.95,N/A
CNNW_20210110_050000_CNN_Newsroom_Live.frames1fps/002499.jpg,No,.95,N/A,No,.95,N/A
CNNW_20210110_050000_CNN_Newsroom_Live.frames1fps/002500.jpg,No,.95,N/A,No,.95,N/A
CNNW_20210110_050000_CNN_Newsroom_Live.frames1fps/002501.jpg,No,.95,N/A,No,.95,N/A
CNNW_20210110_050000_CNN_Newsroom_Live.frames1fps/002502.jpg,No,.95,N/A,No,.95,N/A
CNNW_20210110_050000_CNN_Newsroom_Live.frames1fps/002503.jpg,No,.95,N/A,No,.95,N/A
CNNW_20210110_050000_CNN_Newsroom_Live.frames1fps/002504.jpg,No,.95,N/A,No,.95,N/A
CNNW_20210110_050000_CNN_Newsroom_Live.frames1fps/002505.jpg,No,.95,N/A,No,.95,N/A
CNNW_20210110_050000_CNN_Newsroom_Live.frames1fps/002506.jpg,No,.95,N/A,No,.95,N/A
CNNW_20210110_050000_CNN_Newsroom_Live.frames1fps/002507.jpg,No,.95,N/A,No,.95,N/A
CNNW_20210110_050000_CNN_Newsroom_Live.frames1fps/002508.jpg,No,.95,N/A,No,.95,N/A
CNNW_20210110_050000_CNN_Newsroom_Live.frames1fps/002509.jpg,No,.95,N/A,No,.95,N/A
CNNW_20210110_050000_CNN_Newsroom_Live.frames1fps/002510.jpg,No,.95,N/A,No,.95,N/A
CNNW_20210110_050000_CNN_Newsroom_Live.frames1fps/002511.jpg,No,.95,N/A,No,.95,N/A
CNNW_20210110_050000_CNN_Newsroom_Live.frames1fps/002512.jpg,No,.95,N/A,No,.95,N/A
CNNW_20210110_050000_CNN_Newsroom_Live.frames1fps/002513.jpg,No,.95,N/A,No,.95,N/A
CNNW_20210110_050000_CNN_Newsroom_Live.frames1fps/002514.jpg,No,.95,N/A,No,.95,N/A
CNNW_20210110_050000_CNN_Newsroom_Live.frames1fps/002515.jpg,No,.95,N/A,No,.95,N/A
CNNW_20210110_050000_CNN_Newsroom_Live.frames1fps/002516.jpg,No,.95,N/A,No,.95,N/A
CNNW_20210110_050000_CNN_Newsroom_Live.frames1fps/002517.jpg,No,.95,N/A,No,.95,N/A
CNNW_20210110_050000_CNN_Newsroom_Live.frames1fps/002518.jpg,No,.95,N/A,No,.95,N/A
CNNW_20210110_050000_CNN_Newsroom_Live.frames1fps/002519.jpg,No,.95,N/A,No,.95,N/A
CNNW_20210110_050000_CNN_Newsroom_Live.frames1fps/002520.jpg,No,.95,N/A,No,.95,N/A
CNNW_20210110_050000_CNN_Newsroom_Live.frames1fps/002521.jpg,No,.95,N/A,No,.95,N/A
CNNW_20210110_050000_CNN_Newsroom_Live.frames1fps/002522.jpg,No,.95,N/A,No,.95,N/A
CNNW_20210110_050000_CNN_Newsroom_Live.frames1fps/002523.jpg,No,.95,N/A,No,.95,N/A
CNNW_20210110_050000_CNN_Newsroom_Live.frames1fps/002524.jpg,No,.95,N/A,No,.95,N/A
CNNW_20210110_050000_CNN_Newsroom_Live.frames1fps/002525.jpg,No,.95,N/A,No,.95,N/A
CNNW_20210110_050000_CNN_Newsroom_Live.frames1fps/002526.jpg,No,.95,N/A,No,.95,N/A
CNNW_20210110_050000_CNN_Newsroom_Live.frames1fps/002527.jpg,No,.95,N/A,No,.95,N/A
CNNW_20210110_050000_CNN_Newsroom_Live.frames1fps/002528.jpg,No,.95,N/A,No,.95,N/A
CNNW_20210110_050000_CNN_Newsroom_Live.frames1fps/002529.jpg,No,.95,N/A,No,.95,N/A
CNNW_20210110_050000_CNN_Newsroom_Live.frames1fps/002530.jpg,No,.95,N/A,No,.95,N/A
CNNW_20210110_050000_CNN_Newsroom_Live.frames1fps/002531.jpg,No,.95,N/A,No,.95,N/A
CNNW_20210110_050000_CNN_Newsroom_Live.frames1fps/002532.jpg,No,.95,N/A,No,.95,N/A
CNNW_20210110_050000_CNN_Newsroom_Live.frames1fps/002533.jpg,No,.95,N/A,No,.95,N/A
CNNW_20210110_050000_CNN_Newsroom_Live.frames1fps/002534.jpg,No,.95,N/A,No,.95,N/A
CNNW_20210110_050000_CNN_Newsroom_Live.frames1fps/002535.jpg,No,.95,N/A,No,.95,N/A
CNNW_20210110_050000_CNN_Newsroom_Live.frames1fps/002536.jpg,No,.95,N/A,No,.95,N/A
CNNW_20210110_050000_CNN_Newsroom_Live.frames1fps/002537.jpg,No,.95,N/A,No,.95,N/A
CNNW_20210110_050000_CNN_Newsroom_Live.frames1fps/002538.jpg,No,.95,N/A,No,.95,N/A
CNNW_20210110_050000_CNN_Newsroom_Live.frames1fps/002539.jpg,No,.95,N/A,No,.95,N/A
CNNW_20210110_050000_CNN_Newsroom_Live.frames1fps/002540.jpg,No,.95,N/A,No,.95,N/A
CNNW_20210110_050000_CNN_Newsroom_Live.frames1fps/002541.jpg,No,.95,N/A,No,.95,N/A
CNNW_20210110_050000_CNN_Newsroom_Live.frames1fps/002542.jpg,No,.95,N/A,No,.95,N/A
CNNW_20210110_050000_CNN_Newsroom_Live.frames1fps/002543.jpg,No,.95,N/A,No,.95,N/A
CNNW_20210110_050000_CNN_Newsroom_Live.frames1fps/002544.jpg,No,.95,N/A,No,.95,N/A
CNNW_20210110_050000_CNN_Newsroom_Live.frames1fps/002545.jpg,No,.95,N/A,No,.95,N/A
CNNW_20210110_050000_CNN_Newsroom_Live.frames1fps/002546.jpg,No,.95,N/A,No,.95,N/A
CNNW_20210110_050000_CNN_Newsroom_Live.frames1fps/002547.jpg,No,.95,N/A,No,.95,N/A
CNNW_20210110_050000_CNN_Newsroom_Live.frames1fps/002548.jpg,No,.95,N/A,No,.95,N/A
CNNW_20210110_050000_CNN_Newsroom_Live.frames1fps/002549.jpg,No,.95,N/A,No,.95,N/A
CNNW_20210110_050000_CNN_Newsroom_Live.frames1fps/002550.jpg,No,.95,N/A,No,.95,N/A
CNNW_20210110_050000_CNN_Newsroom_Live.frames1fps/002551.jpg,No,.95,N/A,No,.95,N/A
CNNW_20210110_050000_CNN_Newsroom_Live.frames1fps/002552.jpg,No,.95,N/A,No,.95,N/A
CNNW_20210110_050000_CNN_Newsroom_Live.frames1fps/002553.jpg,No,.95,N/A,No,.95,N/A
CNNW_20210110_050000_CNN_Newsroom_Live.frames1fps/002554.jpg,No,.95,N/A,No,.95,N/A
CNNW_20210110_050000_CNN_Newsroom_Live.frames1fps/002555.jpg,No,.95,N/A,No,.95,N/A
CNNW_20210110_050000_CNN_Newsroom_Live.frames1fps/002556.jpg,No,.95,N/A,No,.95,N/A
CNNW_20210110_050000_CNN_Newsroom_Live.frames1fps/002557.jpg,No,.95,N/A,No,.95,N/A
CNNW_20210110_050000_CNN_Newsroom_Live.frames1fps/002558.jpg,No,.95,N/A,No,.95,N/A
CNNW_20210110_050000_CNN_Newsroom_Live.frames1fps/002559.jpg,No,.95,N/A,No,.95,N/A
CNNW_20210110_050000_CNN_Newsroom_Live.frames1fps/002560.jpg,No,.95,N/A,No,.95,N/A
CNNW_20210110_050000_CNN_Newsroom_Live.frames1fps/002561.jpg,No,.95,N/A,No,.95,N/A
CNNW_20210110_050000_CNN_Newsroom_Live.frames1fps/002562.jpg,No,.95,N/A,No,.95,N/A
CNNW_20210110_050000_CNN_Newsroom_Live.frames1fps/002563.jpg,No,.95,N/A,No,.95,N/A
CNNW_20210110_050000_CNN_Newsroom_Live.frames1fps/002564.jpg,No,.95,N/A,No,.95,N/A
CNNW_20210110_050000_CNN_Newsroom_Live.frames1fps/002565.jpg,No,.95,N/A,No,.95,N/A
CNNW_20210110_050000_CNN_Newsroom_Live.frames1fps/002566.jpg,No,.95,N/A,No,.95,N/A
CNNW_20210110_050000_CNN_Newsroom_Live.frames1fps/002567.jpg,No,.95,N/A,No,.95,N/A
CNNW_20210110_050000_CNN_Newsroom_Live.frames1fps/002568.jpg,No,.95,N/A,No,.95,N/A
CNNW_20210110_050000_CNN_Newsroom_Live.frames1fps/002569.jpg,No,.95,N/A,No,.95,N/A
CNNW_20210110_050000_CNN_Newsroom_Live.frames1fps/002570.jpg,No,.95,N/A,No,.95,N/A
CNNW_20210110_050000_CNN_Newsroom_Live.frames1fps/002571.jpg,No,.95,N/A,No,.95,N/A
CNNW_20210110_050000_CNN_Newsroom_Live.frames1fps/002572.jpg,No,.95,N/A,No,.95,N/A
CNNW_20210110_050000_CNN_Newsroom_Live.frames1fps/002573.jpg,No,.95,N/A,No,.95,N/A
CNNW_20210110_050000_CNN_Newsroom_Live.frames1fps/002574.jpg,No,.95,N/A,No,.95,N/A
CNNW_20210110_050000_CNN_Newsroom_Live.frames1fps/002575.jpg,No,.95,N/A,No,.95,N/A
CNNW_20210110_050000_CNN_Newsroom_Live.frames1fps/002576.jpg,No,.95,N/A,No,.95,N/A
CNNW_20210110_050000_CNN_Newsroom_Live.frames1fps/002577.jpg,No,.95,N/A,No,.95,N/A
CNNW_20210110_050000_CNN_Newsroom_Live.frames1fps/002578.jpg,No,.95,N/A,No,.95,N/A
CNNW_20210110_050000_CNN_Newsroom_Live.frames1fps/002579.jpg,No,.95,N/A,No,.95,N/A
CNNW_20210110_050000_CNN_Newsroom_Live.frames1fps/002580.jpg,No,.95,N/A,No,.95,N/A
CNNW_20210110_050000_CNN_Newsroom_Live.frames1fps/002581.jpg,No,.95,N/A,No,.95,N/A
CNNW_20210110_050000_CNN_Newsroom_Live.frames1fps/002582.jpg,No,.95,N/A,No,.95,N/A
CNNW_20210110_050000_CNN_Newsroom_Live.frames1fps/002583.jpg,No,.95,N/A,No,.95,N/A
CNNW_20210110_050000_CNN_Newsroom_Live.frames1fps/002584.jpg,No,.95,N/A,No,.95,N/A
CNNW_20210110_050000_CNN_Newsroom_Live.frames1fps/002585.jpg,No,.95,N/A,No,.95,N/A
CNNW_20210110_050000_CNN_Newsroom_Live.frames1fps/002586.jpg,No,.95,N/A,No,.95,N/A
CNNW_20210110_050000_CNN_Newsroom_Live.frames1fps/002587.jpg,No,.95,N/A,No,.95,N/A
CNNW_20210110_050000_CNN_Newsroom_Live.frames1fps/002588.jpg,No,.95,N/A,No,.95,N/A
CNNW_20210110_050000_CNN_Newsroom_Live.frames1fps/002589.jpg,No,.95,N/A,No,.95,N/A
CNNW_20210110_050000_CNN_Newsroom_Live.frames1fps/002590.jpg,No,.95,N/A,No,.95,N/A
CNNW_20210110_050000_CNN_Newsroom_Live.frames1fps/002591.jpg,No,.95,N/A,No,.95,N/A
CNNW_20210110_050000_CNN_Newsroom_Live.frames1fps/002592.jpg,No,.95,N/A,No,.95,N/A
CNNW_20210110_050000_CNN_Newsroom_Live.frames1fps/002593.jpg,No,.95,N/A,No,.95,N/A
CNNW_20210110_050000_CNN_Newsroom_Live.frames1fps/002594.jpg,No,.95,N/A,No,.95,N/A
CNNW_20210110_050000_CNN_Newsroom_Live.frames1fps/002595.jpg,No,.95,N/A,No,.95,N/A
CNNW_20210110_050000_CNN_Newsroom_Live.frames1fps/002596.jpg,No,.95,N/A,No,.95,N/A
CNNW_20210110_050000_CNN_Newsroom_Live.frames1fps/002597.jpg,No,.95,N/A,No,.95,N/A
CNNW_20210110_050000_CNN_Newsroom_Live.frames1fps/002598.jpg,No,.95,N/A,No,.95,N/A
CNNW_20210110_050000_CNN_Newsroom_Live.frames1fps/002599.jpg,No,.95,N/A,No,.95,N/A
CNNW_20210110_050000_CNN_Newsroom_Live.frames1fps/002600.jpg,No,.95,N/A,No,.95,N/A
CNNW_20210110_050000_CNN_Newsroom_Live.frames1fps/002601.jpg,No,.95,N/A,No,.95,N/A
CNNW_20210110_050000_CNN_Newsroom_Live.frames1fps/002602.jpg,No,.95,N/A,No,.95,N/A
CNNW_20210110_050000_CNN_Newsroom_Live.frames1fps/002603.jpg,No,.95,N/A,No,.95,N/A
CNNW_20210110_050000_CNN_Newsroom_Live.frames1fps/002604.jpg,No,.95,N/A,No,.95,N/A
CNNW_20210110_050000_CNN_Newsroom_Live.frames1fps/002605.jpg,No,.95,N/A,No,.95,N/A
CNNW_20210110_050000_CNN_Newsroom_Live.frames1fps/002606.jpg,No,.95,N/A,No,.95,N/A
CNNW_20210110_050000_CNN_Newsroom_Live.frames1fps/002607.jpg,No,.95,N/A,No,.95,N/A
CNNW_20210110_050000_CNN_Newsroom_Live.frames1fps/002608.jpg,No,.95,N/A,No,.95,N/A
CNNW_20210110_050000_CNN_Newsroom_Live.frames1fps/002609.jpg,No,.95,N/A,No,.95,N/A
CNNW_20210110_050000_CNN_Newsroom_Live.frames1fps/002610.jpg,No,.95,N/A,No,.95,N/A
CNNW_20210110_050000_CNN_Newsroom_Live.frames1fps/002611.jpg,No,.95,N/A,No,.95,N/A
CNNW_20210110_050000_CNN_Newsroom_Live.frames1fps/002612.jpg,No,.95,N/A,No,.95,N/A
CNNW_20210110_050000_CNN_Newsroom_Live.frames1fps/002613.jpg,No,.95,N/A,No,.95,N/A
CNNW_20210110_050000_CNN_Newsroom_Live.frames1fps/002614.jpg,No,.95,N/A,No,.95,N/A
CNNW_20210110_050000_CNN_Newsroom_Live.frames1fps/002615.jpg,No,.95,N/A,No,.95,N/A
CNNW_20210110_050000_CNN_Newsroom_Live.frames1fps/002616.jpg,No,.95,N/A,No,.95,N/A
CNNW_20210110_050000_CNN_Newsroom_Live.frames1fps/002617.jpg,No,.95,N/A,No,.95,N/A
CNNW_20210110_050000_CNN_Newsroom_Live.frames1fps/002618.jpg,No,.95,N/A,No,.95,N/A
CNNW_20210110_050000_CNN_Newsroom_Live.frames1fps/002619.jpg,No,.95,N/A,No,.95,N/A
CNNW_20210110_050000_CNN_Newsroom_Live.frames1fps/002620.jpg,No,.95,N/A,No,.95,N/A
CNNW_20210110_050000_CNN_Newsroom_Live.frames1fps/002621.jpg,No,.95,N/A,No,.95,N/A
CNNW_20210110_050000_CNN_Newsroom_Live.frames1fps/002622.jpg,No,.95,N/A,No,.95,N/A
CNNW_20210110_050000_CNN_Newsroom_Live.frames1fps/002623.jpg,No,.95,N/A,No,.95,N/A
CNNW_20210110_050000_CNN_Newsroom_Live.frames1fps/002624.jpg,No,.95,N/A,No,.95,N/A
CNNW_20210110_050000_CNN_Newsroom_Live.frames1fps/002625.jpg,No,.95,N/A,No,.95,N/A
CNNW_20210110_050000_CNN_Newsroom_Live.frames1fps/002626.jpg,No,.95,N/A,No,.95,N/A
CNNW_20210110_050000_CNN_Newsroom_Live.frames1fps/002627.jpg,No,.95,N/A,No,.95,N/A
CNNW_20210110_050000_CNN_Newsroom_Live.frames1fps/002628.jpg,No,.95,N/A,No,.95,N/A
CNNW_20210110_050000_CNN_Newsroom_Live.frames1fps/002629.jpg,No,.95,N/A,No,.95,N/A
CNNW_20210110_050000_CNN_Newsroom_Live.frames1fps/002630.jpg,No,.95,N/A,No,.95,N/A
CNNW_20210110_050000_CNN_Newsroom_Live.frames1fps/002631.jpg,No,.95,N/A,No,.95,N/A
CNNW_20210110_050000_CNN_Newsroom_Live.frames1fps/002632.jpg,No,.95,N/A,No,.95,N/A
CNNW_20210110_050000_CNN_Newsroom_Live.frames1fps/002633.jpg,No,.95,N/A,No,.95,N/A
CNNW_20210110_050000_CNN_Newsroom_Live.frames1fps/002634.jpg,No,.95,N/A,No,.95,N/A
CNNW_20210110_050000_CNN_Newsroom_Live.frames1fps/002635.jpg,No,.95,N/A,No,.95,N/A
CNNW_20210110_050000_CNN_Newsroom_Live.frames1fps/002636.jpg,No,.95,N/A,No,.95,N/A
CNNW_20210110_050000_CNN_Newsroom_Live.frames1fps/002637.jpg,No,.95,N/A,No,.95,N/A
CNNW_20210110_050000_CNN_Newsroom_Live.frames1fps/002638.jpg,No,.95,N/A,No,.95,N/A
CNNW_20210110_050000_CNN_Newsroom_Live.frames1fps/002639.jpg,No,.95,N/A,No,.95,N/A
CNNW_20210110_050000_CNN_Newsroom_Live.frames1fps/002640.jpg,No,.95,N/A,No,.95,N/A
CNNW_20210110_050000_CNN_Newsroom_Live.frames1fps/002641.jpg,No,.95,N/A,No,.95,N/A
CNNW_20210110_050000_CNN_Newsroom_Live.frames1fps/002642.jpg,No,.95,N/A,No,.95,N/A
CNNW_20210110_050000_CNN_Newsroom_Live.frames1fps/002643.jpg,No,.95,N/A,No,.95,N/A
CNNW_20210110_050000_CNN_Newsroom_Live.frames1fps/002644.jpg,No,.95,N/A,No,.95,N/A
CNNW_20210110_050000_CNN_Newsroom_Live.frames1fps/002645.jpg,No,.95,N/A,No,.95,N/A
CNNW_20210110_050000_CNN_Newsroom_Live.frames1fps/002646.jpg,No,.95,N/A,No,.95,N/A
CNNW_20210110_050000_CNN_Newsroom_Live.frames1fps/002647.jpg,No,.95,N/A,No,.95,N/A
CNNW_20210110_050000_CNN_Newsroom_Live.frames1fps/002648.jpg,No,.95,N/A,No,.95,N/A
CNNW_20210110_050000_CNN_Newsroom_Live.frames1fps/002649.jpg,No,.95,N/A,No,.95,N/A
CNNW_20210110_050000_CNN_Newsroom_Live.frames1fps/002650.jpg,No,.95,N/A,No,.95,N/A
CNNW_20210110_050000_CNN_Newsroom_Live.frames1fps/002651.jpg,No,.95,N/A,No,.95,N/A
CNNW_20210110_050000_CNN_Newsroom_Live.frames1fps/002652.jpg,No,.95,N/A,No,.95,N/A
CNNW_20210110_050000_CNN_Newsroom_Live.frames1fps/002653.jpg,No,.95,N/A,No,.95,N/A
CNNW_20210110_050000_CNN_Newsroom_Live.frames1fps/002654.jpg,No,.95,N/A,No,.95,N/A
CNNW_20210110_050000_CNN_Newsroom_Live.frames1fps/002655.jpg,No,.95,N/A,No,.95,N/A
CNNW_20210110_050000_CNN_Newsroom_Live.frames1fps/002656.jpg,No,.95,N/A,No,.95,N/A
CNNW_20210110_050000_CNN_Newsroom_Live.frames1fps/002657.jpg,No,.95,N/A,No,.95,N/A
CNNW_20210110_050000_CNN_Newsroom_Live.frames1fps/002658.jpg,No,.95,N/A,No,.95,N/A
CNNW_20210110_050000_CNN_Newsroom_Live.frames1fps/002659.jpg,No,.95,N/A,No,.95,N/A
CNNW_20210110_050000_CNN_Newsroom_Live.frames1fps/002660.jpg,No,.95,N/A,No,.95,N/A
CNNW_20210110_050000_CNN_Newsroom_Live.frames1fps/002661.jpg,No,.95,N/A,No,.95,N/A
CNNW_20210110_050000_CNN_Newsroom_Live.frames1fps/002662.jpg,No,.95,N/A,No,.95,N/A
CNNW_20210110_050000_CNN_Newsroom_Live.frames1fps/002663.jpg,No,.95,N/A,No,.95,N/A
CNNW_20210110_050000_CNN_Newsroom_Live.frames1fps/002664.jpg,No,.95,N/A,No,.95,N/A
CNNW_20210110_050000_CNN_Newsroom_Live.frames1fps/002665.jpg,No,.95,N/A,No,.95,N/A
CNNW_20210110_050000_CNN_Newsroom_Live.frames1fps/002666.jpg,No,.95,N/A,No,.95,N/A
CNNW_20210110_050000_CNN_Newsroom_Live.frames1fps/002667.jpg,No,.95,N/A,No,.95,N/A
CNNW_20210110_050000_CNN_Newsroom_Live.frames1fps/002668.jpg,No,.95,N/A,No,.95,N/A
CNNW_20210110_050000_CNN_Newsroom_Live.frames1fps/002669.jpg,No,.95,N/A,No,.95,N/A
CNNW_20210110_050000_CNN_Newsroom_Live.frames1fps/002670.jpg,No,.95,N/A,No,.95,N/A
CNNW_20210110_050000_CNN_Newsroom_Live.frames1fps/002671.jpg,No,.95,N/A,No,.95,N/A
CNNW_20210110_050000_CNN_Newsroom_Live.frames1fps/002672.jpg,No,.95,N/A,No,.95,N/A
CNNW_20210110_050000_CNN_Newsroom_Live.frames1fps/002673.jpg,No,.95,N/A,No,.95,N/A
CNNW_20210110_050000_CNN_Newsroom_Live.frames1fps/002674.jpg,No,.95,N/A,No,.95,N/A
CNNW_20210110_050000_CNN_Newsroom_Live.frames1fps/002675.jpg,No,.95,N/A,No,.95,N/A
CNNW_20210110_050000_CNN_Newsroom_Live.frames1fps/002676.jpg,No,.95,N/A,No,.95,N/A
CNNW_20210110_050000_CNN_Newsroom_Live.frames1fps/002677.jpg,No,.95,N/A,No,.95,N/A
CNNW_20210110_050000_CNN_Newsroom_Live.frames1fps/002678.jpg,No,.95,N/A,No,.95,N/A
CNNW_20210110_050000_CNN_Newsroom_Live.frames1fps/002679.jpg,No,.95,N/A,No,.95,N/A
CNNW_20210110_050000_CNN_Newsroom_Live.frames1fps/002680.jpg,No,.95,N/A,No,.95,N/A
CNNW_20210110_050000_CNN_Newsroom_Live.frames1fps/002681.jpg,No,.95,N/A,No,.95,N/A
CNNW_20210110_050000_CNN_Newsroom_Live.frames1fps/002682.jpg,No,.95,N/A,No,.95,N/A
CNNW_20210110_050000_CNN_Newsroom_Live.frames1fps/002683.jpg,No,.95,N/A,No,.95,N/A
CNNW_20210110_050000_CNN_Newsroom_Live.frames1fps/002684.jpg,No,.95,N/A,No,.95,N/A
CNNW_20210110_050000_CNN_Newsroom_Live.frames1fps/002685.jpg,No,.95,N/A,No,.95,N/A
CNNW_20210110_050000_CNN_Newsroom_Live.frames1fps/002686.jpg,No,.95,N/A,No,.95,N/A
CNNW_20210110_050000_CNN_Newsroom_Live.frames1fps/002687.jpg,No,.95,N/A,No,.95,N/A
CNNW_20210110_050000_CNN_Newsroom_Live.frames1fps/002688.jpg,No,.95,N/A,No,.95,N/A
CNNW_20210110_050000_CNN_Newsroom_Live.frames1fps/002689.jpg,No,.95,N/A,No,.95,N/A
CNNW_20210110_050000_CNN_Newsroom_Live.frames1fps/002690.jpg,No,.95,N/A,No,.95,N/A
CNNW_20210110_050000_CNN_Newsroom_Live.frames1fps/002691.jpg,No,.95,N/A,No,.95,N/A
CNNW_20210110_050000_CNN_Newsroom_Live.frames1fps/002692.jpg,No,.95,N/A,No,.95,N/A
CNNW_20210110_050000_CNN_Newsroom_Live.frames1fps/002693.jpg,No,.95,N/A,No,.95,N/A
CNNW_20210110_050000_CNN_Newsroom_Live.frames1fps/002694.jpg,No,.98,N/A,No,.98,N/A
CNNW_20210110_050000_CNN_Newsroom_Live.frames1fps/002695.jpg,No,.95,N/A,No,.95,N/A
CNNW_20210110_050000_CNN_Newsroom_Live.frames1fps/002696.jpg,No,.95,N/A,No,.95,N/A
CNNW_20210110_050000_CNN_Newsroom_Live.frames1fps/002697.jpg,No,.95,N/A,No,.95,N/A
CNNW_20210110_050000_CNN_Newsroom_Live.frames1fps/002698.jpg,No,.95,N/A,No,.95,N/A
CNNW_20210110_050000_CNN_Newsroom_Live.frames1fps/002699.jpg,No,.95,N/A,No,.95,N/A
CNNW_20210110_050000_CNN_Newsroom_Live.frames1fps/002700.jpg,No,.95,N/A,No,.95,N/A
CNNW_20210110_050000_CNN_Newsroom_Live.frames1fps/002701.jpg,No,.95,N/A,No,.95,N/A
CNNW_20210110_050000_CNN_Newsroom_Live.frames1fps/002702.jpg,No,.95,N/A,No,.95,N/A
CNNW_20210110_050000_CNN_Newsroom_Live.frames1fps/002703.jpg,No,.95,N/A,No,.95,N/A
CNNW_20210110_050000_CNN_Newsroom_Live.frames1fps/002704.jpg,No,.95,N/A,No,.95,N/A
CNNW_20210110_050000_CNN_Newsroom_Live.frames1fps/002705.jpg,No,.95,N/A,No,.95,N/A
CNNW_20210110_050000_CNN_Newsroom_Live.frames1fps/002706.jpg,No,.95,N/A,No,.95,N/A
CNNW_20210110_050000_CNN_Newsroom_Live.frames1fps/002707.jpg,No,.95,N/A,No,.95,N/A
CNNW_20210110_050000_CNN_Newsroom_Live.frames1fps/002708.jpg,No,.95,N/A,No,.95,N/A
CNNW_20210110_050000_CNN_Newsroom_Live.frames1fps/002709.jpg,No,.95,N/A,No,.95,N/A
CNNW_20210110_050000_CNN_Newsroom_Live.frames1fps/002710.jpg,No,.95,N/A,No,.95,N/A
CNNW_20210110_050000_CNN_Newsroom_Live.frames1fps/002711.jpg,No,.95,N/A,No,.95,N/A
CNNW_20210110_050000_CNN_Newsroom_Live.frames1fps/002712.jpg,No,.95,N/A,No,.95,N/A
CNNW_20210110_050000_CNN_Newsroom_Live.frames1fps/002713.jpg,No,.95,N/A,No,.95,N/A
CNNW_20210110_050000_CNN_Newsroom_Live.frames1fps/002714.jpg,No,.95,N/A,No,.95,N/A
CNNW_20210110_050000_CNN_Newsroom_Live.frames1fps/002715.jpg,No,.95,N/A,No,.95,N/A
CNNW_20210110_050000_CNN_Newsroom_Live.frames1fps/002716.jpg,No,.95,N/A,No,.95,N/A
CNNW_20210110_050000_CNN_Newsroom_Live.frames1fps/002717.jpg,No,.95,N/A,No,.95,N/A
CNNW_20210110_050000_CNN_Newsroom_Live.frames1fps/002718.jpg,No,.95,N/A,No,.95,N/A
CNNW_20210110_050000_CNN_Newsroom_Live.frames1fps/002719.jpg,No,.95,N/A,No,.95,N/A
CNNW_20210110_050000_CNN_Newsroom_Live.frames1fps/002720.jpg,No,.95,N/A,No,.95,N/A
CNNW_20210110_050000_CNN_Newsroom_Live.frames1fps/002721.jpg,No,.95,N/A,No,.95,N/A
CNNW_20210110_050000_CNN_Newsroom_Live.frames1fps/002722.jpg,No,.98,N/A,No,.98,N/A
CNNW_20210110_050000_CNN_Newsroom_Live.frames1fps/002723.jpg,No,.98,N/A,No,.98,N/A
CNNW_20210110_050000_CNN_Newsroom_Live.frames1fps/002724.jpg,No,.98,N/A,No,.98,N/A
CNNW_20210110_050000_CNN_Newsroom_Live.frames1fps/002725.jpg,No,.95,N/A,No,.95,N/A
CNNW_20210110_050000_CNN_Newsroom_Live.frames1fps/002726.jpg,No,.95,N/A,No,.95,N/A
CNNW_20210110_050000_CNN_Newsroom_Live.frames1fps/002727.jpg,No,.95,N/A,No,.95,N/A
CNNW_20210110_050000_CNN_Newsroom_Live.frames1fps/002728.jpg,No,.95,N/A,No,.95,N/A
CNNW_20210110_050000_CNN_Newsroom_Live.frames1fps/002729.jpg,No,.95,N/A,No,.95,N/A
CNNW_20210110_050000_CNN_Newsroom_Live.frames1fps/002730.jpg,No,.95,N/A,No,.95,N/A
CNNW_20210110_050000_CNN_Newsroom_Live.frames1fps/002731.jpg,No,.95,N/A,No,.95,N/A
CNNW_20210110_050000_CNN_Newsroom_Live.frames1fps/002732.jpg,No,.95,N/A,No,.95,N/A
CNNW_20210110_050000_CNN_Newsroom_Live.frames1fps/002733.jpg,No,.95,N/A,No,.95,N/A
CNNW_20210110_050000_CNN_Newsroom_Live.frames1fps/002734.jpg,No,.95,N/A,No,.95,N/A
CNNW_20210110_050000_CNN_Newsroom_Live.frames1fps/002735.jpg,No,.95,N/A,No,.95,N/A
CNNW_20210110_050000_CNN_Newsroom_Live.frames1fps/002736.jpg,No,.95,N/A,No,.95,N/A
CNNW_20210110_050000_CNN_Newsroom_Live.frames1fps/002737.jpg,No,.95,N/A,No,.95,N/A
CNNW_20210110_050000_CNN_Newsroom_Live.frames1fps/002738.jpg,No,.95,N/A,No,.95,N/A
CNNW_20210110_050000_CNN_Newsroom_Live.frames1fps/002739.jpg,No,.95,N/A,No,.95,N/A
CNNW_20210110_050000_CNN_Newsroom_Live.frames1fps/002740.jpg,No,.95,N/A,No,.95,N/A
CNNW_20210110_050000_CNN_Newsroom_Live.frames1fps/002741.jpg,No,.95,N/A,No,.95,N/A
CNNW_20210110_050000_CNN_Newsroom_Live.frames1fps/002742.jpg,No,.95,N/A,No,.95,N/A
CNNW_20210110_050000_CNN_Newsroom_Live.frames1fps/002743.jpg,No,.95,N/A,No,.95,N/A
CNNW_20210110_050000_CNN_Newsroom_Live.frames1fps/002744.jpg,No,.95,N/A,No,.95,N/A
CNNW_20210110_050000_CNN_Newsroom_Live.frames1fps/002745.jpg,No,.95,N/A,No,.95,N/A
CNNW_20210110_050000_CNN_Newsroom_Live.frames1fps/002746.jpg,No,.95,N/A,No,.95,N/A
CNNW_20210110_050000_CNN_Newsroom_Live.frames1fps/002747.jpg,No,.95,N/A,No,.95,N/A
CNNW_20210110_050000_CNN_Newsroom_Live.frames1fps/002748.jpg,No,.95,N/A,No,.95,N/A
CNNW_20210110_050000_CNN_Newsroom_Live.frames1fps/002749.jpg,No,.95,N/A,No,.95,N/A
CNNW_20210110_050000_CNN_Newsroom_Live.frames1fps/002750.jpg,No,.95,N/A,No,.95,N/A
CNNW_20210110_050000_CNN_Newsroom_Live.frames1fps/002751.jpg,No,.98,N/A,No,.98,N/A
CNNW_20210110_050000_CNN_Newsroom_Live.frames1fps/002752.jpg,No,.95,N/A,No,.95,N/A
CNNW_20210110_050000_CNN_Newsroom_Live.frames1fps/002753.jpg,No,.98,N/A,No,.98,N/A
CNNW_20210110_050000_CNN_Newsroom_Live.frames1fps/002754.jpg,No,.95,N/A,No,.95,N/A
CNNW_20210110_050000_CNN_Newsroom_Live.frames1fps/002755.jpg,No,.95,N/A,No,.95,N/A
CNNW_20210110_050000_CNN_Newsroom_Live.frames1fps/002756.jpg,No,.98,N/A,No,.98,N/A
CNNW_20210110_050000_CNN_Newsroom_Live.frames1fps/002757.jpg,No,.95,N/A,No,.95,N/A
CNNW_20210110_050000_CNN_Newsroom_Live.frames1fps/002758.jpg,No,.95,N/A,No,.95,N/A
CNNW_20210110_050000_CNN_Newsroom_Live.frames1fps/002759.jpg,No,.95,N/A,No,.95,N/A
CNNW_20210110_050000_CNN_Newsroom_Live.frames1fps/002760.jpg,No,.98,N/A,No,.98,N/A
CNNW_20210110_050000_CNN_Newsroom_Live.frames1fps/002761.jpg,No,.98,N/A,No,.98,N/A
CNNW_20210110_050000_CNN_Newsroom_Live.frames1fps/002762.jpg,No,.98,N/A,No,.98,N/A
CNNW_20210110_050000_CNN_Newsroom_Live.frames1fps/002763.jpg,No,.98,N/A,No,.98,N/A
CNNW_20210110_050000_CNN_Newsroom_Live.frames1fps/002764.jpg,No,.98,N/A,No,.98,N/A
CNNW_20210110_050000_CNN_Newsroom_Live.frames1fps/002765.jpg,No,.98,N/A,No,.98,N/A
CNNW_20210110_050000_CNN_Newsroom_Live.frames1fps/002766.jpg,No,.98,N/A,No,.98,N/A
CNNW_20210110_050000_CNN_Newsroom_Live.frames1fps/002767.jpg,No,.98,N/A,No,.98,N/A
CNNW_20210110_050000_CNN_Newsroom_Live.frames1fps/002768.jpg,No,.98,N/A,No,.98,N/A
CNNW_20210110_050000_CNN_Newsroom_Live.frames1fps/002769.jpg,No,.95,N/A,No,.95,N/A
CNNW_20210110_050000_CNN_Newsroom_Live.frames1fps/002770.jpg,No,.95,N/A,No,.95,N/A
CNNW_20210110_050000_CNN_Newsroom_Live.frames1fps/002771.jpg,No,.95,N/A,No,.95,N/A
CNNW_20210110_050000_CNN_Newsroom_Live.frames1fps/002772.jpg,No,.95,N/A,No,.95,N/A
CNNW_20210110_050000_CNN_Newsroom_Live.frames1fps/002773.jpg,No,.95,N/A,No,.95,N/A
CNNW_20210110_050000_CNN_Newsroom_Live.frames1fps/002774.jpg,No,.95,N/A,No,.95,N/A
CNNW_20210110_050000_CNN_Newsroom_Live.frames1fps/002775.jpg,No,1,N/A,No,1,N/A
CNNW_20210110_050000_CNN_Newsroom_Live.frames1fps/002776.jpg,No,.95,N/A,No,.95,N/A
CNNW_20210110_050000_CNN_Newsroom_Live.frames1fps/002777.jpg,No,.95,N/A,No,.95,N/A
CNNW_20210110_050000_CNN_Newsroom_Live.frames1fps/002778.jpg,No,.95,N/A,No,.95,N/A
CNNW_20210110_050000_CNN_Newsroom_Live.frames1fps/002779.jpg,No,.95,N/A,No,.95,N/A
CNNW_20210110_050000_CNN_Newsroom_Live.frames1fps/002780.jpg,No,.98,N/A,No,.98,N/A
CNNW_20210110_050000_CNN_Newsroom_Live.frames1fps/002781.jpg,No,.95,N/A,No,.95,N/A
CNNW_20210110_050000_CNN_Newsroom_Live.frames1fps/002782.jpg,No,.95,N/A,No,.95,N/A
CNNW_20210110_050000_CNN_Newsroom_Live.frames1fps/002783.jpg,No,.95,N/A,No,.95,N/A
CNNW_20210110_050000_CNN_Newsroom_Live.frames1fps/002784.jpg,No,.95,N/A,No,.95,N/A
CNNW_20210110_050000_CNN_Newsroom_Live.frames1fps/002785.jpg,No,.95,N/A,No,.95,N/A
CNNW_20210110_050000_CNN_Newsroom_Live.frames1fps/002786.jpg,No,.95,N/A,No,.95,N/A
CNNW_20210110_050000_CNN_Newsroom_Live.frames1fps/002787.jpg,No,.95,N/A,No,.95,N/A
CNNW_20210110_050000_CNN_Newsroom_Live.frames1fps/002788.jpg,No,.95,N/A,No,.95,N/A
CNNW_20210110_050000_CNN_Newsroom_Live.frames1fps/002789.jpg,No,.95,N/A,No,.95,N/A
CNNW_20210110_050000_CNN_Newsroom_Live.frames1fps/002790.jpg,No,.98,N/A,No,.98,N/A
CNNW_20210110_050000_CNN_Newsroom_Live.frames1fps/002791.jpg,No,1,N/A,No,1,N/A
CNNW_20210110_050000_CNN_Newsroom_Live.frames1fps/002792.jpg,No,.98,N/A,No,.98,N/A
CNNW_20210110_050000_CNN_Newsroom_Live.frames1fps/002793.jpg,No,.95,N/A,No,.95,N/A
CNNW_20210110_050000_CNN_Newsroom_Live.frames1fps/002794.jpg,No,.95,N/A,No,.95,N/A
CNNW_20210110_050000_CNN_Newsroom_Live.frames1fps/002795.jpg,No,.98,N/A,No,.98,N/A
CNNW_20210110_050000_CNN_Newsroom_Live.frames1fps/002796.jpg,No,.95,N/A,No,.95,N/A
CNNW_20210110_050000_CNN_Newsroom_Live.frames1fps/002797.jpg,No,.95,N/A,No,.95,N/A
CNNW_20210110_050000_CNN_Newsroom_Live.frames1fps/002798.jpg,No,.95,N/A,No,.95,N/A
CNNW_20210110_050000_CNN_Newsroom_Live.frames1fps/002799.jpg,No,.98,N/A,No,.98,N/A
CNNW_20210110_050000_CNN_Newsroom_Live.frames1fps/002800.jpg,No,.95,N/A,No,.95,N/A
CNNW_20210110_050000_CNN_Newsroom_Live.frames1fps/002801.jpg,No,.95,N/A,No,.95,N/A
CNNW_20210110_050000_CNN_Newsroom_Live.frames1fps/002802.jpg,No,.95,N/A,No,.95,N/A
CNNW_20210110_050000_CNN_Newsroom_Live.frames1fps/002803.jpg,No,.95,N/A,No,.95,N/A
CNNW_20210110_050000_CNN_Newsroom_Live.frames1fps/002804.jpg,No,.95,N/A,No,.95,N/A
CNNW_20210110_050000_CNN_Newsroom_Live.frames1fps/002805.jpg,No,.95,N/A,No,.95,N/A
CNNW_20210110_050000_CNN_Newsroom_Live.frames1fps/002806.jpg,No,.95,N/A,No,.95,N/A
CNNW_20210110_050000_CNN_Newsroom_Live.frames1fps/002807.jpg,No,.95,N/A,No,.95,N/A
CNNW_20210110_050000_CNN_Newsroom_Live.frames1fps/002808.jpg,No,.95,N/A,No,.95,N/A
CNNW_20210110_050000_CNN_Newsroom_Live.frames1fps/002809.jpg,No,.95,N/A,No,.95,N/A
CNNW_20210110_050000_CNN_Newsroom_Live.frames1fps/002810.jpg,No,.95,N/A,No,.95,N/A
CNNW_20210110_050000_CNN_Newsroom_Live.frames1fps/002811.jpg,No,.95,N/A,No,.95,N/A
CNNW_20210110_050000_CNN_Newsroom_Live.frames1fps/002812.jpg,No,.95,N/A,No,.95,N/A
CNNW_20210110_050000_CNN_Newsroom_Live.frames1fps/002813.jpg,No,.95,N/A,No,.95,N/A
CNNW_20210110_050000_CNN_Newsroom_Live.frames1fps/002814.jpg,No,.95,N/A,No,.95,N/A
CNNW_20210110_050000_CNN_Newsroom_Live.frames1fps/002815.jpg,No,.95,N/A,No,.95,N/A
CNNW_20210110_050000_CNN_Newsroom_Live.frames1fps/002816.jpg,No,.95,N/A,No,.95,N/A
CNNW_20210110_050000_CNN_Newsroom_Live.frames1fps/002817.jpg,No,.95,N/A,No,.95,N/A
CNNW_20210110_050000_CNN_Newsroom_Live.frames1fps/002818.jpg,No,.95,N/A,No,.95,N/A
CNNW_20210110_050000_CNN_Newsroom_Live.frames1fps/002819.jpg,No,.95,N/A,No,.95,N/A
CNNW_20210110_050000_CNN_Newsroom_Live.frames1fps/002820.jpg,No,.95,N/A,No,.95,N/A
CNNW_20210110_050000_CNN_Newsroom_Live.frames1fps/002821.jpg,No,.95,N/A,No,.95,N/A
CNNW_20210110_050000_CNN_Newsroom_Live.frames1fps/002822.jpg,No,.95,N/A,No,.95,N/A
CNNW_20210110_050000_CNN_Newsroom_Live.frames1fps/002823.jpg,No,.95,N/A,No,.95,N/A
CNNW_20210110_050000_CNN_Newsroom_Live.frames1fps/002824.jpg,No,.95,N/A,No,.95,N/A
CNNW_20210110_050000_CNN_Newsroom_Live.frames1fps/002825.jpg,No,.95,N/A,No,.95,N/A
CNNW_20210110_050000_CNN_Newsroom_Live.frames1fps/002826.jpg,No,.95,N/A,No,.95,N/A
CNNW_20210110_050000_CNN_Newsroom_Live.frames1fps/002827.jpg,No,.95,N/A,No,.95,N/A
CNNW_20210110_050000_CNN_Newsroom_Live.frames1fps/002828.jpg,No,.95,N/A,No,.95,N/A
CNNW_20210110_050000_CNN_Newsroom_Live.frames1fps/002829.jpg,No,.95,N/A,No,.95,N/A
CNNW_20210110_050000_CNN_Newsroom_Live.frames1fps/002830.jpg,No,.95,N/A,No,.95,N/A
CNNW_20210110_050000_CNN_Newsroom_Live.frames1fps/002831.jpg,No,.98,N/A,No,.98,N/A
CNNW_20210110_050000_CNN_Newsroom_Live.frames1fps/002832.jpg,No,.98,N/A,No,.98,N/A
CNNW_20210110_050000_CNN_Newsroom_Live.frames1fps/002833.jpg,No,.95,N/A,No,.95,N/A
CNNW_20210110_050000_CNN_Newsroom_Live.frames1fps/002834.jpg,No,.98,N/A,No,.98,N/A
CNNW_20210110_050000_CNN_Newsroom_Live.frames1fps/002835.jpg,No,.95,N/A,No,.95,N/A
CNNW_20210110_050000_CNN_Newsroom_Live.frames1fps/002836.jpg,No,.95,N/A,No,.95,N/A
CNNW_20210110_050000_CNN_Newsroom_Live.frames1fps/002837.jpg,No,.95,N/A,No,.95,N/A
CNNW_20210110_050000_CNN_Newsroom_Live.frames1fps/002838.jpg,No,.98,N/A,No,.98,N/A
CNNW_20210110_050000_CNN_Newsroom_Live.frames1fps/002839.jpg,No,.95,N/A,No,.95,N/A
CNNW_20210110_050000_CNN_Newsroom_Live.frames1fps/002840.jpg,No,.95,N/A,No,.95,N/A
CNNW_20210110_050000_CNN_Newsroom_Live.frames1fps/002841.jpg,No,.95,N/A,No,.95,N/A
CNNW_20210110_050000_CNN_Newsroom_Live.frames1fps/002842.jpg,No,1,N/A,No,1,N/A
CNNW_20210110_050000_CNN_Newsroom_Live.frames1fps/002843.jpg,No,1,N/A,No,1,N/A
CNNW_20210110_050000_CNN_Newsroom_Live.frames1fps/002844.jpg,No,1,N/A,No,1,N/A
CNNW_20210110_050000_CNN_Newsroom_Live.frames1fps/002845.jpg,No,1,N/A,No,1,N/A
CNNW_20210110_050000_CNN_Newsroom_Live.frames1fps/002846.jpg,No,.95,N/A,No,.95,N/A
CNNW_20210110_050000_CNN_Newsroom_Live.frames1fps/002847.jpg,No,.95,N/A,No,.95,N/A
CNNW_20210110_050000_CNN_Newsroom_Live.frames1fps/002848.jpg,No,.95,N/A,No,.95,N/A
CNNW_20210110_050000_CNN_Newsroom_Live.frames1fps/002849.jpg,No,.95,N/A,No,.95,N/A
CNNW_20210110_050000_CNN_Newsroom_Live.frames1fps/002850.jpg,No,.95,N/A,No,.95,N/A
CNNW_20210110_050000_CNN_Newsroom_Live.frames1fps/002851.jpg,No,.98,N/A,No,.98,N/A
CNNW_20210110_050000_CNN_Newsroom_Live.frames1fps/002852.jpg,No,.95,N/A,No,.95,N/A
CNNW_20210110_050000_CNN_Newsroom_Live.frames1fps/002853.jpg,No,.95,N/A,No,.95,N/A
CNNW_20210110_050000_CNN_Newsroom_Live.frames1fps/002854.jpg,No,.95,N/A,No,.95,N/A
CNNW_20210110_050000_CNN_Newsroom_Live.frames1fps/002855.jpg,No,.95,N/A,No,.95,N/A
CNNW_20210110_050000_CNN_Newsroom_Live.frames1fps/002856.jpg,No,.95,N/A,No,.95,N/A
CNNW_20210110_050000_CNN_Newsroom_Live.frames1fps/002857.jpg,No,.95,N/A,No,.95,N/A
CNNW_20210110_050000_CNN_Newsroom_Live.frames1fps/002858.jpg,No,.95,N/A,No,.95,N/A
CNNW_20210110_050000_CNN_Newsroom_Live.frames1fps/002859.jpg,No,.95,N/A,No,.95,N/A
CNNW_20210110_050000_CNN_Newsroom_Live.frames1fps/002860.jpg,No,.95,N/A,No,.95,N/A
CNNW_20210110_050000_CNN_Newsroom_Live.frames1fps/002861.jpg,No,.95,N/A,No,.95,N/A
CNNW_20210110_050000_CNN_Newsroom_Live.frames1fps/002862.jpg,No,.95,N/A,No,.95,N/A
CNNW_20210110_050000_CNN_Newsroom_Live.frames1fps/002863.jpg,No,.95,N/A,No,.95,N/A
CNNW_20210110_050000_CNN_Newsroom_Live.frames1fps/002864.jpg,No,.95,N/A,No,.95,N/A
CNNW_20210110_050000_CNN_Newsroom_Live.frames1fps/002865.jpg,No,.95,N/A,No,.95,N/A
CNNW_20210110_050000_CNN_Newsroom_Live.frames1fps/002866.jpg,No,.95,N/A,No,.95,N/A
CNNW_20210110_050000_CNN_Newsroom_Live.frames1fps/002867.jpg,No,.95,N/A,No,.95,N/A
CNNW_20210110_050000_CNN_Newsroom_Live.frames1fps/002868.jpg,No,.95,N/A,No,.95,N/A
CNNW_20210110_050000_CNN_Newsroom_Live.frames1fps/002869.jpg,No,.95,N/A,No,.95,N/A
CNNW_20210110_050000_CNN_Newsroom_Live.frames1fps/002870.jpg,No,.95,N/A,No,.95,N/A
CNNW_20210110_050000_CNN_Newsroom_Live.frames1fps/002871.jpg,No,.95,N/A,No,.95,N/A
CNNW_20210110_050000_CNN_Newsroom_Live.frames1fps/002872.jpg,No,.95,N/A,No,.95,N/A
CNNW_20210110_050000_CNN_Newsroom_Live.frames1fps/002873.jpg,No,.95,N/A,No,.95,N/A
CNNW_20210110_050000_CNN_Newsroom_Live.frames1fps/002874.jpg,No,.95,N/A,No,.95,N/A
CNNW_20210110_050000_CNN_Newsroom_Live.frames1fps/002875.jpg,No,.95,N/A,No,.95,N/A
CNNW_20210110_050000_CNN_Newsroom_Live.frames1fps/002876.jpg,No,.95,N/A,No,.95,N/A
CNNW_20210110_050000_CNN_Newsroom_Live.frames1fps/002877.jpg,No,.95,N/A,No,.95,N/A
CNNW_20210110_050000_CNN_Newsroom_Live.frames1fps/002878.jpg,No,.95,N/A,No,.95,N/A
CNNW_20210110_050000_CNN_Newsroom_Live.frames1fps/002879.jpg,No,.95,N/A,No,.95,N/A
CNNW_20210110_050000_CNN_Newsroom_Live.frames1fps/002880.jpg,No,.95,N/A,No,.95,N/A
CNNW_20210110_050000_CNN_Newsroom_Live.frames1fps/002881.jpg,No,.95,N/A,No,.95,N/A
CNNW_20210110_050000_CNN_Newsroom_Live.frames1fps/002882.jpg,No,.95,N/A,No,.95,N/A
CNNW_20210110_050000_CNN_Newsroom_Live.frames1fps/002883.jpg,No,.95,N/A,No,.95,N/A
CNNW_20210110_050000_CNN_Newsroom_Live.frames1fps/002884.jpg,No,.95,N/A,No,.95,N/A
CNNW_20210110_050000_CNN_Newsroom_Live.frames1fps/002885.jpg,No,.95,N/A,No,.95,N/A
CNNW_20210110_050000_CNN_Newsroom_Live.frames1fps/002886.jpg,No,.95,N/A,No,.95,N/A
CNNW_20210110_050000_CNN_Newsroom_Live.frames1fps/002887.jpg,No,.95,N/A,No,.95,N/A
CNNW_20210110_050000_CNN_Newsroom_Live.frames1fps/002888.jpg,No,.95,N/A,No,.95,N/A
CNNW_20210110_050000_CNN_Newsroom_Live.frames1fps/002889.jpg,No,.95,N/A,No,.95,N/A
CNNW_20210110_050000_CNN_Newsroom_Live.frames1fps/002890.jpg,No,.95,N/A,No,.95,N/A
CNNW_20210110_050000_CNN_Newsroom_Live.frames1fps/002891.jpg,No,.95,N/A,No,.95,N/A
CNNW_20210110_050000_CNN_Newsroom_Live.frames1fps/002892.jpg,No,.95,N/A,No,.95,N/A
CNNW_20210110_050000_CNN_Newsroom_Live.frames1fps/002893.jpg,No,.95,N/A,No,.95,N/A
CNNW_20210110_050000_CNN_Newsroom_Live.frames1fps/002894.jpg,No,.95,N/A,No,.95,N/A
CNNW_20210110_050000_CNN_Newsroom_Live.frames1fps/002895.jpg,No,.95,N/A,No,.95,N/A
CNNW_20210110_050000_CNN_Newsroom_Live.frames1fps/002896.jpg,No,.95,N/A,No,.95,N/A
CNNW_20210110_050000_CNN_Newsroom_Live.frames1fps/002897.jpg,No,.95,N/A,No,.95,N/A
CNNW_20210110_050000_CNN_Newsroom_Live.frames1fps/002898.jpg,No,.95,N/A,No,.95,N/A
CNNW_20210110_050000_CNN_Newsroom_Live.frames1fps/002899.jpg,No,.95,N/A,No,.95,N/A
CNNW_20210110_050000_CNN_Newsroom_Live.frames1fps/002900.jpg,No,.95,N/A,No,.95,N/A
CNNW_20210110_050000_CNN_Newsroom_Live.frames1fps/002901.jpg,No,.95,N/A,No,.95,N/A
CNNW_20210110_050000_CNN_Newsroom_Live.frames1fps/002902.jpg,No,.95,N/A,No,.95,N/A
CNNW_20210110_050000_CNN_Newsroom_Live.frames1fps/002903.jpg,No,.95,N/A,No,.95,N/A
CNNW_20210110_050000_CNN_Newsroom_Live.frames1fps/002904.jpg,No,.95,N/A,No,.95,N/A
CNNW_20210110_050000_CNN_Newsroom_Live.frames1fps/002905.jpg,No,.95,N/A,No,.95,N/A
CNNW_20210110_050000_CNN_Newsroom_Live.frames1fps/002906.jpg,No,.95,N/A,No,.95,N/A
CNNW_20210110_050000_CNN_Newsroom_Live.frames1fps/002907.jpg,No,.95,N/A,No,.95,N/A
CNNW_20210110_050000_CNN_Newsroom_Live.frames1fps/002908.jpg,No,.95,N/A,No,.95,N/A
CNNW_20210110_050000_CNN_Newsroom_Live.frames1fps/002909.jpg,No,.95,N/A,No,.95,N/A
CNNW_20210110_050000_CNN_Newsroom_Live.frames1fps/002910.jpg,No,.95,N/A,No,.95,N/A
CNNW_20210110_050000_CNN_Newsroom_Live.frames1fps/002911.jpg,No,.95,N/A,No,.95,N/A
CNNW_20210110_050000_CNN_Newsroom_Live.frames1fps/002912.jpg,No,.95,N/A,No,.95,N/A
CNNW_20210110_050000_CNN_Newsroom_Live.frames1fps/002913.jpg,No,.95,N/A,No,.95,N/A
CNNW_20210110_050000_CNN_Newsroom_Live.frames1fps/002914.jpg,No,.95,N/A,No,.95,N/A
CNNW_20210110_050000_CNN_Newsroom_Live.frames1fps/002915.jpg,No,.95,N/A,No,.95,N/A
CNNW_20210110_050000_CNN_Newsroom_Live.frames1fps/002916.jpg,No,.95,N/A,No,.95,N/A
CNNW_20210110_050000_CNN_Newsroom_Live.frames1fps/002917.jpg,No,.95,N/A,No,.95,N/A
CNNW_20210110_050000_CNN_Newsroom_Live.frames1fps/002918.jpg,No,.95,N/A,No,.95,N/A
CNNW_20210110_050000_CNN_Newsroom_Live.frames1fps/002919.jpg,No,.95,N/A,No,.95,N/A
CNNW_20210110_050000_CNN_Newsroom_Live.frames1fps/002920.jpg,No,.95,N/A,No,.95,N/A
CNNW_20210110_050000_CNN_Newsroom_Live.frames1fps/002921.jpg,No,.95,N/A,No,.95,N/A
CNNW_20210110_050000_CNN_Newsroom_Live.frames1fps/002922.jpg,No,.95,N/A,No,.95,N/A
CNNW_20210110_050000_CNN_Newsroom_Live.frames1fps/002923.jpg,No,.95,N/A,No,.95,N/A
CNNW_20210110_050000_CNN_Newsroom_Live.frames1fps/002924.jpg,No,.95,N/A,No,.95,N/A
CNNW_20210110_050000_CNN_Newsroom_Live.frames1fps/002925.jpg,No,.95,N/A,No,.95,N/A
CNNW_20210110_050000_CNN_Newsroom_Live.frames1fps/002926.jpg,No,.95,N/A,No,.95,N/A
CNNW_20210110_050000_CNN_Newsroom_Live.frames1fps/002927.jpg,No,.95,N/A,No,.95,N/A
CNNW_20210110_050000_CNN_Newsroom_Live.frames1fps/002928.jpg,No,.95,N/A,No,.95,N/A
CNNW_20210110_050000_CNN_Newsroom_Live.frames1fps/002929.jpg,No,.95,N/A,No,.95,N/A
CNNW_20210110_050000_CNN_Newsroom_Live.frames1fps/002930.jpg,No,.95,N/A,No,.95,N/A
CNNW_20210110_050000_CNN_Newsroom_Live.frames1fps/002931.jpg,No,.95,N/A,No,.95,N/A
CNNW_20210110_050000_CNN_Newsroom_Live.frames1fps/002932.jpg,No,.95,N/A,No,.95,N/A
CNNW_20210110_050000_CNN_Newsroom_Live.frames1fps/002933.jpg,No,.95,N/A,No,.95,N/A
CNNW_20210110_050000_CNN_Newsroom_Live.frames1fps/002934.jpg,No,.95,N/A,No,.95,N/A
CNNW_20210110_050000_CNN_Newsroom_Live.frames1fps/002935.jpg,No,.95,N/A,No,.95,N/A
CNNW_20210110_050000_CNN_Newsroom_Live.frames1fps/002936.jpg,No,.95,N/A,No,.95,N/A
CNNW_20210110_050000_CNN_Newsroom_Live.frames1fps/002937.jpg,No,.95,N/A,No,.95,N/A
CNNW_20210110_050000_CNN_Newsroom_Live.frames1fps/002938.jpg,No,.95,N/A,No,.95,N/A
CNNW_20210110_050000_CNN_Newsroom_Live.frames1fps/002939.jpg,No,.95,N/A,No,.95,N/A
CNNW_20210110_050000_CNN_Newsroom_Live.frames1fps/002940.jpg,No,.95,N/A,No,.95,N/A
CNNW_20210110_050000_CNN_Newsroom_Live.frames1fps/002941.jpg,No,.95,N/A,No,.95,N/A
CNNW_20210110_050000_CNN_Newsroom_Live.frames1fps/002942.jpg,No,.95,N/A,No,.95,N/A
CNNW_20210110_050000_CNN_Newsroom_Live.frames1fps/002943.jpg,No,.95,N/A,No,.95,N/A
CNNW_20210110_050000_CNN_Newsroom_Live.frames1fps/002944.jpg,No,.95,N/A,No,.95,N/A
CNNW_20210110_050000_CNN_Newsroom_Live.frames1fps/002945.jpg,No,.95,N/A,No,.95,N/A
CNNW_20210110_050000_CNN_Newsroom_Live.frames1fps/002946.jpg,No,.95,N/A,No,.95,N/A
CNNW_20210110_050000_CNN_Newsroom_Live.frames1fps/002947.jpg,No,.95,N/A,No,.95,N/A
CNNW_20210110_050000_CNN_Newsroom_Live.frames1fps/002948.jpg,No,.95,N/A,No,.95,N/A
CNNW_20210110_050000_CNN_Newsroom_Live.frames1fps/002949.jpg,No,.95,N/A,No,.95,N/A
CNNW_20210110_050000_CNN_Newsroom_Live.frames1fps/002950.jpg,No,.95,N/A,No,.95,N/A
CNNW_20210110_050000_CNN_Newsroom_Live.frames1fps/002951.jpg,No,.95,N/A,No,.95,N/A
CNNW_20210110_050000_CNN_Newsroom_Live.frames1fps/002952.jpg,No,.95,N/A,No,.95,N/A
CNNW_20210110_050000_CNN_Newsroom_Live.frames1fps/002953.jpg,No,.95,N/A,No,.95,N/A
CNNW_20210110_050000_CNN_Newsroom_Live.frames1fps/002954.jpg,No,.95,N/A,No,.95,N/A
CNNW_20210110_050000_CNN_Newsroom_Live.frames1fps/002955.jpg,No,.95,N/A,No,.95,N/A
CNNW_20210110_050000_CNN_Newsroom_Live.frames1fps/002956.jpg,No,.95,N/A,No,.95,N/A
CNNW_20210110_050000_CNN_Newsroom_Live.frames1fps/002957.jpg,No,.95,N/A,No,.95,N/A
CNNW_20210110_050000_CNN_Newsroom_Live.frames1fps/002958.jpg,No,.95,N/A,No,.95,N/A
CNNW_20210110_050000_CNN_Newsroom_Live.frames1fps/002959.jpg,No,.95,N/A,No,.95,N/A
CNNW_20210110_050000_CNN_Newsroom_Live.frames1fps/002960.jpg,No,.95,N/A,No,.95,N/A
CNNW_20210110_050000_CNN_Newsroom_Live.frames1fps/002961.jpg,No,.95,N/A,No,.95,N/A
CNNW_20210110_050000_CNN_Newsroom_Live.frames1fps/002962.jpg,No,.95,N/A,No,.95,N/A
CNNW_20210110_050000_CNN_Newsroom_Live.frames1fps/002963.jpg,No,.95,N/A,No,.95,N/A
CNNW_20210110_050000_CNN_Newsroom_Live.frames1fps/002964.jpg,No,.95,N/A,No,.95,N/A
CNNW_20210110_050000_CNN_Newsroom_Live.frames1fps/002965.jpg,No,.95,N/A,No,.95,N/A
CNNW_20210110_050000_CNN_Newsroom_Live.frames1fps/002966.jpg,No,.95,N/A,No,.95,N/A
CNNW_20210110_050000_CNN_Newsroom_Live.frames1fps/002967.jpg,No,.95,N/A,No,.95,N/A
CNNW_20210110_050000_CNN_Newsroom_Live.frames1fps/002968.jpg,No,.95,N/A,No,.95,N/A
CNNW_20210110_050000_CNN_Newsroom_Live.frames1fps/002969.jpg,No,.95,N/A,No,.95,N/A
CNNW_20210110_050000_CNN_Newsroom_Live.frames1fps/002970.jpg,No,.95,N/A,No,.95,N/A
CNNW_20210110_050000_CNN_Newsroom_Live.frames1fps/002971.jpg,No,.95,N/A,No,.95,N/A
CNNW_20210110_050000_CNN_Newsroom_Live.frames1fps/002972.jpg,No,.95,N/A,No,.95,N/A
CNNW_20210110_050000_CNN_Newsroom_Live.frames1fps/002973.jpg,No,.95,N/A,No,.95,N/A
CNNW_20210110_050000_CNN_Newsroom_Live.frames1fps/002974.jpg,No,.95,N/A,No,.95,N/A
CNNW_20210110_050000_CNN_Newsroom_Live.frames1fps/002975.jpg,No,.95,N/A,No,.95,N/A
CNNW_20210110_050000_CNN_Newsroom_Live.frames1fps/002976.jpg,No,.95,N/A,No,.95,N/A
CNNW_20210110_050000_CNN_Newsroom_Live.frames1fps/002977.jpg,No,.95,N/A,No,.95,N/A
CNNW_20210110_050000_CNN_Newsroom_Live.frames1fps/002978.jpg,No,.95,N/A,No,.95,N/A
CNNW_20210110_050000_CNN_Newsroom_Live.frames1fps/002979.jpg,No,.95,N/A,No,.95,N/A
CNNW_20210110_050000_CNN_Newsroom_Live.frames1fps/002980.jpg,No,.95,N/A,No,.95,N/A
CNNW_20210110_050000_CNN_Newsroom_Live.frames1fps/002981.jpg,No,.95,N/A,No,.95,N/A
CNNW_20210110_050000_CNN_Newsroom_Live.frames1fps/002982.jpg,No,.95,N/A,No,.95,N/A
CNNW_20210110_050000_CNN_Newsroom_Live.frames1fps/002983.jpg,No,.95,N/A,No,.95,N/A
CNNW_20210110_050000_CNN_Newsroom_Live.frames1fps/002984.jpg,No,.95,N/A,No,.95,N/A
CNNW_20210110_050000_CNN_Newsroom_Live.frames1fps/002985.jpg,No,.95,N/A,No,.95,N/A
CNNW_20210110_050000_CNN_Newsroom_Live.frames1fps/002986.jpg,No,.95,N/A,No,.95,N/A
CNNW_20210110_050000_CNN_Newsroom_Live.frames1fps/002987.jpg,No,.95,N/A,No,.95,N/A
CNNW_20210110_050000_CNN_Newsroom_Live.frames1fps/002988.jpg,No,.95,N/A,No,.95,N/A
CNNW_20210110_050000_CNN_Newsroom_Live.frames1fps/002989.jpg,No,.95,N/A,No,.95,N/A
CNNW_20210110_050000_CNN_Newsroom_Live.frames1fps/002990.jpg,No,.95,N/A,No,.95,N/A
CNNW_20210110_050000_CNN_Newsroom_Live.frames1fps/002991.jpg,No,.95,N/A,No,.95,N/A
CNNW_20210110_050000_CNN_Newsroom_Live.frames1fps/002992.jpg,No,.95,N/A,No,.95,N/A
CNNW_20210110_050000_CNN_Newsroom_Live.frames1fps/002993.jpg,No,.95,N/A,No,.95,N/A
CNNW_20210110_050000_CNN_Newsroom_Live.frames1fps/002994.jpg,No,.95,N/A,No,.95,N/A
CNNW_20210110_050000_CNN_Newsroom_Live.frames1fps/002995.jpg,No,.95,N/A,No,.95,N/A
CNNW_20210110_050000_CNN_Newsroom_Live.frames1fps/002996.jpg,No,.95,N/A,No,.95,N/A
CNNW_20210110_050000_CNN_Newsroom_Live.frames1fps/002997.jpg,No,.95,N/A,No,.95,N/A
CNNW_20210110_050000_CNN_Newsroom_Live.frames1fps/002998.jpg,No,.95,N/A,No,.95,N/A
CNNW_20210110_050000_CNN_Newsroom_Live.frames1fps/002999.jpg,No,.95,N/A,No,.95,N/A
CNNW_20210110_050000_CNN_Newsroom_Live.frames1fps/003000.jpg,No,.95,N/A,No,.95,N/A
CNNW_20210110_050000_CNN_Newsroom_Live.frames1fps/003001.jpg,No,.95,N/A,No,.95,N/A
CNNW_20210110_050000_CNN_Newsroom_Live.frames1fps/003002.jpg,No,.95,N/A,No,.95,N/A
CNNW_20210110_050000_CNN_Newsroom_Live.frames1fps/003003.jpg,No,.95,N/A,No,.95,N/A
CNNW_20210110_050000_CNN_Newsroom_Live.frames1fps/003004.jpg,No,.95,N/A,No,.95,N/A
CNNW_20210110_050000_CNN_Newsroom_Live.frames1fps/003005.jpg,No,.95,N/A,No,.95,N/A
CNNW_20210110_050000_CNN_Newsroom_Live.frames1fps/003006.jpg,No,.95,N/A,No,.95,N/A
CNNW_20210110_050000_CNN_Newsroom_Live.frames1fps/003007.jpg,No,.95,N/A,No,.95,N/A
CNNW_20210110_050000_CNN_Newsroom_Live.frames1fps/003008.jpg,No,.95,N/A,No,.95,N/A
CNNW_20210110_050000_CNN_Newsroom_Live.frames1fps/003009.jpg,No,.95,N/A,No,.95,N/A
CNNW_20210110_050000_CNN_Newsroom_Live.frames1fps/003010.jpg,No,.95,N/A,No,.95,N/A
CNNW_20210110_050000_CNN_Newsroom_Live.frames1fps/003011.jpg,No,.95,N/A,No,.95,N/A
CNNW_20210110_050000_CNN_Newsroom_Live.frames1fps/003012.jpg,No,.95,N/A,No,.95,N/A
CNNW_20210110_050000_CNN_Newsroom_Live.frames1fps/003013.jpg,No,.95,N/A,No,.95,N/A
CNNW_20210110_050000_CNN_Newsroom_Live.frames1fps/003014.jpg,No,.95,N/A,No,.95,N/A
CNNW_20210110_050000_CNN_Newsroom_Live.frames1fps/003015.jpg,No,.95,N/A,No,.95,N/A
CNNW_20210110_050000_CNN_Newsroom_Live.frames1fps/003016.jpg,No,.95,N/A,No,.95,N/A
CNNW_20210110_050000_CNN_Newsroom_Live.frames1fps/003017.jpg,No,.95,N/A,No,.95,N/A
CNNW_20210110_050000_CNN_Newsroom_Live.frames1fps/003018.jpg,No,.95,N/A,No,.95,N/A
CNNW_20210110_050000_CNN_Newsroom_Live.frames1fps/003019.jpg,No,.95,N/A,No,.95,N/A
CNNW_20210110_050000_CNN_Newsroom_Live.frames1fps/003020.jpg,No,.95,N/A,No,.95,N/A
CNNW_20210110_050000_CNN_Newsroom_Live.frames1fps/003021.jpg,No,.95,N/A,No,.95,N/A
CNNW_20210110_050000_CNN_Newsroom_Live.frames1fps/003022.jpg,No,.95,N/A,No,.95,N/A
CNNW_20210110_050000_CNN_Newsroom_Live.frames1fps/003023.jpg,No,.95,N/A,No,.95,N/A
CNNW_20210110_050000_CNN_Newsroom_Live.frames1fps/003024.jpg,No,.95,N/A,No,.95,N/A
CNNW_20210110_050000_CNN_Newsroom_Live.frames1fps/003025.jpg,No,.95,N/A,No,.95,N/A
CNNW_20210110_050000_CNN_Newsroom_Live.frames1fps/003026.jpg,No,.95,N/A,No,.95,N/A
CNNW_20210110_050000_CNN_Newsroom_Live.frames1fps/003027.jpg,No,.95,N/A,No,.95,N/A
CNNW_20210110_050000_CNN_Newsroom_Live.frames1fps/003028.jpg,No,.95,N/A,No,.95,N/A
CNNW_20210110_050000_CNN_Newsroom_Live.frames1fps/003029.jpg,No,.95,N/A,No,.95,N/A
CNNW_20210110_050000_CNN_Newsroom_Live.frames1fps/003030.jpg,No,.95,N/A,No,.95,N/A
CNNW_20210110_050000_CNN_Newsroom_Live.frames1fps/003031.jpg,No,.95,N/A,No,.95,N/A
CNNW_20210110_050000_CNN_Newsroom_Live.frames1fps/003032.jpg,No,.95,N/A,No,.95,N/A
CNNW_20210110_050000_CNN_Newsroom_Live.frames1fps/003033.jpg,No,.95,N/A,No,.95,N/A
CNNW_20210110_050000_CNN_Newsroom_Live.frames1fps/003034.jpg,No,.95,N/A,No,.95,N/A
CNNW_20210110_050000_CNN_Newsroom_Live.frames1fps/003035.jpg,No,.95,N/A,No,.95,N/A
CNNW_20210110_050000_CNN_Newsroom_Live.frames1fps/003036.jpg,No,.95,N/A,No,.95,N/A
CNNW_20210110_050000_CNN_Newsroom_Live.frames1fps/003037.jpg,No,.95,N/A,No,.95,N/A
CNNW_20210110_050000_CNN_Newsroom_Live.frames1fps/003038.jpg,No,.95,N/A,No,.95,N/A
CNNW_20210110_050000_CNN_Newsroom_Live.frames1fps/003039.jpg,No,.95,N/A,No,.95,N/A
CNNW_20210110_050000_CNN_Newsroom_Live.frames1fps/003040.jpg,No,.95,N/A,No,.95,N/A
CNNW_20210110_050000_CNN_Newsroom_Live.frames1fps/003041.jpg,No,.95,N/A,No,.95,N/A
CNNW_20210110_050000_CNN_Newsroom_Live.frames1fps/003042.jpg,No,.95,N/A,No,.95,N/A
CNNW_20210110_050000_CNN_Newsroom_Live.frames1fps/003043.jpg,No,.95,N/A,No,.95,N/A
CNNW_20210110_050000_CNN_Newsroom_Live.frames1fps/003044.jpg,No,.95,N/A,No,.95,N/A
CNNW_20210110_050000_CNN_Newsroom_Live.frames1fps/003045.jpg,No,.95,N/A,No,.95,N/A
CNNW_20210110_050000_CNN_Newsroom_Live.frames1fps/003046.jpg,No,.95,N/A,No,.95,N/A
CNNW_20210110_050000_CNN_Newsroom_Live.frames1fps/003047.jpg,No,.95,N/A,No,.95,N/A
CNNW_20210110_050000_CNN_Newsroom_Live.frames1fps/003048.jpg,No,.95,N/A,No,.95,N/A
CNNW_20210110_050000_CNN_Newsroom_Live.frames1fps/003049.jpg,No,.95,N/A,No,.95,N/A
CNNW_20210110_050000_CNN_Newsroom_Live.frames1fps/003050.jpg,No,.95,N/A,No,.95,N/A
CNNW_20210110_050000_CNN_Newsroom_Live.frames1fps/003051.jpg,No,.95,N/A,No,.95,N/A
CNNW_20210110_050000_CNN_Newsroom_Live.frames1fps/003052.jpg,No,.95,N/A,No,.95,N/A
CNNW_20210110_050000_CNN_Newsroom_Live.frames1fps/003053.jpg,No,.95,N/A,No,.95,N/A
CNNW_20210110_050000_CNN_Newsroom_Live.frames1fps/003054.jpg,No,.95,N/A,No,.95,N/A
CNNW_20210110_050000_CNN_Newsroom_Live.frames1fps/003055.jpg,No,.95,N/A,No,.95,N/A
CNNW_20210110_050000_CNN_Newsroom_Live.frames1fps/003056.jpg,No,.98,N/A,No,.98,N/A
CNNW_20210110_050000_CNN_Newsroom_Live.frames1fps/003057.jpg,No,.95,N/A,No,.95,N/A
CNNW_20210110_050000_CNN_Newsroom_Live.frames1fps/003058.jpg,No,.95,N/A,No,.95,N/A
CNNW_20210110_050000_CNN_Newsroom_Live.frames1fps/003059.jpg,No,.95,N/A,No,.95,N/A
CNNW_20210110_050000_CNN_Newsroom_Live.frames1fps/003060.jpg,No,1,N/A,No,1,N/A
CNNW_20210110_050000_CNN_Newsroom_Live.frames1fps/003061.jpg,No,.95,N/A,No,.95,N/A
CNNW_20210110_050000_CNN_Newsroom_Live.frames1fps/003062.jpg,No,.95,N/A,No,.95,N/A
CNNW_20210110_050000_CNN_Newsroom_Live.frames1fps/003063.jpg,No,.95,N/A,No,.95,N/A
CNNW_20210110_050000_CNN_Newsroom_Live.frames1fps/003064.jpg,No,.95,N/A,No,.95,N/A
CNNW_20210110_050000_CNN_Newsroom_Live.frames1fps/003065.jpg,No,.95,N/A,No,.95,N/A
CNNW_20210110_050000_CNN_Newsroom_Live.frames1fps/003066.jpg,No,.95,N/A,No,.95,N/A
CNNW_20210110_050000_CNN_Newsroom_Live.frames1fps/003067.jpg,No,.95,N/A,No,.95,N/A
CNNW_20210110_050000_CNN_Newsroom_Live.frames1fps/003068.jpg,No,.95,N/A,No,.95,N/A
CNNW_20210110_050000_CNN_Newsroom_Live.frames1fps/003069.jpg,No,.95,N/A,No,.95,N/A
CNNW_20210110_050000_CNN_Newsroom_Live.frames1fps/003070.jpg,No,.95,N/A,No,.95,N/A
CNNW_20210110_050000_CNN_Newsroom_Live.frames1fps/003071.jpg,No,.95,N/A,No,.95,N/A
CNNW_20210110_050000_CNN_Newsroom_Live.frames1fps/003072.jpg,No,.98,N/A,No,.98,N/A
CNNW_20210110_050000_CNN_Newsroom_Live.frames1fps/003073.jpg,No,.95,N/A,No,.95,N/A
CNNW_20210110_050000_CNN_Newsroom_Live.frames1fps/003074.jpg,No,.95,N/A,No,.95,N/A
CNNW_20210110_050000_CNN_Newsroom_Live.frames1fps/003075.jpg,No,.98,N/A,No,.98,N/A
CNNW_20210110_050000_CNN_Newsroom_Live.frames1fps/003076.jpg,No,.95,N/A,No,.95,N/A
CNNW_20210110_050000_CNN_Newsroom_Live.frames1fps/003077.jpg,No,.98,N/A,No,.98,N/A
CNNW_20210110_050000_CNN_Newsroom_Live.frames1fps/003078.jpg,No,.98,N/A,No,.98,N/A
CNNW_20210110_050000_CNN_Newsroom_Live.frames1fps/003079.jpg,No,.98,N/A,No,.98,N/A
CNNW_20210110_050000_CNN_Newsroom_Live.frames1fps/003080.jpg,No,.98,N/A,No,.98,N/A
CNNW_20210110_050000_CNN_Newsroom_Live.frames1fps/003081.jpg,No,.98,N/A,No,.98,N/A
CNNW_20210110_050000_CNN_Newsroom_Live.frames1fps/003082.jpg,No,.98,N/A,No,.98,N/A
CNNW_20210110_050000_CNN_Newsroom_Live.frames1fps/003083.jpg,No,.95,N/A,No,.95,N/A
CNNW_20210110_050000_CNN_Newsroom_Live.frames1fps/003084.jpg,No,.98,N/A,No,.98,N/A
CNNW_20210110_050000_CNN_Newsroom_Live.frames1fps/003085.jpg,No,.95,N/A,No,.95,N/A
CNNW_20210110_050000_CNN_Newsroom_Live.frames1fps/003086.jpg,No,.95,N/A,No,.95,N/A
CNNW_20210110_050000_CNN_Newsroom_Live.frames1fps/003087.jpg,No,.98,N/A,No,.98,N/A
CNNW_20210110_050000_CNN_Newsroom_Live.frames1fps/003088.jpg,No,.98,N/A,No,.98,N/A
CNNW_20210110_050000_CNN_Newsroom_Live.frames1fps/003089.jpg,No,.98,N/A,No,.98,N/A
CNNW_20210110_050000_CNN_Newsroom_Live.frames1fps/003090.jpg,No,1,N/A,No,1,N/A
CNNW_20210110_050000_CNN_Newsroom_Live.frames1fps/003091.jpg,No,1,N/A,No,1,N/A
CNNW_20210110_050000_CNN_Newsroom_Live.frames1fps/003092.jpg,No,.95,N/A,No,.95,N/A
CNNW_20210110_050000_CNN_Newsroom_Live.frames1fps/003093.jpg,No,.95,N/A,No,.95,N/A
CNNW_20210110_050000_CNN_Newsroom_Live.frames1fps/003094.jpg,No,.95,N/A,No,.95,N/A
CNNW_20210110_050000_CNN_Newsroom_Live.frames1fps/003095.jpg,No,.95,N/A,No,.95,N/A
CNNW_20210110_050000_CNN_Newsroom_Live.frames1fps/003096.jpg,No,.95,N/A,No,.95,N/A
CNNW_20210110_050000_CNN_Newsroom_Live.frames1fps/003097.jpg,No,.95,N/A,No,.95,N/A
CNNW_20210110_050000_CNN_Newsroom_Live.frames1fps/003098.jpg,No,.95,N/A,No,.95,N/A
CNNW_20210110_050000_CNN_Newsroom_Live.frames1fps/003099.jpg,No,.95,N/A,No,.95,N/A
CNNW_20210110_050000_CNN_Newsroom_Live.frames1fps/003100.jpg,No,.95,N/A,No,.95,N/A
CNNW_20210110_050000_CNN_Newsroom_Live.frames1fps/003101.jpg,No,.95,N/A,No,.95,N/A
CNNW_20210110_050000_CNN_Newsroom_Live.frames1fps/003102.jpg,No,.98,N/A,No,.98,N/A
CNNW_20210110_050000_CNN_Newsroom_Live.frames1fps/003103.jpg,No,.95,N/A,No,.95,N/A
CNNW_20210110_050000_CNN_Newsroom_Live.frames1fps/003104.jpg,No,.95,N/A,No,.95,N/A
CNNW_20210110_050000_CNN_Newsroom_Live.frames1fps/003105.jpg,No,.95,N/A,No,.95,N/A
CNNW_20210110_050000_CNN_Newsroom_Live.frames1fps/003106.jpg,No,.95,N/A,No,.95,N/A
CNNW_20210110_050000_CNN_Newsroom_Live.frames1fps/003107.jpg,No,.95,N/A,No,.95,N/A
CNNW_20210110_050000_CNN_Newsroom_Live.frames1fps/003108.jpg,No,.95,N/A,No,.95,N/A
CNNW_20210110_050000_CNN_Newsroom_Live.frames1fps/003109.jpg,No,.95,N/A,No,.95,N/A
CNNW_20210110_050000_CNN_Newsroom_Live.frames1fps/003110.jpg,No,.95,N/A,No,.95,N/A
CNNW_20210110_050000_CNN_Newsroom_Live.frames1fps/003111.jpg,No,.95,N/A,No,.95,N/A
CNNW_20210110_050000_CNN_Newsroom_Live.frames1fps/003112.jpg,No,.95,N/A,No,.95,N/A
CNNW_20210110_050000_CNN_Newsroom_Live.frames1fps/003113.jpg,No,.95,N/A,No,.95,N/A
CNNW_20210110_050000_CNN_Newsroom_Live.frames1fps/003114.jpg,No,1,N/A,No,1,N/A
CNNW_20210110_050000_CNN_Newsroom_Live.frames1fps/003115.jpg,No,1,N/A,No,1,N/A
CNNW_20210110_050000_CNN_Newsroom_Live.frames1fps/003116.jpg,No,1,N/A,No,1,N/A
CNNW_20210110_050000_CNN_Newsroom_Live.frames1fps/003117.jpg,No,.95,N/A,No,.95,N/A
CNNW_20210110_050000_CNN_Newsroom_Live.frames1fps/003118.jpg,No,.95,N/A,No,.95,N/A
CNNW_20210110_050000_CNN_Newsroom_Live.frames1fps/003119.jpg,No,.95,N/A,No,.95,N/A
CNNW_20210110_050000_CNN_Newsroom_Live.frames1fps/003120.jpg,No,.95,N/A,No,.95,N/A
CNNW_20210110_050000_CNN_Newsroom_Live.frames1fps/003121.jpg,No,.95,N/A,No,.95,N/A
CNNW_20210110_050000_CNN_Newsroom_Live.frames1fps/003122.jpg,No,.95,N/A,No,.95,N/A
CNNW_20210110_050000_CNN_Newsroom_Live.frames1fps/003123.jpg,No,.98,N/A,No,.98,N/A
CNNW_20210110_050000_CNN_Newsroom_Live.frames1fps/003124.jpg,No,.95,N/A,No,.95,N/A
CNNW_20210110_050000_CNN_Newsroom_Live.frames1fps/003125.jpg,No,1,N/A,No,1,N/A
CNNW_20210110_050000_CNN_Newsroom_Live.frames1fps/003126.jpg,No,1,N/A,No,1,N/A
CNNW_20210110_050000_CNN_Newsroom_Live.frames1fps/003127.jpg,No,1,N/A,No,1,N/A
CNNW_20210110_050000_CNN_Newsroom_Live.frames1fps/003128.jpg,No,.95,N/A,No,.95,N/A
CNNW_20210110_050000_CNN_Newsroom_Live.frames1fps/003129.jpg,No,.95,N/A,No,.95,N/A
CNNW_20210110_050000_CNN_Newsroom_Live.frames1fps/003130.jpg,No,.95,N/A,No,.95,N/A
CNNW_20210110_050000_CNN_Newsroom_Live.frames1fps/003131.jpg,No,.95,N/A,No,.95,N/A
CNNW_20210110_050000_CNN_Newsroom_Live.frames1fps/003132.jpg,No,.98,N/A,No,.98,N/A
CNNW_20210110_050000_CNN_Newsroom_Live.frames1fps/003133.jpg,No,1,N/A,No,1,N/A
CNNW_20210110_050000_CNN_Newsroom_Live.frames1fps/003134.jpg,No,1,N/A,No,1,N/A
CNNW_20210110_050000_CNN_Newsroom_Live.frames1fps/003135.jpg,No,1,N/A,No,1,N/A
CNNW_20210110_050000_CNN_Newsroom_Live.frames1fps/003136.jpg,No,.95,N/A,No,.95,N/A
CNNW_20210110_050000_CNN_Newsroom_Live.frames1fps/003137.jpg,No,.95,N/A,No,.95,N/A
CNNW_20210110_050000_CNN_Newsroom_Live.frames1fps/003138.jpg,No,.95,N/A,No,.95,N/A
CNNW_20210110_050000_CNN_Newsroom_Live.frames1fps/003139.jpg,No,.98,N/A,No,.98,N/A
CNNW_20210110_050000_CNN_Newsroom_Live.frames1fps/003140.jpg,No,.95,N/A,No,.95,N/A
CNNW_20210110_050000_CNN_Newsroom_Live.frames1fps/003141.jpg,No,.95,N/A,No,.95,N/A
CNNW_20210110_050000_CNN_Newsroom_Live.frames1fps/003142.jpg,No,1,N/A,No,1,N/A
CNNW_20210110_050000_CNN_Newsroom_Live.frames1fps/003143.jpg,No,.98,N/A,No,.98,N/A
CNNW_20210110_050000_CNN_Newsroom_Live.frames1fps/003144.jpg,No,.98,N/A,No,.98,N/A
CNNW_20210110_050000_CNN_Newsroom_Live.frames1fps/003145.jpg,No,.95,N/A,No,.95,N/A
CNNW_20210110_050000_CNN_Newsroom_Live.frames1fps/003146.jpg,No,.98,N/A,No,.98,N/A
CNNW_20210110_050000_CNN_Newsroom_Live.frames1fps/003147.jpg,No,.95,N/A,No,.95,N/A
CNNW_20210110_050000_CNN_Newsroom_Live.frames1fps/003148.jpg,No,.95,N/A,No,.95,N/A
CNNW_20210110_050000_CNN_Newsroom_Live.frames1fps/003149.jpg,No,.95,N/A,No,.95,N/A
CNNW_20210110_050000_CNN_Newsroom_Live.frames1fps/003150.jpg,No,.95,N/A,No,.95,N/A
CNNW_20210110_050000_CNN_Newsroom_Live.frames1fps/003151.jpg,No,.95,N/A,No,.95,N/A
CNNW_20210110_050000_CNN_Newsroom_Live.frames1fps/003152.jpg,No,.98,N/A,No,.98,N/A
CNNW_20210110_050000_CNN_Newsroom_Live.frames1fps/003153.jpg,No,.98,N/A,No,.98,N/A
CNNW_20210110_050000_CNN_Newsroom_Live.frames1fps/003154.jpg,No,.95,N/A,No,.95,N/A
CNNW_20210110_050000_CNN_Newsroom_Live.frames1fps/003155.jpg,No,.95,N/A,No,.95,N/A
CNNW_20210110_050000_CNN_Newsroom_Live.frames1fps/003156.jpg,No,.95,N/A,No,.95,N/A
CNNW_20210110_050000_CNN_Newsroom_Live.frames1fps/003157.jpg,No,.95,N/A,No,.95,N/A
CNNW_20210110_050000_CNN_Newsroom_Live.frames1fps/003158.jpg,No,.95,N/A,No,.95,N/A
CNNW_20210110_050000_CNN_Newsroom_Live.frames1fps/003159.jpg,No,.95,N/A,No,.95,N/A
CNNW_20210110_050000_CNN_Newsroom_Live.frames1fps/003160.jpg,No,.95,N/A,No,.95,N/A
CNNW_20210110_050000_CNN_Newsroom_Live.frames1fps/003161.jpg,No,.95,N/A,No,.95,N/A
CNNW_20210110_050000_CNN_Newsroom_Live.frames1fps/003162.jpg,No,.95,N/A,No,.95,N/A
CNNW_20210110_050000_CNN_Newsroom_Live.frames1fps/003163.jpg,No,.95,N/A,No,.95,N/A
CNNW_20210110_050000_CNN_Newsroom_Live.frames1fps/003164.jpg,No,.95,N/A,No,.95,N/A
CNNW_20210110_050000_CNN_Newsroom_Live.frames1fps/003165.jpg,No,.95,N/A,No,.95,N/A
CNNW_20210110_050000_CNN_Newsroom_Live.frames1fps/003166.jpg,No,.95,N/A,No,.95,N/A
CNNW_20210110_050000_CNN_Newsroom_Live.frames1fps/003167.jpg,No,.95,N/A,No,.95,N/A
CNNW_20210110_050000_CNN_Newsroom_Live.frames1fps/003168.jpg,No,.95,N/A,No,.95,N/A
CNNW_20210110_050000_CNN_Newsroom_Live.frames1fps/003169.jpg,No,.95,N/A,No,.95,N/A
CNNW_20210110_050000_CNN_Newsroom_Live.frames1fps/003170.jpg,No,.95,N/A,No,.95,N/A
CNNW_20210110_050000_CNN_Newsroom_Live.frames1fps/003171.jpg,No,.95,N/A,No,.95,N/A
CNNW_20210110_050000_CNN_Newsroom_Live.frames1fps/003172.jpg,No,.95,N/A,No,.95,N/A
CNNW_20210110_050000_CNN_Newsroom_Live.frames1fps/003173.jpg,No,.95,N/A,No,.95,N/A
CNNW_20210110_050000_CNN_Newsroom_Live.frames1fps/003174.jpg,No,.95,N/A,No,.95,N/A
CNNW_20210110_050000_CNN_Newsroom_Live.frames1fps/003175.jpg,No,.95,N/A,No,.95,N/A
CNNW_20210110_050000_CNN_Newsroom_Live.frames1fps/003176.jpg,No,.95,N/A,No,.95,N/A
CNNW_20210110_050000_CNN_Newsroom_Live.frames1fps/003177.jpg,No,.95,N/A,No,.95,N/A
CNNW_20210110_050000_CNN_Newsroom_Live.frames1fps/003178.jpg,No,.95,N/A,No,.95,N/A
CNNW_20210110_050000_CNN_Newsroom_Live.frames1fps/003179.jpg,No,.95,N/A,No,.95,N/A
CNNW_20210110_050000_CNN_Newsroom_Live.frames1fps/003180.jpg,No,.95,N/A,No,.95,N/A
CNNW_20210110_050000_CNN_Newsroom_Live.frames1fps/003181.jpg,No,.95,N/A,No,.95,N/A
CNNW_20210110_050000_CNN_Newsroom_Live.frames1fps/003182.jpg,No,.95,N/A,No,.95,N/A
CNNW_20210110_050000_CNN_Newsroom_Live.frames1fps/003183.jpg,No,.95,N/A,No,.95,N/A
CNNW_20210110_050000_CNN_Newsroom_Live.frames1fps/003184.jpg,No,.95,N/A,No,.95,N/A
CNNW_20210110_050000_CNN_Newsroom_Live.frames1fps/003185.jpg,No,.95,N/A,No,.95,N/A
CNNW_20210110_050000_CNN_Newsroom_Live.frames1fps/003186.jpg,No,.95,N/A,No,.95,N/A
CNNW_20210110_050000_CNN_Newsroom_Live.frames1fps/003187.jpg,No,.95,N/A,No,.95,N/A
CNNW_20210110_050000_CNN_Newsroom_Live.frames1fps/003188.jpg,No,.95,N/A,No,.95,N/A
CNNW_20210110_050000_CNN_Newsroom_Live.frames1fps/003189.jpg,No,.95,N/A,No,.95,N/A
CNNW_20210110_050000_CNN_Newsroom_Live.frames1fps/003190.jpg,No,.95,N/A,No,.95,N/A
CNNW_20210110_050000_CNN_Newsroom_Live.frames1fps/003191.jpg,No,.95,N/A,No,.95,N/A
CNNW_20210110_050000_CNN_Newsroom_Live.frames1fps/003192.jpg,No,.95,N/A,No,.95,N/A
CNNW_20210110_050000_CNN_Newsroom_Live.frames1fps/003193.jpg,No,.95,N/A,No,.95,N/A
CNNW_20210110_050000_CNN_Newsroom_Live.frames1fps/003194.jpg,No,.95,N/A,No,.95,N/A
CNNW_20210110_050000_CNN_Newsroom_Live.frames1fps/003195.jpg,No,.95,N/A,No,.95,N/A
CNNW_20210110_050000_CNN_Newsroom_Live.frames1fps/003196.jpg,No,.95,N/A,No,.95,N/A
CNNW_20210110_050000_CNN_Newsroom_Live.frames1fps/003197.jpg,No,.95,N/A,No,.95,N/A
CNNW_20210110_050000_CNN_Newsroom_Live.frames1fps/003198.jpg,No,.95,N/A,No,.95,N/A
CNNW_20210110_050000_CNN_Newsroom_Live.frames1fps/003199.jpg,No,.95,N/A,No,.95,N/A
CNNW_20210110_050000_CNN_Newsroom_Live.frames1fps/003200.jpg,No,.95,N/A,No,.95,N/A
CNNW_20210110_050000_CNN_Newsroom_Live.frames1fps/003201.jpg,No,.95,N/A,No,.95,N/A
CNNW_20210110_050000_CNN_Newsroom_Live.frames1fps/003202.jpg,No,.95,N/A,No,.95,N/A
CNNW_20210110_050000_CNN_Newsroom_Live.frames1fps/003203.jpg,No,.95,N/A,No,.95,N/A
CNNW_20210110_050000_CNN_Newsroom_Live.frames1fps/003204.jpg,No,.95,N/A,No,.95,N/A
CNNW_20210110_050000_CNN_Newsroom_Live.frames1fps/003205.jpg,No,.95,N/A,No,.95,N/A
CNNW_20210110_050000_CNN_Newsroom_Live.frames1fps/003206.jpg,No,.95,N/A,No,.95,N/A
CNNW_20210110_050000_CNN_Newsroom_Live.frames1fps/003207.jpg,No,.95,N/A,No,.95,N/A
CNNW_20210110_050000_CNN_Newsroom_Live.frames1fps/003208.jpg,No,.95,N/A,No,.95,N/A
CNNW_20210110_050000_CNN_Newsroom_Live.frames1fps/003209.jpg,No,.95,N/A,No,.95,N/A
CNNW_20210110_050000_CNN_Newsroom_Live.frames1fps/003210.jpg,No,.95,N/A,No,.95,N/A
CNNW_20210110_050000_CNN_Newsroom_Live.frames1fps/003211.jpg,No,.95,N/A,No,.95,N/A
CNNW_20210110_050000_CNN_Newsroom_Live.frames1fps/003212.jpg,No,.95,N/A,No,.95,N/A
CNNW_20210110_050000_CNN_Newsroom_Live.frames1fps/003213.jpg,No,.95,N/A,No,.95,N/A
CNNW_20210110_050000_CNN_Newsroom_Live.frames1fps/003214.jpg,No,.95,N/A,No,.95,N/A
CNNW_20210110_050000_CNN_Newsroom_Live.frames1fps/003215.jpg,No,.95,N/A,No,.95,N/A
CNNW_20210110_050000_CNN_Newsroom_Live.frames1fps/003216.jpg,No,.95,N/A,No,.95,N/A
CNNW_20210110_050000_CNN_Newsroom_Live.frames1fps/003217.jpg,No,.95,N/A,No,.95,N/A
CNNW_20210110_050000_CNN_Newsroom_Live.frames1fps/003218.jpg,No,.95,N/A,No,.95,N/A
CNNW_20210110_050000_CNN_Newsroom_Live.frames1fps/003219.jpg,No,.95,N/A,No,.95,N/A
CNNW_20210110_050000_CNN_Newsroom_Live.frames1fps/003220.jpg,No,.95,N/A,No,.95,N/A
CNNW_20210110_050000_CNN_Newsroom_Live.frames1fps/003221.jpg,No,.95,N/A,No,.95,N/A
CNNW_20210110_050000_CNN_Newsroom_Live.frames1fps/003222.jpg,No,.95,N/A,No,.95,N/A
CNNW_20210110_050000_CNN_Newsroom_Live.frames1fps/003223.jpg,No,.95,N/A,No,.95,N/A
CNNW_20210110_050000_CNN_Newsroom_Live.frames1fps/003224.jpg,No,.95,N/A,No,.95,N/A
CNNW_20210110_050000_CNN_Newsroom_Live.frames1fps/003225.jpg,No,.95,N/A,No,.95,N/A
CNNW_20210110_050000_CNN_Newsroom_Live.frames1fps/003226.jpg,No,.95,N/A,No,.95,N/A
CNNW_20210110_050000_CNN_Newsroom_Live.frames1fps/003227.jpg,No,.95,N/A,No,.95,N/A
CNNW_20210110_050000_CNN_Newsroom_Live.frames1fps/003228.jpg,No,.95,N/A,No,.95,N/A
CNNW_20210110_050000_CNN_Newsroom_Live.frames1fps/003229.jpg,No,.95,N/A,No,.95,N/A
CNNW_20210110_050000_CNN_Newsroom_Live.frames1fps/003230.jpg,No,.95,N/A,No,.95,N/A
CNNW_20210110_050000_CNN_Newsroom_Live.frames1fps/003231.jpg,No,.95,N/A,No,.95,N/A
CNNW_20210110_050000_CNN_Newsroom_Live.frames1fps/003232.jpg,No,.98,N/A,No,.98,N/A
CNNW_20210110_050000_CNN_Newsroom_Live.frames1fps/003233.jpg,No,.95,N/A,No,.95,N/A
CNNW_20210110_050000_CNN_Newsroom_Live.frames1fps/003234.jpg,No,.95,N/A,No,.95,N/A
CNNW_20210110_050000_CNN_Newsroom_Live.frames1fps/003235.jpg,No,.95,N/A,No,.95,N/A
CNNW_20210110_050000_CNN_Newsroom_Live.frames1fps/003236.jpg,No,.95,N/A,No,.95,N/A
CNNW_20210110_050000_CNN_Newsroom_Live.frames1fps/003237.jpg,No,.95,N/A,No,.95,N/A
CNNW_20210110_050000_CNN_Newsroom_Live.frames1fps/003238.jpg,No,.95,N/A,No,.95,N/A
CNNW_20210110_050000_CNN_Newsroom_Live.frames1fps/003239.jpg,No,.95,N/A,No,.95,N/A
CNNW_20210110_050000_CNN_Newsroom_Live.frames1fps/003240.jpg,No,.95,N/A,No,.95,N/A
CNNW_20210110_050000_CNN_Newsroom_Live.frames1fps/003241.jpg,No,.95,N/A,No,.95,N/A
CNNW_20210110_050000_CNN_Newsroom_Live.frames1fps/003242.jpg,No,.95,N/A,No,.95,N/A
CNNW_20210110_050000_CNN_Newsroom_Live.frames1fps/003243.jpg,No,.95,N/A,No,.95,N/A
CNNW_20210110_050000_CNN_Newsroom_Live.frames1fps/003244.jpg,No,.95,N/A,No,.95,N/A
CNNW_20210110_050000_CNN_Newsroom_Live.frames1fps/003245.jpg,No,.95,N/A,No,.95,N/A
CNNW_20210110_050000_CNN_Newsroom_Live.frames1fps/003246.jpg,No,.95,N/A,No,.95,N/A
CNNW_20210110_050000_CNN_Newsroom_Live.frames1fps/003247.jpg,No,.95,N/A,No,.95,N/A
CNNW_20210110_050000_CNN_Newsroom_Live.frames1fps/003248.jpg,No,.95,N/A,No,.95,N/A
CNNW_20210110_050000_CNN_Newsroom_Live.frames1fps/003249.jpg,No,.95,N/A,No,.95,N/A
CNNW_20210110_050000_CNN_Newsroom_Live.frames1fps/003250.jpg,No,.95,N/A,No,.95,N/A
CNNW_20210110_050000_CNN_Newsroom_Live.frames1fps/003251.jpg,No,.95,N/A,No,.95,N/A
CNNW_20210110_050000_CNN_Newsroom_Live.frames1fps/003252.jpg,No,.95,N/A,No,.95,N/A
CNNW_20210110_050000_CNN_Newsroom_Live.frames1fps/003253.jpg,No,.95,N/A,No,.95,N/A
CNNW_20210110_050000_CNN_Newsroom_Live.frames1fps/003254.jpg,No,.95,N/A,No,.95,N/A
CNNW_20210110_050000_CNN_Newsroom_Live.frames1fps/003255.jpg,No,.95,N/A,No,.95,N/A
CNNW_20210110_050000_CNN_Newsroom_Live.frames1fps/003256.jpg,No,.95,N/A,No,.95,N/A
CNNW_20210110_050000_CNN_Newsroom_Live.frames1fps/003257.jpg,No,.95,N/A,No,.95,N/A
CNNW_20210110_050000_CNN_Newsroom_Live.frames1fps/003258.jpg,No,.95,N/A,No,.95,N/A
CNNW_20210110_050000_CNN_Newsroom_Live.frames1fps/003259.jpg,No,.95,N/A,No,.95,N/A
CNNW_20210110_050000_CNN_Newsroom_Live.frames1fps/003260.jpg,No,.95,N/A,No,.95,N/A
CNNW_20210110_050000_CNN_Newsroom_Live.frames1fps/003261.jpg,No,.95,N/A,No,.95,N/A
CNNW_20210110_050000_CNN_Newsroom_Live.frames1fps/003262.jpg,No,.95,N/A,No,.95,N/A
CNNW_20210110_050000_CNN_Newsroom_Live.frames1fps/003263.jpg,No,.95,N/A,No,.95,N/A
CNNW_20210110_050000_CNN_Newsroom_Live.frames1fps/003264.jpg,No,.95,N/A,No,.95,N/A
CNNW_20210110_050000_CNN_Newsroom_Live.frames1fps/003265.jpg,No,.95,N/A,No,.95,N/A
CNNW_20210110_050000_CNN_Newsroom_Live.frames1fps/003266.jpg,No,.95,N/A,No,.95,N/A
CNNW_20210110_050000_CNN_Newsroom_Live.frames1fps/003267.jpg,No,1,N/A,No,1,N/A
CNNW_20210110_050000_CNN_Newsroom_Live.frames1fps/003268.jpg,No,1,N/A,No,1,N/A
CNNW_20210110_050000_CNN_Newsroom_Live.frames1fps/003269.jpg,No,1,N/A,No,1,N/A
CNNW_20210110_050000_CNN_Newsroom_Live.frames1fps/003270.jpg,No,1,N/A,No,1,N/A
CNNW_20210110_050000_CNN_Newsroom_Live.frames1fps/003271.jpg,No,1,N/A,No,1,N/A
CNNW_20210110_050000_CNN_Newsroom_Live.frames1fps/003272.jpg,No,.95,N/A,No,.95,N/A
CNNW_20210110_050000_CNN_Newsroom_Live.frames1fps/003273.jpg,No,.95,N/A,No,.95,N/A
CNNW_20210110_050000_CNN_Newsroom_Live.frames1fps/003274.jpg,No,.95,N/A,No,.95,N/A
CNNW_20210110_050000_CNN_Newsroom_Live.frames1fps/003275.jpg,No,.95,N/A,No,.95,N/A
CNNW_20210110_050000_CNN_Newsroom_Live.frames1fps/003276.jpg,No,.95,N/A,No,.95,N/A
CNNW_20210110_050000_CNN_Newsroom_Live.frames1fps/003277.jpg,No,.95,N/A,No,.95,N/A
CNNW_20210110_050000_CNN_Newsroom_Live.frames1fps/003278.jpg,No,.95,N/A,No,.95,N/A
CNNW_20210110_050000_CNN_Newsroom_Live.frames1fps/003279.jpg,No,.95,N/A,No,.95,N/A
CNNW_20210110_050000_CNN_Newsroom_Live.frames1fps/003280.jpg,No,.95,N/A,No,.95,N/A
CNNW_20210110_050000_CNN_Newsroom_Live.frames1fps/003281.jpg,No,.95,N/A,No,.95,N/A
CNNW_20210110_050000_CNN_Newsroom_Live.frames1fps/003282.jpg,No,.98,N/A,No,.98,N/A
CNNW_20210110_050000_CNN_Newsroom_Live.frames1fps/003283.jpg,No,.95,N/A,No,.95,N/A
CNNW_20210110_050000_CNN_Newsroom_Live.frames1fps/003284.jpg,No,.95,N/A,No,.95,N/A
CNNW_20210110_050000_CNN_Newsroom_Live.frames1fps/003285.jpg,No,.95,N/A,No,.95,N/A
CNNW_20210110_050000_CNN_Newsroom_Live.frames1fps/003286.jpg,No,.95,N/A,No,.95,N/A
CNNW_20210110_050000_CNN_Newsroom_Live.frames1fps/003287.jpg,No,.95,N/A,No,.95,N/A
CNNW_20210110_050000_CNN_Newsroom_Live.frames1fps/003288.jpg,No,.95,N/A,No,.95,N/A
CNNW_20210110_050000_CNN_Newsroom_Live.frames1fps/003289.jpg,No,.95,N/A,No,.95,N/A
CNNW_20210110_050000_CNN_Newsroom_Live.frames1fps/003290.jpg,No,.95,N/A,No,.95,N/A
CNNW_20210110_050000_CNN_Newsroom_Live.frames1fps/003291.jpg,No,.95,N/A,No,.95,N/A
CNNW_20210110_050000_CNN_Newsroom_Live.frames1fps/003292.jpg,No,.95,N/A,No,.95,N/A
CNNW_20210110_050000_CNN_Newsroom_Live.frames1fps/003293.jpg,No,.95,N/A,No,.95,N/A
CNNW_20210110_050000_CNN_Newsroom_Live.frames1fps/003294.jpg,No,.95,N/A,No,.95,N/A
CNNW_20210110_050000_CNN_Newsroom_Live.frames1fps/003295.jpg,No,.95,N/A,No,.95,N/A
CNNW_20210110_050000_CNN_Newsroom_Live.frames1fps/003296.jpg,No,.95,N/A,No,.95,N/A
CNNW_20210110_050000_CNN_Newsroom_Live.frames1fps/003297.jpg,No,.95,N/A,No,.95,N/A
CNNW_20210110_050000_CNN_Newsroom_Live.frames1fps/003298.jpg,No,.95,N/A,No,.95,N/A
CNNW_20210110_050000_CNN_Newsroom_Live.frames1fps/003299.jpg,No,.95,N/A,No,.95,N/A
CNNW_20210110_050000_CNN_Newsroom_Live.frames1fps/003300.jpg,No,.95,N/A,No,.95,N/A
CNNW_20210110_050000_CNN_Newsroom_Live.frames1fps/003301.jpg,No,.95,N/A,No,.95,N/A
CNNW_20210110_050000_CNN_Newsroom_Live.frames1fps/003302.jpg,No,.95,N/A,No,.95,N/A
CNNW_20210110_050000_CNN_Newsroom_Live.frames1fps/003303.jpg,No,.95,N/A,No,.95,N/A
CNNW_20210110_050000_CNN_Newsroom_Live.frames1fps/003304.jpg,No,.95,N/A,No,.95,N/A
CNNW_20210110_050000_CNN_Newsroom_Live.frames1fps/003305.jpg,No,.95,N/A,No,.95,N/A
CNNW_20210110_050000_CNN_Newsroom_Live.frames1fps/003306.jpg,No,.95,N/A,No,.95,N/A
CNNW_20210110_050000_CNN_Newsroom_Live.frames1fps/003307.jpg,No,.95,N/A,No,.95,N/A
CNNW_20210110_050000_CNN_Newsroom_Live.frames1fps/003308.jpg,No,.95,N/A,No,.95,N/A
CNNW_20210110_050000_CNN_Newsroom_Live.frames1fps/003309.jpg,No,.95,N/A,No,.95,N/A
CNNW_20210110_050000_CNN_Newsroom_Live.frames1fps/003310.jpg,No,.95,N/A,No,.95,N/A
CNNW_20210110_050000_CNN_Newsroom_Live.frames1fps/003311.jpg,No,.95,N/A,No,.95,N/A
CNNW_20210110_050000_CNN_Newsroom_Live.frames1fps/003312.jpg,No,.95,N/A,No,.95,N/A
CNNW_20210110_050000_CNN_Newsroom_Live.frames1fps/003313.jpg,No,.95,N/A,No,.95,N/A
CNNW_20210110_050000_CNN_Newsroom_Live.frames1fps/003314.jpg,No,.95,N/A,No,.95,N/A
CNNW_20210110_050000_CNN_Newsroom_Live.frames1fps/003315.jpg,No,.95,N/A,No,.95,N/A
CNNW_20210110_050000_CNN_Newsroom_Live.frames1fps/003316.jpg,No,.95,N/A,No,.95,N/A
CNNW_20210110_050000_CNN_Newsroom_Live.frames1fps/003317.jpg,No,.95,N/A,No,.95,N/A
CNNW_20210110_050000_CNN_Newsroom_Live.frames1fps/003318.jpg,No,.95,N/A,No,.95,N/A
CNNW_20210110_050000_CNN_Newsroom_Live.frames1fps/003319.jpg,No,.95,N/A,No,.95,N/A
CNNW_20210110_050000_CNN_Newsroom_Live.frames1fps/003320.jpg,No,.95,N/A,No,.95,N/A
CNNW_20210110_050000_CNN_Newsroom_Live.frames1fps/003321.jpg,No,.95,N/A,No,.95,N/A
CNNW_20210110_050000_CNN_Newsroom_Live.frames1fps/003322.jpg,No,.95,N/A,No,.95,N/A
CNNW_20210110_050000_CNN_Newsroom_Live.frames1fps/003323.jpg,No,.95,N/A,No,.95,N/A
CNNW_20210110_050000_CNN_Newsroom_Live.frames1fps/003324.jpg,No,.95,N/A,No,.95,N/A
CNNW_20210110_050000_CNN_Newsroom_Live.frames1fps/003325.jpg,No,.95,N/A,No,.95,N/A
CNNW_20210110_050000_CNN_Newsroom_Live.frames1fps/003326.jpg,No,.95,N/A,No,.95,N/A
CNNW_20210110_050000_CNN_Newsroom_Live.frames1fps/003327.jpg,No,.95,N/A,No,.95,N/A
CNNW_20210110_050000_CNN_Newsroom_Live.frames1fps/003328.jpg,No,.95,N/A,No,.95,N/A
CNNW_20210110_050000_CNN_Newsroom_Live.frames1fps/003329.jpg,No,.95,N/A,No,.95,N/A
CNNW_20210110_050000_CNN_Newsroom_Live.frames1fps/003330.jpg,No,.95,N/A,No,.95,N/A
CNNW_20210110_050000_CNN_Newsroom_Live.frames1fps/003331.jpg,No,.95,N/A,No,.95,N/A
CNNW_20210110_050000_CNN_Newsroom_Live.frames1fps/003332.jpg,No,.95,N/A,No,.95,N/A
CNNW_20210110_050000_CNN_Newsroom_Live.frames1fps/003333.jpg,No,.95,N/A,No,.95,N/A
CNNW_20210110_050000_CNN_Newsroom_Live.frames1fps/003334.jpg,No,.95,N/A,No,.95,N/A
CNNW_20210110_050000_CNN_Newsroom_Live.frames1fps/003335.jpg,No,.95,N/A,No,.95,N/A
CNNW_20210110_050000_CNN_Newsroom_Live.frames1fps/003336.jpg,No,.95,N/A,No,.95,N/A
CNNW_20210110_050000_CNN_Newsroom_Live.frames1fps/003337.jpg,No,.95,N/A,No,.95,N/A
CNNW_20210110_050000_CNN_Newsroom_Live.frames1fps/003338.jpg,No,.95,N/A,No,.95,N/A
CNNW_20210110_050000_CNN_Newsroom_Live.frames1fps/003339.jpg,No,.95,N/A,No,.95,N/A
CNNW_20210110_050000_CNN_Newsroom_Live.frames1fps/003340.jpg,No,.95,N/A,No,.95,N/A
CNNW_20210110_050000_CNN_Newsroom_Live.frames1fps/003341.jpg,No,.95,N/A,No,.95,N/A
CNNW_20210110_050000_CNN_Newsroom_Live.frames1fps/003342.jpg,No,.95,N/A,No,.95,N/A
CNNW_20210110_050000_CNN_Newsroom_Live.frames1fps/003343.jpg,No,.95,N/A,No,.95,N/A
CNNW_20210110_050000_CNN_Newsroom_Live.frames1fps/003344.jpg,No,.95,N/A,No,.95,N/A
CNNW_20210110_050000_CNN_Newsroom_Live.frames1fps/003345.jpg,No,.95,N/A,No,.95,N/A
CNNW_20210110_050000_CNN_Newsroom_Live.frames1fps/003346.jpg,No,.95,N/A,No,.95,N/A
CNNW_20210110_050000_CNN_Newsroom_Live.frames1fps/003347.jpg,No,.95,N/A,No,.95,N/A
CNNW_20210110_050000_CNN_Newsroom_Live.frames1fps/003348.jpg,No,.95,N/A,No,.95,N/A
CNNW_20210110_050000_CNN_Newsroom_Live.frames1fps/003349.jpg,No,.95,N/A,No,.95,N/A
CNNW_20210110_050000_CNN_Newsroom_Live.frames1fps/003350.jpg,No,.95,N/A,No,.95,N/A
CNNW_20210110_050000_CNN_Newsroom_Live.frames1fps/003351.jpg,No,.95,N/A,No,.95,N/A
CNNW_20210110_050000_CNN_Newsroom_Live.frames1fps/003352.jpg,No,.95,N/A,No,.95,N/A
CNNW_20210110_050000_CNN_Newsroom_Live.frames1fps/003353.jpg,No,.95,N/A,No,.95,N/A
CNNW_20210110_050000_CNN_Newsroom_Live.frames1fps/003354.jpg,No,.95,N/A,No,.95,N/A
CNNW_20210110_050000_CNN_Newsroom_Live.frames1fps/003355.jpg,No,.95,N/A,No,.95,N/A
CNNW_20210110_050000_CNN_Newsroom_Live.frames1fps/003356.jpg,No,.95,N/A,No,.95,N/A
CNNW_20210110_050000_CNN_Newsroom_Live.frames1fps/003357.jpg,No,.95,N/A,No,.95,N/A
CNNW_20210110_050000_CNN_Newsroom_Live.frames1fps/003358.jpg,No,.95,N/A,No,.95,N/A
CNNW_20210110_050000_CNN_Newsroom_Live.frames1fps/003359.jpg,No,.95,N/A,No,.95,N/A
CNNW_20210110_050000_CNN_Newsroom_Live.frames1fps/003360.jpg,No,.95,N/A,No,.95,N/A
CNNW_20210110_050000_CNN_Newsroom_Live.frames1fps/003361.jpg,No,.95,N/A,No,.95,N/A
CNNW_20210110_050000_CNN_Newsroom_Live.frames1fps/003362.jpg,No,.95,N/A,No,.95,N/A
CNNW_20210110_050000_CNN_Newsroom_Live.frames1fps/003363.jpg,No,.95,N/A,No,.95,N/A
CNNW_20210110_050000_CNN_Newsroom_Live.frames1fps/003364.jpg,No,.95,N/A,No,.95,N/A
CNNW_20210110_050000_CNN_Newsroom_Live.frames1fps/003365.jpg,No,.95,N/A,No,.95,N/A
CNNW_20210110_050000_CNN_Newsroom_Live.frames1fps/003366.jpg,No,.95,N/A,No,.95,N/A
CNNW_20210110_050000_CNN_Newsroom_Live.frames1fps/003367.jpg,No,.95,N/A,No,.95,N/A
CNNW_20210110_050000_CNN_Newsroom_Live.frames1fps/003368.jpg,No,.95,N/A,No,.95,N/A
CNNW_20210110_050000_CNN_Newsroom_Live.frames1fps/003369.jpg,No,.95,N/A,No,.95,N/A
CNNW_20210110_050000_CNN_Newsroom_Live.frames1fps/003370.jpg,No,.95,N/A,No,.95,N/A
CNNW_20210110_050000_CNN_Newsroom_Live.frames1fps/003371.jpg,No,.95,N/A,No,.95,N/A
CNNW_20210110_050000_CNN_Newsroom_Live.frames1fps/003372.jpg,No,.95,N/A,No,.95,N/A
CNNW_20210110_050000_CNN_Newsroom_Live.frames1fps/003373.jpg,No,.95,N/A,No,.95,N/A
CNNW_20210110_050000_CNN_Newsroom_Live.frames1fps/003374.jpg,No,.95,N/A,No,.95,N/A
CNNW_20210110_050000_CNN_Newsroom_Live.frames1fps/003375.jpg,No,.95,N/A,No,.95,N/A
CNNW_20210110_050000_CNN_Newsroom_Live.frames1fps/003376.jpg,No,.95,N/A,No,.95,N/A
CNNW_20210110_050000_CNN_Newsroom_Live.frames1fps/003377.jpg,No,.95,N/A,No,.95,N/A
CNNW_20210110_050000_CNN_Newsroom_Live.frames1fps/003378.jpg,No,.95,N/A,No,.95,N/A
CNNW_20210110_050000_CNN_Newsroom_Live.frames1fps/003379.jpg,No,.95,N/A,No,.95,N/A
CNNW_20210110_050000_CNN_Newsroom_Live.frames1fps/003380.jpg,No,.95,N/A,No,.95,N/A
CNNW_20210110_050000_CNN_Newsroom_Live.frames1fps/003381.jpg,No,.95,N/A,No,.95,N/A
CNNW_20210110_050000_CNN_Newsroom_Live.frames1fps/003382.jpg,No,.95,N/A,No,.95,N/A
CNNW_20210110_050000_CNN_Newsroom_Live.frames1fps/003383.jpg,No,.95,N/A,No,.95,N/A
CNNW_20210110_050000_CNN_Newsroom_Live.frames1fps/003384.jpg,No,.95,N/A,No,.95,N/A
CNNW_20210110_050000_CNN_Newsroom_Live.frames1fps/003385.jpg,No,.95,N/A,No,.95,N/A
CNNW_20210110_050000_CNN_Newsroom_Live.frames1fps/003386.jpg,No,.95,N/A,No,.95,N/A
CNNW_20210110_050000_CNN_Newsroom_Live.frames1fps/003387.jpg,No,.95,N/A,No,.95,N/A
CNNW_20210110_050000_CNN_Newsroom_Live.frames1fps/003388.jpg,No,.95,N/A,No,.95,N/A
CNNW_20210110_050000_CNN_Newsroom_Live.frames1fps/003389.jpg,No,.95,N/A,No,.95,N/A
CNNW_20210110_050000_CNN_Newsroom_Live.frames1fps/003390.jpg,No,.95,N/A,No,.95,N/A
CNNW_20210110_050000_CNN_Newsroom_Live.frames1fps/003391.jpg,No,.95,N/A,No,.95,N/A
CNNW_20210110_050000_CNN_Newsroom_Live.frames1fps/003392.jpg,No,.95,N/A,No,.95,N/A
CNNW_20210110_050000_CNN_Newsroom_Live.frames1fps/003393.jpg,No,.95,N/A,No,.95,N/A
CNNW_20210110_050000_CNN_Newsroom_Live.frames1fps/003394.jpg,No,.95,N/A,No,.95,N/A
CNNW_20210110_050000_CNN_Newsroom_Live.frames1fps/003395.jpg,No,.95,N/A,No,.95,N/A
CNNW_20210110_050000_CNN_Newsroom_Live.frames1fps/003396.jpg,No,.95,N/A,No,.95,N/A
CNNW_20210110_050000_CNN_Newsroom_Live.frames1fps/003397.jpg,No,.95,N/A,No,.95,N/A
CNNW_20210110_050000_CNN_Newsroom_Live.frames1fps/003398.jpg,No,.95,N/A,No,.95,N/A
CNNW_20210110_050000_CNN_Newsroom_Live.frames1fps/003399.jpg,No,.95,N/A,No,.95,N/A
CNNW_20210110_050000_CNN_Newsroom_Live.frames1fps/003400.jpg,No,.95,N/A,No,.95,N/A
CNNW_20210110_050000_CNN_Newsroom_Live.frames1fps/003401.jpg,No,.95,N/A,No,.95,N/A
CNNW_20210110_050000_CNN_Newsroom_Live.frames1fps/003402.jpg,No,.95,N/A,No,.95,N/A
CNNW_20210110_050000_CNN_Newsroom_Live.frames1fps/003403.jpg,No,.95,N/A,No,.95,N/A
CNNW_20210110_050000_CNN_Newsroom_Live.frames1fps/003404.jpg,No,.95,N/A,No,.95,N/A
CNNW_20210110_050000_CNN_Newsroom_Live.frames1fps/003405.jpg,No,.95,N/A,No,.95,N/A
CNNW_20210110_050000_CNN_Newsroom_Live.frames1fps/003406.jpg,No,.95,N/A,No,.95,N/A
CNNW_20210110_050000_CNN_Newsroom_Live.frames1fps/003407.jpg,No,.95,N/A,No,.95,N/A
CNNW_20210110_050000_CNN_Newsroom_Live.frames1fps/003408.jpg,No,.95,N/A,No,.95,N/A
CNNW_20210110_050000_CNN_Newsroom_Live.frames1fps/003409.jpg,No,.95,N/A,No,.95,N/A
CNNW_20210110_050000_CNN_Newsroom_Live.frames1fps/003410.jpg,No,.95,N/A,No,.95,N/A
CNNW_20210110_050000_CNN_Newsroom_Live.frames1fps/003411.jpg,No,.95,N/A,No,.95,N/A
CNNW_20210110_050000_CNN_Newsroom_Live.frames1fps/003412.jpg,No,.95,N/A,No,.95,N/A
CNNW_20210110_050000_CNN_Newsroom_Live.frames1fps/003413.jpg,No,.95,N/A,No,.95,N/A
CNNW_20210110_050000_CNN_Newsroom_Live.frames1fps/003414.jpg,No,.95,N/A,No,.95,N/A
CNNW_20210110_050000_CNN_Newsroom_Live.frames1fps/003415.jpg,No,.95,N/A,No,.95,N/A
CNNW_20210110_050000_CNN_Newsroom_Live.frames1fps/003416.jpg,No,.95,N/A,No,.95,N/A
CNNW_20210110_050000_CNN_Newsroom_Live.frames1fps/003417.jpg,No,.95,N/A,No,.95,N/A
CNNW_20210110_050000_CNN_Newsroom_Live.frames1fps/003418.jpg,No,.95,N/A,No,.95,N/A
CNNW_20210110_050000_CNN_Newsroom_Live.frames1fps/003419.jpg,No,.95,N/A,No,.95,N/A
CNNW_20210110_050000_CNN_Newsroom_Live.frames1fps/003420.jpg,No,.95,N/A,No,.95,N/A
CNNW_20210110_050000_CNN_Newsroom_Live.frames1fps/003421.jpg,No,.95,N/A,No,.95,N/A
CNNW_20210110_050000_CNN_Newsroom_Live.frames1fps/003422.jpg,No,.95,N/A,No,.95,N/A
CNNW_20210110_050000_CNN_Newsroom_Live.frames1fps/003423.jpg,No,.95,N/A,No,.95,N/A
CNNW_20210110_050000_CNN_Newsroom_Live.frames1fps/003424.jpg,No,.95,N/A,No,.95,N/A
CNNW_20210110_050000_CNN_Newsroom_Live.frames1fps/003425.jpg,No,.95,N/A,No,.95,N/A
CNNW_20210110_050000_CNN_Newsroom_Live.frames1fps/003426.jpg,No,.95,N/A,No,.95,N/A
CNNW_20210110_050000_CNN_Newsroom_Live.frames1fps/003427.jpg,No,.95,N/A,No,.95,N/A
CNNW_20210110_050000_CNN_Newsroom_Live.frames1fps/003428.jpg,No,.95,N/A,No,.95,N/A
CNNW_20210110_050000_CNN_Newsroom_Live.frames1fps/003429.jpg,No,.95,N/A,No,.95,N/A
CNNW_20210110_050000_CNN_Newsroom_Live.frames1fps/003430.jpg,No,.95,N/A,No,.95,N/A
CNNW_20210110_050000_CNN_Newsroom_Live.frames1fps/003431.jpg,No,.95,N/A,No,.95,N/A
CNNW_20210110_050000_CNN_Newsroom_Live.frames1fps/003432.jpg,No,.95,N/A,No,.95,N/A
CNNW_20210110_050000_CNN_Newsroom_Live.frames1fps/003433.jpg,No,.95,N/A,No,.95,N/A
CNNW_20210110_050000_CNN_Newsroom_Live.frames1fps/003434.jpg,No,.95,N/A,No,.95,N/A
CNNW_20210110_050000_CNN_Newsroom_Live.frames1fps/003435.jpg,No,.95,N/A,No,.95,N/A
CNNW_20210110_050000_CNN_Newsroom_Live.frames1fps/003436.jpg,No,.95,N/A,No,.95,N/A
CNNW_20210110_050000_CNN_Newsroom_Live.frames1fps/003437.jpg,No,.95,N/A,No,.95,N/A
CNNW_20210110_050000_CNN_Newsroom_Live.frames1fps/003438.jpg,No,.95,N/A,No,.95,N/A
CNNW_20210110_050000_CNN_Newsroom_Live.frames1fps/003439.jpg,No,.95,N/A,No,.95,N/A
CNNW_20210110_050000_CNN_Newsroom_Live.frames1fps/003440.jpg,No,.95,N/A,No,.95,N/A
CNNW_20210110_050000_CNN_Newsroom_Live.frames1fps/003441.jpg,No,.95,N/A,No,.95,N/A
CNNW_20210110_050000_CNN_Newsroom_Live.frames1fps/003442.jpg,No,.95,N/A,No,.95,N/A
CNNW_20210110_050000_CNN_Newsroom_Live.frames1fps/003443.jpg,No,.95,N/A,No,.95,N/A
CNNW_20210110_050000_CNN_Newsroom_Live.frames1fps/003444.jpg,No,.95,N/A,No,.95,N/A
CNNW_20210110_050000_CNN_Newsroom_Live.frames1fps/003445.jpg,No,.95,N/A,No,.95,N/A
CNNW_20210110_050000_CNN_Newsroom_Live.frames1fps/003446.jpg,No,.95,N/A,No,.95,N/A
CNNW_20210110_050000_CNN_Newsroom_Live.frames1fps/003447.jpg,No,.95,N/A,No,.95,N/A
CNNW_20210110_050000_CNN_Newsroom_Live.frames1fps/003448.jpg,No,.95,N/A,No,.95,N/A
CNNW_20210110_050000_CNN_Newsroom_Live.frames1fps/003449.jpg,No,.95,N/A,No,.95,N/A
CNNW_20210110_050000_CNN_Newsroom_Live.frames1fps/003450.jpg,No,.95,N/A,No,.95,N/A
CNNW_20210110_050000_CNN_Newsroom_Live.frames1fps/003451.jpg,No,.95,N/A,No,.95,N/A
CNNW_20210110_050000_CNN_Newsroom_Live.frames1fps/003452.jpg,No,.95,N/A,No,.95,N/A
CNNW_20210110_050000_CNN_Newsroom_Live.frames1fps/003453.jpg,No,.95,N/A,No,.95,N/A
CNNW_20210110_050000_CNN_Newsroom_Live.frames1fps/003454.jpg,No,.95,N/A,No,.95,N/A
CNNW_20210110_050000_CNN_Newsroom_Live.frames1fps/003455.jpg,No,.95,N/A,No,.95,N/A
CNNW_20210110_050000_CNN_Newsroom_Live.frames1fps/003456.jpg,No,.95,N/A,No,.95,N/A
CNNW_20210110_050000_CNN_Newsroom_Live.frames1fps/003457.jpg,No,.95,N/A,No,.95,N/A
CNNW_20210110_050000_CNN_Newsroom_Live.frames1fps/003458.jpg,No,.95,N/A,No,.95,N/A
CNNW_20210110_050000_CNN_Newsroom_Live.frames1fps/003459.jpg,No,.95,N/A,No,.95,N/A
CNNW_20210110_050000_CNN_Newsroom_Live.frames1fps/003460.jpg,No,.95,N/A,No,.95,N/A
CNNW_20210110_050000_CNN_Newsroom_Live.frames1fps/003461.jpg,No,.95,N/A,No,.95,N/A
CNNW_20210110_050000_CNN_Newsroom_Live.frames1fps/003462.jpg,No,.95,N/A,No,.95,N/A
CNNW_20210110_050000_CNN_Newsroom_Live.frames1fps/003463.jpg,No,.95,N/A,No,.95,N/A
CNNW_20210110_050000_CNN_Newsroom_Live.frames1fps/003464.jpg,No,.95,N/A,No,.95,N/A
CNNW_20210110_050000_CNN_Newsroom_Live.frames1fps/003465.jpg,No,.95,N/A,No,.95,N/A
CNNW_20210110_050000_CNN_Newsroom_Live.frames1fps/003466.jpg,No,.95,N/A,No,.95,N/A
CNNW_20210110_050000_CNN_Newsroom_Live.frames1fps/003467.jpg,No,.95,N/A,No,.95,N/A
CNNW_20210110_050000_CNN_Newsroom_Live.frames1fps/003468.jpg,No,.95,N/A,No,.95,N/A
CNNW_20210110_050000_CNN_Newsroom_Live.frames1fps/003469.jpg,No,.95,N/A,No,.95,N/A
CNNW_20210110_050000_CNN_Newsroom_Live.frames1fps/003470.jpg,No,.95,N/A,No,.95,N/A
CNNW_20210110_050000_CNN_Newsroom_Live.frames1fps/003471.jpg,No,.95,N/A,No,.95,N/A
CNNW_20210110_050000_CNN_Newsroom_Live.frames1fps/003472.jpg,No,.95,N/A,No,.95,N/A
CNNW_20210110_050000_CNN_Newsroom_Live.frames1fps/003473.jpg,No,.95,N/A,No,.95,N/A
CNNW_20210110_050000_CNN_Newsroom_Live.frames1fps/003474.jpg,No,.95,N/A,No,.95,N/A
CNNW_20210110_050000_CNN_Newsroom_Live.frames1fps/003475.jpg,No,.95,N/A,No,.95,N/A
CNNW_20210110_050000_CNN_Newsroom_Live.frames1fps/003476.jpg,No,.98,N/A,No,.98,N/A
CNNW_20210110_050000_CNN_Newsroom_Live.frames1fps/003477.jpg,No,.95,N/A,No,.95,N/A
CNNW_20210110_050000_CNN_Newsroom_Live.frames1fps/003478.jpg,No,.95,N/A,No,.95,N/A
CNNW_20210110_050000_CNN_Newsroom_Live.frames1fps/003479.jpg,No,.95,N/A,No,.95,N/A
CNNW_20210110_050000_CNN_Newsroom_Live.frames1fps/003480.jpg,No,.98,N/A,No,.98,N/A
CNNW_20210110_050000_CNN_Newsroom_Live.frames1fps/003481.jpg,No,.98,N/A,No,.98,N/A
CNNW_20210110_050000_CNN_Newsroom_Live.frames1fps/003482.jpg,No,1,N/A,No,1,N/A
CNNW_20210110_050000_CNN_Newsroom_Live.frames1fps/003483.jpg,No,.95,N/A,No,.95,N/A
CNNW_20210110_050000_CNN_Newsroom_Live.frames1fps/003484.jpg,No,.98,N/A,No,.98,N/A
CNNW_20210110_050000_CNN_Newsroom_Live.frames1fps/003485.jpg,No,.95,N/A,No,.95,N/A
CNNW_20210110_050000_CNN_Newsroom_Live.frames1fps/003486.jpg,No,.95,N/A,No,.95,N/A
CNNW_20210110_050000_CNN_Newsroom_Live.frames1fps/003487.jpg,No,.95,N/A,No,.95,N/A
CNNW_20210110_050000_CNN_Newsroom_Live.frames1fps/003488.jpg,No,.95,N/A,No,.95,N/A
CNNW_20210110_050000_CNN_Newsroom_Live.frames1fps/003489.jpg,No,.95,N/A,No,.95,N/A
CNNW_20210110_050000_CNN_Newsroom_Live.frames1fps/003490.jpg,No,.98,N/A,No,.98,N/A
CNNW_20210110_050000_CNN_Newsroom_Live.frames1fps/003491.jpg,No,.95,N/A,No,.95,N/A
CNNW_20210110_050000_CNN_Newsroom_Live.frames1fps/003492.jpg,No,.95,N/A,No,.95,N/A
CNNW_20210110_050000_CNN_Newsroom_Live.frames1fps/003493.jpg,No,.95,N/A,No,.95,N/A
CNNW_20210110_050000_CNN_Newsroom_Live.frames1fps/003494.jpg,No,.95,N/A,No,.95,N/A
CNNW_20210110_050000_CNN_Newsroom_Live.frames1fps/003495.jpg,No,.95,N/A,No,.95,N/A
CNNW_20210110_050000_CNN_Newsroom_Live.frames1fps/003496.jpg,No,.95,N/A,No,.95,N/A
CNNW_20210110_050000_CNN_Newsroom_Live.frames1fps/003497.jpg,No,.95,N/A,No,.95,N/A
CNNW_20210110_050000_CNN_Newsroom_Live.frames1fps/003498.jpg,No,.95,N/A,No,.95,N/A
CNNW_20210110_050000_CNN_Newsroom_Live.frames1fps/003499.jpg,No,.95,N/A,No,.95,N/A
CNNW_20210110_050000_CNN_Newsroom_Live.frames1fps/003500.jpg,No,.95,N/A,No,.95,N/A
CNNW_20210110_050000_CNN_Newsroom_Live.frames1fps/003501.jpg,No,.95,N/A,No,.95,N/A
CNNW_20210110_050000_CNN_Newsroom_Live.frames1fps/003502.jpg,No,.95,N/A,No,.95,N/A
CNNW_20210110_050000_CNN_Newsroom_Live.frames1fps/003503.jpg,No,.95,N/A,No,.95,N/A
CNNW_20210110_050000_CNN_Newsroom_Live.frames1fps/003504.jpg,No,.95,N/A,No,.95,N/A
CNNW_20210110_050000_CNN_Newsroom_Live.frames1fps/003505.jpg,No,.95,N/A,No,.95,N/A
CNNW_20210110_050000_CNN_Newsroom_Live.frames1fps/003506.jpg,No,.95,N/A,No,.95,N/A
CNNW_20210110_050000_CNN_Newsroom_Live.frames1fps/003507.jpg,No,.95,N/A,No,.95,N/A
CNNW_20210110_050000_CNN_Newsroom_Live.frames1fps/003508.jpg,No,.95,N/A,No,.95,N/A
CNNW_20210110_050000_CNN_Newsroom_Live.frames1fps/003509.jpg,No,.95,N/A,No,.95,N/A
CNNW_20210110_050000_CNN_Newsroom_Live.frames1fps/003510.jpg,No,.95,N/A,No,.95,N/A
CNNW_20210110_050000_CNN_Newsroom_Live.frames1fps/003511.jpg,No,.95,N/A,No,.95,N/A
CNNW_20210110_050000_CNN_Newsroom_Live.frames1fps/003512.jpg,No,.95,N/A,No,.95,N/A
CNNW_20210110_050000_CNN_Newsroom_Live.frames1fps/003513.jpg,No,.95,N/A,No,.95,N/A
CNNW_20210110_050000_CNN_Newsroom_Live.frames1fps/003514.jpg,No,.95,N/A,No,.95,N/A
CNNW_20210110_050000_CNN_Newsroom_Live.frames1fps/003515.jpg,No,.95,N/A,No,.95,N/A
CNNW_20210110_050000_CNN_Newsroom_Live.frames1fps/003516.jpg,No,.95,N/A,No,.95,N/A
CNNW_20210110_050000_CNN_Newsroom_Live.frames1fps/003517.jpg,No,.95,N/A,No,.95,N/A
CNNW_20210110_050000_CNN_Newsroom_Live.frames1fps/003518.jpg,No,.95,N/A,No,.95,N/A
CNNW_20210110_050000_CNN_Newsroom_Live.frames1fps/003519.jpg,No,.95,N/A,No,.95,N/A
CNNW_20210110_050000_CNN_Newsroom_Live.frames1fps/003520.jpg,No,.95,N/A,No,.95,N/A
CNNW_20210110_050000_CNN_Newsroom_Live.frames1fps/003521.jpg,No,.95,N/A,No,.95,N/A
CNNW_20210110_050000_CNN_Newsroom_Live.frames1fps/003522.jpg,No,.95,N/A,No,.95,N/A
CNNW_20210110_050000_CNN_Newsroom_Live.frames1fps/003523.jpg,No,.95,N/A,No,.95,N/A
CNNW_20210110_050000_CNN_Newsroom_Live.frames1fps/003524.jpg,No,.95,N/A,No,.95,N/A
CNNW_20210110_050000_CNN_Newsroom_Live.frames1fps/003525.jpg,No,.95,N/A,No,.95,N/A
CNNW_20210110_050000_CNN_Newsroom_Live.frames1fps/003526.jpg,No,.95,N/A,No,.95,N/A
CNNW_20210110_050000_CNN_Newsroom_Live.frames1fps/003527.jpg,No,.95,N/A,No,.95,N/A
CNNW_20210110_050000_CNN_Newsroom_Live.frames1fps/003528.jpg,No,.95,N/A,No,.95,N/A
CNNW_20210110_050000_CNN_Newsroom_Live.frames1fps/003529.jpg,No,.95,N/A,No,.95,N/A
CNNW_20210110_050000_CNN_Newsroom_Live.frames1fps/003530.jpg,No,.95,N/A,No,.95,N/A
CNNW_20210110_050000_CNN_Newsroom_Live.frames1fps/003531.jpg,No,.95,N/A,No,.95,N/A
CNNW_20210110_050000_CNN_Newsroom_Live.frames1fps/003532.jpg,No,.95,N/A,No,.95,N/A
CNNW_20210110_050000_CNN_Newsroom_Live.frames1fps/003533.jpg,No,.95,N/A,No,.95,N/A
CNNW_20210110_050000_CNN_Newsroom_Live.frames1fps/003534.jpg,No,.95,N/A,No,.95,N/A
CNNW_20210110_050000_CNN_Newsroom_Live.frames1fps/003535.jpg,No,.95,N/A,No,.95,N/A
CNNW_20210110_050000_CNN_Newsroom_Live.frames1fps/003536.jpg,No,.95,N/A,No,.95,N/A
CNNW_20210110_050000_CNN_Newsroom_Live.frames1fps/003537.jpg,No,.95,N/A,No,.95,N/A
CNNW_20210110_050000_CNN_Newsroom_Live.frames1fps/003538.jpg,No,.95,N/A,No,.95,N/A
CNNW_20210110_050000_CNN_Newsroom_Live.frames1fps/003539.jpg,No,.95,N/A,No,.95,N/A
CNNW_20210110_050000_CNN_Newsroom_Live.frames1fps/003540.jpg,No,.95,N/A,No,.95,N/A
CNNW_20210110_050000_CNN_Newsroom_Live.frames1fps/003541.jpg,No,.95,N/A,No,.95,N/A
CNNW_20210110_050000_CNN_Newsroom_Live.frames1fps/003542.jpg,No,.95,N/A,No,.95,N/A
CNNW_20210110_050000_CNN_Newsroom_Live.frames1fps/003543.jpg,No,.95,N/A,No,.95,N/A
CNNW_20210110_050000_CNN_Newsroom_Live.frames1fps/003544.jpg,No,.95,N/A,No,.95,N/A
CNNW_20210110_050000_CNN_Newsroom_Live.frames1fps/003545.jpg,No,.95,N/A,No,.95,N/A
CNNW_20210110_050000_CNN_Newsroom_Live.frames1fps/003546.jpg,No,.98,N/A,No,.98,N/A
CNNW_20210110_050000_CNN_Newsroom_Live.frames1fps/003547.jpg,No,1,N/A,No,1,N/A
CNNW_20210110_050000_CNN_Newsroom_Live.frames1fps/003548.jpg,No,.95,N/A,No,.95,N/A
CNNW_20210110_050000_CNN_Newsroom_Live.frames1fps/003549.jpg,No,.95,N/A,No,.95,N/A
CNNW_20210110_050000_CNN_Newsroom_Live.frames1fps/003550.jpg,No,.95,N/A,No,.95,N/A
CNNW_20210110_050000_CNN_Newsroom_Live.frames1fps/003551.jpg,No,.95,N/A,No,.95,N/A
CNNW_20210110_050000_CNN_Newsroom_Live.frames1fps/003552.jpg,No,.95,N/A,No,.95,N/A
CNNW_20210110_050000_CNN_Newsroom_Live.frames1fps/003553.jpg,No,.95,N/A,No,.95,N/A
CNNW_20210110_050000_CNN_Newsroom_Live.frames1fps/003554.jpg,No,.95,N/A,No,.95,N/A
CNNW_20210110_050000_CNN_Newsroom_Live.frames1fps/003555.jpg,No,.95,N/A,No,.95,N/A
CNNW_20210110_050000_CNN_Newsroom_Live.frames1fps/003556.jpg,No,.95,N/A,No,.95,N/A
CNNW_20210110_050000_CNN_Newsroom_Live.frames1fps/003557.jpg,No,.95,N/A,No,.95,N/A
CNNW_20210110_050000_CNN_Newsroom_Live.frames1fps/003558.jpg,No,.95,N/A,No,.95,N/A
CNNW_20210110_050000_CNN_Newsroom_Live.frames1fps/003559.jpg,No,.95,N/A,No,.95,N/A
CNNW_20210110_050000_CNN_Newsroom_Live.frames1fps/003560.jpg,No,.95,N/A,No,.95,N/A
CNNW_20210110_050000_CNN_Newsroom_Live.frames1fps/003561.jpg,No,.95,N/A,No,.95,N/A
CNNW_20210110_050000_CNN_Newsroom_Live.frames1fps/003562.jpg,No,.95,N/A,No,.95,N/A
CNNW_20210110_050000_CNN_Newsroom_Live.frames1fps/003563.jpg,No,.95,N/A,No,.95,N/A
CNNW_20210110_050000_CNN_Newsroom_Live.frames1fps/003564.jpg,No,.95,N/A,No,.95,N/A
CNNW_20210110_050000_CNN_Newsroom_Live.frames1fps/003565.jpg,No,.95,N/A,No,.95,N/A
CNNW_20210110_050000_CNN_Newsroom_Live.frames1fps/003566.jpg,No,.95,N/A,No,.95,N/A
CNNW_20210110_050000_CNN_Newsroom_Live.frames1fps/003567.jpg,No,.95,N/A,No,.95,N/A
CNNW_20210110_050000_CNN_Newsroom_Live.frames1fps/003568.jpg,No,.95,N/A,No,.95,N/A
CNNW_20210110_050000_CNN_Newsroom_Live.frames1fps/003569.jpg,No,.95,N/A,No,.95,N/A
CNNW_20210110_050000_CNN_Newsroom_Live.frames1fps/003570.jpg,No,.95,N/A,No,.95,N/A
CNNW_20210110_050000_CNN_Newsroom_Live.frames1fps/003571.jpg,No,.95,N/A,No,.95,N/A
CNNW_20210110_050000_CNN_Newsroom_Live.frames1fps/003572.jpg,No,.95,N/A,No,.95,N/A
CNNW_20210110_050000_CNN_Newsroom_Live.frames1fps/003573.jpg,No,.95,N/A,No,.95,N/A
CNNW_20210110_050000_CNN_Newsroom_Live.frames1fps/003574.jpg,No,.95,N/A,No,.95,N/A
CNNW_20210110_050000_CNN_Newsroom_Live.frames1fps/003575.jpg,No,.95,N/A,No,.95,N/A
CNNW_20210110_050000_CNN_Newsroom_Live.frames1fps/003576.jpg,No,.95,N/A,No,.95,N/A
CNNW_20210110_050000_CNN_Newsroom_Live.frames1fps/003577.jpg,No,.95,N/A,No,.95,N/A
CNNW_20210110_050000_CNN_Newsroom_Live.frames1fps/003578.jpg,No,.95,N/A,No,.95,N/A
CNNW_20210110_050000_CNN_Newsroom_Live.frames1fps/003579.jpg,No,.95,N/A,No,.95,N/A
CNNW_20210110_050000_CNN_Newsroom_Live.frames1fps/003580.jpg,No,.95,N/A,No,.95,N/A
CNNW_20210110_050000_CNN_Newsroom_Live.frames1fps/003581.jpg,No,.95,N/A,No,.95,N/A
CNNW_20210110_050000_CNN_Newsroom_Live.frames1fps/003582.jpg,No,.95,N/A,No,.95,N/A
CNNW_20210110_050000_CNN_Newsroom_Live.frames1fps/003583.jpg,No,.95,N/A,No,.95,N/A
CNNW_20210110_050000_CNN_Newsroom_Live.frames1fps/003584.jpg,No,.95,N/A,No,.95,N/A
CNNW_20210110_050000_CNN_Newsroom_Live.frames1fps/003585.jpg,No,.95,N/A,No,.95,N/A
CNNW_20210110_050000_CNN_Newsroom_Live.frames1fps/003586.jpg,No,.95,N/A,No,.95,N/A
CNNW_20210110_050000_CNN_Newsroom_Live.frames1fps/003587.jpg,No,.95,N/A,No,.95,N/A
CNNW_20210110_050000_CNN_Newsroom_Live.frames1fps/003588.jpg,No,.95,N/A,No,.95,N/A
CNNW_20210110_050000_CNN_Newsroom_Live.frames1fps/003589.jpg,No,.95,N/A,No,.95,N/A
CNNW_20210110_050000_CNN_Newsroom_Live.frames1fps/003590.jpg,No,.95,N/A,No,.95,N/A
CNNW_20210110_050000_CNN_Newsroom_Live.frames1fps/003591.jpg,No,.95,N/A,No,.95,N/A
CNNW_20210110_050000_CNN_Newsroom_Live.frames1fps/003592.jpg,No,.95,N/A,No,.95,N/A
CNNW_20210110_050000_CNN_Newsroom_Live.frames1fps/003593.jpg,No,.95,N/A,No,.95,N/A
CNNW_20210110_050000_CNN_Newsroom_Live.frames1fps/003594.jpg,No,.95,N/A,No,.95,N/A
CNNW_20210110_050000_CNN_Newsroom_Live.frames1fps/003595.jpg,No,.95,N/A,No,.95,N/A
CNNW_20210110_050000_CNN_Newsroom_Live.frames1fps/003596.jpg,No,.95,N/A,No,.95,N/A
CNNW_20210110_050000_CNN_Newsroom_Live.frames1fps/003597.jpg,No,.95,N/A,No,.95,N/A
CNNW_20210110_050000_CNN_Newsroom_Live.frames1fps/003598.jpg,No,.95,N/A,No,.95,N/A
CNNW_20210110_050000_CNN_Newsroom_Live.frames1fps/003599.jpg,No,1,N/A,No,1,N/A
CNNW_20210110_050000_CNN_Newsroom_Live.frames1fps/003600.jpg,No,1,N/A,No,1,N/A
CNNW_20210110_050000_CNN_Newsroom_Live.frames1fps/003601.jpg,No,.95,N/A,No,.95,N/A
CNNW_20210110_050000_CNN_Newsroom_Live.frames1fps/003602.jpg,No,.95,N/A,No,.95,N/A
CNNW_20210110_050000_CNN_Newsroom_Live.frames1fps/003603.jpg,No,.95,N/A,No,.95,N/A
CNNW_20210110_050000_CNN_Newsroom_Live.frames1fps/003604.jpg,No,.95,N/A,No,.95,N/A
CNNW_20210110_050000_CNN_Newsroom_Live.frames1fps/003605.jpg,No,.95,N/A,No,.95,N/A
CNNW_20210110_050000_CNN_Newsroom_Live.frames1fps/003606.jpg,No,.95,N/A,No,.95,N/A
CNNW_20210110_050000_CNN_Newsroom_Live.frames1fps/003607.jpg,No,.95,N/A,No,.95,N/A
CNNW_20210110_050000_CNN_Newsroom_Live.frames1fps/003608.jpg,No,.95,N/A,No,.95,N/A
CNNW_20210110_050000_CNN_Newsroom_Live.frames1fps/003609.jpg,No,.95,N/A,No,.95,N/A
CNNW_20210110_050000_CNN_Newsroom_Live.frames1fps/003610.jpg,No,.95,N/A,No,.95,N/A
CNNW_20210110_050000_CNN_Newsroom_Live.frames1fps/003611.jpg,No,.95,N/A,No,.95,N/A
CNNW_20210110_050000_CNN_Newsroom_Live.frames1fps/003612.jpg,No,.95,N/A,No,.95,N/A
CNNW_20210110_050000_CNN_Newsroom_Live.frames1fps/003613.jpg,No,.95,N/A,No,.95,N/A
CNNW_20210110_050000_CNN_Newsroom_Live.frames1fps/003614.jpg,No,.95,N/A,No,.95,N/A
CNNW_20210110_050000_CNN_Newsroom_Live.frames1fps/003615.jpg,No,.95,N/A,No,.95,N/A
CNNW_20210110_050000_CNN_Newsroom_Live.frames1fps/003616.jpg,No,.98,N/A,No,.98,N/A
CNNW_20210110_050000_CNN_Newsroom_Live.frames1fps/003617.jpg,No,.95,N/A,No,.95,N/A
CNNW_20210110_050000_CNN_Newsroom_Live.frames1fps/003618.jpg,No,.95,N/A,No,.95,N/A
CNNW_20210110_050000_CNN_Newsroom_Live.frames1fps/003619.jpg,No,.95,N/A,No,.95,N/A
CNNW_20210110_050000_CNN_Newsroom_Live.frames1fps/003620.jpg,No,.95,N/A,No,.95,N/A
CNNW_20210110_050000_CNN_Newsroom_Live.frames1fps/003621.jpg,No,.98,N/A,No,.98,N/A
CNNW_20210110_050000_CNN_Newsroom_Live.frames1fps/003622.jpg,No,.95,N/A,No,.95,N/A
CNNW_20210110_050000_CNN_Newsroom_Live.frames1fps/003623.jpg,No,.98,N/A,No,.98,N/A
CNNW_20210110_050000_CNN_Newsroom_Live.frames1fps/003624.jpg,No,.95,N/A,No,.95,N/A
CNNW_20210110_050000_CNN_Newsroom_Live.frames1fps/003625.jpg,No,.95,N/A,No,.95,N/A
CNNW_20210110_050000_CNN_Newsroom_Live.frames1fps/003626.jpg,No,.95,N/A,No,.95,N/A
CNNW_20210110_050000_CNN_Newsroom_Live.frames1fps/003627.jpg,No,.98,N/A,No,.98,N/A
CNNW_20210110_050000_CNN_Newsroom_Live.frames1fps/003628.jpg,No,.95,N/A,No,.95,N/A
CNNW_20210110_050000_CNN_Newsroom_Live.frames1fps/003629.jpg,No,.95,N/A,No,.95,N/A
CNNW_20210110_050000_CNN_Newsroom_Live.frames1fps/003630.jpg,No,.98,N/A,No,.98,N/A
CNNW_20210110_050000_CNN_Newsroom_Live.frames1fps/003631.jpg,No,.98,N/A,No,.98,N/A
CNNW_20210110_050000_CNN_Newsroom_Live.frames1fps/003632.jpg,No,.98,N/A,No,.98,N/A
CNNW_20210110_050000_CNN_Newsroom_Live.frames1fps/003633.jpg,No,.98,N/A,No,.98,N/A
CNNW_20210110_050000_CNN_Newsroom_Live.frames1fps/003634.jpg,No,.95,N/A,No,.95,N/A
CNNW_20210110_050000_CNN_Newsroom_Live.frames1fps/003635.jpg,No,.95,N/A,No,.95,N/A
CNNW_20210110_050000_CNN_Newsroom_Live.frames1fps/003636.jpg,No,.95,N/A,No,.95,N/A
CNNW_20210110_050000_CNN_Newsroom_Live.frames1fps/003637.jpg,No,.98,N/A,No,.98,N/A
CNNW_20210110_050000_CNN_Newsroom_Live.frames1fps/003638.jpg,No,.95,N/A,No,.95,N/A
CNNW_20210110_050000_CNN_Newsroom_Live.frames1fps/003639.jpg,No,.95,N/A,No,.95,N/A
CNNW_20210110_050000_CNN_Newsroom_Live.frames1fps/003640.jpg,No,.95,N/A,No,.95,N/A
CNNW_20210110_050000_CNN_Newsroom_Live.frames1fps/003641.jpg,No,.98,N/A,No,.98,N/A
CNNW_20210110_050000_CNN_Newsroom_Live.frames1fps/003642.jpg,No,.98,N/A,No,.98,N/A
CNNW_20210110_050000_CNN_Newsroom_Live.frames1fps/003643.jpg,No,.98,N/A,No,.98,N/A
CNNW_20210110_050000_CNN_Newsroom_Live.frames1fps/003644.jpg,No,.98,N/A,No,.98,N/A
CNNW_20210110_050000_CNN_Newsroom_Live.frames1fps/003645.jpg,No,.95,N/A,No,.95,N/A
CNNW_20210110_050000_CNN_Newsroom_Live.frames1fps/003646.jpg,No,.95,N/A,No,.95,N/A
CNNW_20210110_050000_CNN_Newsroom_Live.frames1fps/003647.jpg,No,.95,N/A,No,.95,N/A
CNNW_20210110_050000_CNN_Newsroom_Live.frames1fps/003648.jpg,No,.95,N/A,No,.95,N/A
CNNW_20210110_050000_CNN_Newsroom_Live.frames1fps/003649.jpg,No,.98,N/A,No,.98,N/A
CNNW_20210110_050000_CNN_Newsroom_Live.frames1fps/003650.jpg,No,.95,N/A,No,.95,N/A
CNNW_20210110_050000_CNN_Newsroom_Live.frames1fps/003651.jpg,No,.95,N/A,No,.95,N/A
CNNW_20210110_050000_CNN_Newsroom_Live.frames1fps/003652.jpg,No,.95,N/A,No,.95,N/A
CNNW_20210110_050000_CNN_Newsroom_Live.frames1fps/003653.jpg,No,.95,N/A,No,.95,N/A
CNNW_20210110_050000_CNN_Newsroom_Live.frames1fps/003654.jpg,No,.95,N/A,No,.95,N/A
CNNW_20210110_050000_CNN_Newsroom_Live.frames1fps/003655.jpg,No,.95,N/A,No,.95,N/A
CNNW_20210110_050000_CNN_Newsroom_Live.frames1fps/003656.jpg,No,.95,N/A,No,.95,N/A
CNNW_20210110_050000_CNN_Newsroom_Live.frames1fps/003657.jpg,No,.95,N/A,No,.95,N/A
CNNW_20210110_050000_CNN_Newsroom_Live.frames1fps/003658.jpg,No,.95,N/A,No,.95,N/A
CNNW_20210110_050000_CNN_Newsroom_Live.frames1fps/003659.jpg,No,.95,N/A,No,.95,N/A
CNNW_20210110_050000_CNN_Newsroom_Live.frames1fps/003660.jpg,No,.98,N/A,No,.98,N/A
